TimeQuest Timing Analyzer report for mcu
Tue Apr 29 15:05:52 2025
Quartus II 64-Bit Version 13.1.0 Build 162 10/23/2013 SJ Web Edition


---------------------
; Table of Contents ;
---------------------
  1. Legal Notice
  2. TimeQuest Timing Analyzer Summary
  3. Parallel Compilation
  4. SDC File List
  5. Clocks
  6. Slow 1200mV 85C Model Fmax Summary
  7. Timing Closure Recommendations
  8. Slow 1200mV 85C Model Setup Summary
  9. Slow 1200mV 85C Model Hold Summary
 10. Slow 1200mV 85C Model Recovery Summary
 11. Slow 1200mV 85C Model Removal Summary
 12. Slow 1200mV 85C Model Minimum Pulse Width Summary
 13. Propagation Delay
 14. Minimum Propagation Delay
 15. Slow 1200mV 85C Model Metastability Report
 16. Slow 1200mV 0C Model Fmax Summary
 17. Slow 1200mV 0C Model Setup Summary
 18. Slow 1200mV 0C Model Hold Summary
 19. Slow 1200mV 0C Model Recovery Summary
 20. Slow 1200mV 0C Model Removal Summary
 21. Slow 1200mV 0C Model Minimum Pulse Width Summary
 22. Propagation Delay
 23. Minimum Propagation Delay
 24. Slow 1200mV 0C Model Metastability Report
 25. Fast 1200mV 0C Model Setup Summary
 26. Fast 1200mV 0C Model Hold Summary
 27. Fast 1200mV 0C Model Recovery Summary
 28. Fast 1200mV 0C Model Removal Summary
 29. Fast 1200mV 0C Model Minimum Pulse Width Summary
 30. Propagation Delay
 31. Minimum Propagation Delay
 32. Fast 1200mV 0C Model Metastability Report
 33. Multicorner Timing Analysis Summary
 34. Propagation Delay
 35. Minimum Propagation Delay
 36. Board Trace Model Assignments
 37. Input Transition Times
 38. Slow Corner Signal Integrity Metrics
 39. Fast Corner Signal Integrity Metrics
 40. Clock Transfers
 41. Report TCCS
 42. Report RSKM
 43. Unconstrained Paths
 44. TimeQuest Timing Analyzer Messages



----------------
; Legal Notice ;
----------------
Copyright (C) 1991-2013 Altera Corporation
Your use of Altera Corporation's design tools, logic functions 
and other software and tools, and its AMPP partner logic 
functions, and any output files from any of the foregoing 
(including device programming or simulation files), and any 
associated documentation or information are expressly subject 
to the terms and conditions of the Altera Program License 
Subscription Agreement, Altera MegaCore Function License 
Agreement, or other applicable license agreement, including, 
without limitation, that your use is for the sole purpose of 
programming logic devices manufactured by Altera and sold by 
Altera or its authorized distributors.  Please refer to the 
applicable agreement for further details.



+-------------------------------------------------------------------------+
; TimeQuest Timing Analyzer Summary                                       ;
+--------------------+----------------------------------------------------+
; Quartus II Version ; Version 13.1.0 Build 162 10/23/2013 SJ Web Edition ;
; Revision Name      ; mcu                                                ;
; Device Family      ; Cyclone III                                        ;
; Device Name        ; EP3C16F484C6                                       ;
; Timing Models      ; Final                                              ;
; Delay Model        ; Combined                                           ;
; Rise/Fall Delays   ; Enabled                                            ;
+--------------------+----------------------------------------------------+


+------------------------------------------+
; Parallel Compilation                     ;
+----------------------------+-------------+
; Processors                 ; Number      ;
+----------------------------+-------------+
; Number detected on machine ; 12          ;
; Maximum allowed            ; 8           ;
;                            ;             ;
; Average used               ; 1.00        ;
; Maximum used               ; 8           ;
;                            ;             ;
; Usage by Processor         ; % Time Used ;
;     Processor 1            ; 100.0%      ;
;     Processors 2-8         ; < 0.1%      ;
;     Processors 9-12        ;   0.0%      ;
+----------------------------+-------------+


+---------------------------------------------------+
; SDC File List                                     ;
+---------------+--------+--------------------------+
; SDC File Path ; Status ; Read at                  ;
+---------------+--------+--------------------------+
; mcu.sdc       ; OK     ; Tue Apr 29 15:05:51 2025 ;
+---------------+--------+--------------------------+


----------
; Clocks ;
----------
No clocks to report.


--------------------------------------
; Slow 1200mV 85C Model Fmax Summary ;
--------------------------------------
No paths to report.


----------------------------------
; Timing Closure Recommendations ;
----------------------------------
HTML report is unavailable in plain text report export.


---------------------------------------
; Slow 1200mV 85C Model Setup Summary ;
---------------------------------------
No paths to report.


--------------------------------------
; Slow 1200mV 85C Model Hold Summary ;
--------------------------------------
No paths to report.


------------------------------------------
; Slow 1200mV 85C Model Recovery Summary ;
------------------------------------------
No paths to report.


-----------------------------------------
; Slow 1200mV 85C Model Removal Summary ;
-----------------------------------------
No paths to report.


-----------------------------------------------------
; Slow 1200mV 85C Model Minimum Pulse Width Summary ;
-----------------------------------------------------
No paths to report.


+--------------------------------------------------------------+
; Propagation Delay                                            ;
+------------+-------------+--------+--------+--------+--------+
; Input Port ; Output Port ; RR     ; RF     ; FR     ; FF     ;
+------------+-------------+--------+--------+--------+--------+
; SW[0]      ; HEX0[0]     ; 9.580  ; 9.574  ; 10.063 ; 10.060 ;
; SW[0]      ; HEX0[1]     ; 10.556 ; 10.635 ; 11.013 ; 11.124 ;
; SW[0]      ; HEX0[2]     ; 10.099 ; 10.160 ; 10.556 ; 10.649 ;
; SW[0]      ; HEX0[3]     ; 10.074 ; 10.111 ; 10.563 ; 10.600 ;
; SW[0]      ; HEX0[4]     ; 10.079 ; 10.110 ; 10.568 ; 10.567 ;
; SW[0]      ; HEX0[5]     ; 10.033 ; 10.121 ; 10.522 ; 10.599 ;
; SW[0]      ; HEX0[6]     ; 10.077 ; 10.146 ; 10.548 ; 10.635 ;
; SW[0]      ; LED[0]      ; 8.503  ;        ;        ; 8.949  ;
; SW[0]      ; LED[1]      ; 8.492  ; 8.469  ; 8.946  ; 8.955  ;
; SW[1]      ; HEX0[0]     ; 9.060  ; 9.054  ; 9.513  ; 9.510  ;
; SW[1]      ; HEX0[1]     ; 10.036 ; 10.115 ; 10.463 ; 10.574 ;
; SW[1]      ; HEX0[2]     ; 9.579  ; 9.640  ; 10.006 ; 10.099 ;
; SW[1]      ; HEX0[3]     ; 9.554  ; 9.591  ; 10.013 ; 10.050 ;
; SW[1]      ; HEX0[4]     ; 9.559  ; 9.590  ; 10.018 ; 10.017 ;
; SW[1]      ; HEX0[5]     ; 9.513  ; 9.601  ; 9.972  ; 10.049 ;
; SW[1]      ; HEX0[6]     ; 9.557  ; 9.626  ; 9.998  ; 10.085 ;
; SW[1]      ; LED[0]      ; 7.983  ;        ;        ; 8.399  ;
; SW[1]      ; LED[1]      ; 7.972  ; 7.949  ; 8.396  ; 8.405  ;
; SW[2]      ; HEX0[0]     ; 8.904  ; 8.898  ; 9.331  ; 9.328  ;
; SW[2]      ; HEX0[1]     ; 9.834  ; 9.913  ; 10.281 ; 10.392 ;
; SW[2]      ; HEX0[2]     ; 9.377  ; 9.438  ; 9.824  ; 9.917  ;
; SW[2]      ; HEX0[3]     ; 9.352  ; 9.389  ; 9.831  ; 9.868  ;
; SW[2]      ; HEX0[4]     ; 9.357  ; 9.388  ; 9.836  ; 9.835  ;
; SW[2]      ; HEX0[5]     ; 9.311  ; 9.399  ; 9.790  ; 9.867  ;
; SW[2]      ; HEX0[6]     ; 9.355  ; 9.424  ; 9.816  ; 9.903  ;
; SW[2]      ; LED[0]      ; 7.781  ;        ;        ; 8.217  ;
; SW[2]      ; LED[1]      ; 7.770  ; 7.747  ; 8.214  ; 8.223  ;
; SW[3]      ; HEX0[0]     ; 8.193  ; 8.190  ; 8.586  ; 8.584  ;
; SW[3]      ; HEX0[1]     ; 9.173  ; 9.254  ; 9.575  ; 9.647  ;
; SW[3]      ; HEX0[2]     ; 8.716  ; 8.779  ; 9.118  ; 9.172  ;
; SW[3]      ; HEX0[3]     ; 8.693  ; 8.730  ; 9.086  ; 9.127  ;
; SW[3]      ; HEX0[4]     ; 8.698  ; 8.727  ; 9.091  ; 9.129  ;
; SW[3]      ; HEX0[5]     ; 8.652  ; 8.738  ; 9.048  ; 9.140  ;
; SW[3]      ; HEX0[6]     ; 8.694  ; 8.765  ; 9.096  ; 9.158  ;
; SW[3]      ; LED[0]      ; 7.119  ;        ;        ; 7.471  ;
; SW[3]      ; LED[1]      ; 7.111  ; 7.090  ; 7.510  ; 7.480  ;
; SW[4]      ; HEX0[0]     ; 9.595  ; 9.592  ; 9.967  ; 9.964  ;
; SW[4]      ; HEX0[1]     ; 10.545 ; 10.656 ; 10.917 ; 11.028 ;
; SW[4]      ; HEX0[2]     ; 10.088 ; 10.181 ; 10.460 ; 10.553 ;
; SW[4]      ; HEX0[3]     ; 10.095 ; 10.132 ; 10.467 ; 10.504 ;
; SW[4]      ; HEX0[4]     ; 10.100 ; 10.099 ; 10.472 ; 10.471 ;
; SW[4]      ; HEX0[5]     ; 10.054 ; 10.131 ; 10.426 ; 10.503 ;
; SW[4]      ; HEX0[6]     ; 10.080 ; 10.167 ; 10.452 ; 10.539 ;
; SW[4]      ; LED[0]      ; 8.436  ; 8.481  ; 8.835  ; 8.853  ;
; SW[4]      ; LED[1]      ; 8.478  ; 8.487  ; 8.850  ; 8.859  ;
; SW[5]      ; HEX0[0]     ; 9.567  ; 9.564  ; 9.987  ; 9.984  ;
; SW[5]      ; HEX0[1]     ; 10.517 ; 10.628 ; 10.937 ; 11.048 ;
; SW[5]      ; HEX0[2]     ; 10.060 ; 10.153 ; 10.480 ; 10.573 ;
; SW[5]      ; HEX0[3]     ; 10.067 ; 10.104 ; 10.487 ; 10.524 ;
; SW[5]      ; HEX0[4]     ; 10.072 ; 10.071 ; 10.492 ; 10.491 ;
; SW[5]      ; HEX0[5]     ; 10.026 ; 10.103 ; 10.446 ; 10.523 ;
; SW[5]      ; HEX0[6]     ; 10.052 ; 10.139 ; 10.472 ; 10.559 ;
; SW[5]      ; LED[0]      ; 8.406  ; 8.453  ; 8.840  ; 8.873  ;
; SW[5]      ; LED[1]      ; 8.450  ; 8.459  ; 8.870  ; 8.879  ;
; SW[6]      ; HEX0[0]     ; 8.908  ; 8.905  ; 9.315  ; 9.312  ;
; SW[6]      ; HEX0[1]     ; 9.858  ; 9.969  ; 10.265 ; 10.376 ;
; SW[6]      ; HEX0[2]     ; 9.401  ; 9.494  ; 9.808  ; 9.901  ;
; SW[6]      ; HEX0[3]     ; 9.408  ; 9.445  ; 9.815  ; 9.852  ;
; SW[6]      ; HEX0[4]     ; 9.413  ; 9.412  ; 9.820  ; 9.819  ;
; SW[6]      ; HEX0[5]     ; 9.367  ; 9.444  ; 9.774  ; 9.851  ;
; SW[6]      ; HEX0[6]     ; 9.393  ; 9.480  ; 9.800  ; 9.887  ;
; SW[6]      ; LED[0]      ; 7.755  ; 7.794  ; 8.180  ; 8.201  ;
; SW[6]      ; LED[1]      ; 7.791  ; 7.800  ; 8.198  ; 8.207  ;
; SW[7]      ; HEX0[0]     ; 8.174  ; 8.171  ; 8.566  ; 8.567  ;
; SW[7]      ; HEX0[1]     ; 9.122  ; 9.235  ; 9.558  ; 9.627  ;
; SW[7]      ; HEX0[2]     ; 8.665  ; 8.760  ; 9.101  ; 9.152  ;
; SW[7]      ; HEX0[3]     ; 8.674  ; 8.711  ; 9.066  ; 9.110  ;
; SW[7]      ; HEX0[4]     ; 8.679  ; 8.676  ; 9.071  ; 9.112  ;
; SW[7]      ; HEX0[5]     ; 8.633  ; 8.710  ; 9.031  ; 9.123  ;
; SW[7]      ; HEX0[6]     ; 8.659  ; 8.746  ; 9.079  ; 9.138  ;
; SW[7]      ; LED[0]      ; 7.055  ; 7.053  ; 7.488  ; 7.422  ;
; SW[7]      ; LED[1]      ; 7.033  ; 7.033  ; 7.462  ; 7.461  ;
; SW[8]      ; HEX0[0]     ; 9.485  ; 9.479  ; 9.986  ; 9.983  ;
; SW[8]      ; HEX0[1]     ; 10.461 ; 10.540 ; 10.936 ; 11.047 ;
; SW[8]      ; HEX0[2]     ; 10.004 ; 10.065 ; 10.479 ; 10.572 ;
; SW[8]      ; HEX0[3]     ; 9.979  ; 10.016 ; 10.486 ; 10.523 ;
; SW[8]      ; HEX0[4]     ; 9.984  ; 10.015 ; 10.491 ; 10.490 ;
; SW[8]      ; HEX0[5]     ; 9.938  ; 10.026 ; 10.445 ; 10.522 ;
; SW[8]      ; HEX0[6]     ; 9.982  ; 10.051 ; 10.471 ; 10.558 ;
; SW[8]      ; LED[0]      ; 8.408  ; 8.045  ; 8.426  ; 8.872  ;
; SW[8]      ; LED[1]      ; 8.397  ; 8.374  ; 8.869  ; 8.878  ;
+------------+-------------+--------+--------+--------+--------+


+----------------------------------------------------------+
; Minimum Propagation Delay                                ;
+------------+-------------+-------+-------+-------+-------+
; Input Port ; Output Port ; RR    ; RF    ; FR    ; FF    ;
+------------+-------------+-------+-------+-------+-------+
; SW[0]      ; HEX0[0]     ; 7.765 ; 7.802 ; 8.135 ; 8.202 ;
; SW[0]      ; HEX0[1]     ; 8.201 ; 8.290 ; 8.571 ; 8.660 ;
; SW[0]      ; HEX0[2]     ; 7.812 ; 7.830 ; 8.212 ; 8.200 ;
; SW[0]      ; HEX0[3]     ; 7.740 ; 7.816 ; 8.110 ; 8.186 ;
; SW[0]      ; HEX0[4]     ; 7.743 ; 7.883 ; 8.113 ; 8.283 ;
; SW[0]      ; HEX0[5]     ; 7.746 ; 7.889 ; 8.116 ; 8.289 ;
; SW[0]      ; HEX0[6]     ; 7.738 ; 7.812 ; 8.108 ; 8.182 ;
; SW[0]      ; LED[0]      ; 8.235 ;       ;       ; 8.674 ;
; SW[0]      ; LED[1]      ; 8.227 ; 8.205 ; 8.673 ; 8.681 ;
; SW[1]      ; HEX0[0]     ; 7.884 ; 7.909 ; 8.251 ; 8.307 ;
; SW[1]      ; HEX0[1]     ; 8.743 ; 8.834 ; 9.107 ; 9.198 ;
; SW[1]      ; HEX0[2]     ; 8.302 ; 8.407 ; 8.666 ; 8.802 ;
; SW[1]      ; HEX0[3]     ; 8.283 ; 8.361 ; 8.647 ; 8.725 ;
; SW[1]      ; HEX0[4]     ; 8.350 ; 8.364 ; 8.745 ; 8.728 ;
; SW[1]      ; HEX0[5]     ; 8.290 ; 8.372 ; 8.654 ; 8.736 ;
; SW[1]      ; HEX0[6]     ; 8.283 ; 8.356 ; 8.647 ; 8.720 ;
; SW[1]      ; LED[0]      ; 7.772 ;       ;       ; 8.177 ;
; SW[1]      ; LED[1]      ; 7.764 ; 7.742 ; 8.176 ; 8.184 ;
; SW[2]      ; HEX0[0]     ; 8.423 ; 8.475 ; 8.822 ; 8.864 ;
; SW[2]      ; HEX0[1]     ; 9.066 ; 9.164 ; 9.465 ; 9.526 ;
; SW[2]      ; HEX0[2]     ; 8.652 ; 8.723 ; 9.029 ; 9.106 ;
; SW[2]      ; HEX0[3]     ; 8.609 ; 8.671 ; 8.978 ; 9.059 ;
; SW[2]      ; HEX0[4]     ; 8.644 ; 8.662 ; 9.006 ; 9.061 ;
; SW[2]      ; HEX0[5]     ; 8.624 ; 8.681 ; 8.986 ; 9.080 ;
; SW[2]      ; HEX0[6]     ; 8.605 ; 8.665 ; 8.978 ; 9.057 ;
; SW[2]      ; LED[0]      ; 7.531 ;       ;       ; 7.925 ;
; SW[2]      ; LED[1]      ; 7.523 ; 7.501 ; 7.924 ; 7.932 ;
; SW[3]      ; HEX0[0]     ; 7.908 ; 7.912 ; 8.289 ; 8.302 ;
; SW[3]      ; HEX0[1]     ; 8.838 ; 8.905 ; 9.228 ; 9.295 ;
; SW[3]      ; HEX0[2]     ; 8.423 ; 8.490 ; 8.804 ; 8.871 ;
; SW[3]      ; HEX0[3]     ; 8.373 ; 8.449 ; 8.754 ; 8.839 ;
; SW[3]      ; HEX0[4]     ; 8.372 ; 8.437 ; 8.753 ; 8.827 ;
; SW[3]      ; HEX0[5]     ; 8.374 ; 8.445 ; 8.755 ; 8.835 ;
; SW[3]      ; HEX0[6]     ; 8.376 ; 8.431 ; 8.757 ; 8.821 ;
; SW[3]      ; LED[0]      ; 6.947 ;       ;       ; 7.290 ;
; SW[3]      ; LED[1]      ; 6.940 ; 6.919 ; 7.328 ; 7.298 ;
; SW[4]      ; HEX0[0]     ; 7.702 ; 7.740 ; 8.085 ; 8.114 ;
; SW[4]      ; HEX0[1]     ; 8.138 ; 8.227 ; 8.521 ; 8.610 ;
; SW[4]      ; HEX0[2]     ; 7.750 ; 7.767 ; 8.124 ; 8.150 ;
; SW[4]      ; HEX0[3]     ; 7.677 ; 7.753 ; 8.060 ; 8.136 ;
; SW[4]      ; HEX0[4]     ; 7.680 ; 7.821 ; 8.063 ; 8.195 ;
; SW[4]      ; HEX0[5]     ; 7.683 ; 7.827 ; 8.066 ; 8.201 ;
; SW[4]      ; HEX0[6]     ; 7.675 ; 7.749 ; 8.058 ; 8.132 ;
; SW[4]      ; LED[0]      ; 8.173 ; 8.220 ; 8.561 ; 8.583 ;
; SW[4]      ; LED[1]      ; 8.165 ; 8.143 ; 8.553 ; 8.531 ;
; SW[5]      ; HEX0[0]     ; 8.577 ; 8.627 ; 8.957 ; 9.009 ;
; SW[5]      ; HEX0[1]     ; 9.087 ; 9.178 ; 9.508 ; 9.599 ;
; SW[5]      ; HEX0[2]     ; 8.646 ; 8.753 ; 9.067 ; 9.174 ;
; SW[5]      ; HEX0[3]     ; 8.627 ; 8.705 ; 9.048 ; 9.126 ;
; SW[5]      ; HEX0[4]     ; 8.696 ; 8.708 ; 9.117 ; 9.129 ;
; SW[5]      ; HEX0[5]     ; 8.634 ; 8.716 ; 9.055 ; 9.137 ;
; SW[5]      ; HEX0[6]     ; 8.627 ; 8.700 ; 9.048 ; 9.121 ;
; SW[5]      ; LED[0]      ; 8.119 ; 8.161 ; 8.540 ; 8.552 ;
; SW[5]      ; LED[1]      ; 8.111 ; 8.089 ; 8.532 ; 8.510 ;
; SW[6]      ; HEX0[0]     ; 8.398 ; 8.450 ; 8.812 ; 8.854 ;
; SW[6]      ; HEX0[1]     ; 9.041 ; 9.140 ; 9.455 ; 9.516 ;
; SW[6]      ; HEX0[2]     ; 8.627 ; 8.698 ; 9.019 ; 9.096 ;
; SW[6]      ; HEX0[3]     ; 8.584 ; 8.646 ; 8.968 ; 9.049 ;
; SW[6]      ; HEX0[4]     ; 8.620 ; 8.637 ; 8.996 ; 9.051 ;
; SW[6]      ; HEX0[5]     ; 8.600 ; 8.656 ; 8.976 ; 9.070 ;
; SW[6]      ; HEX0[6]     ; 8.580 ; 8.640 ; 8.968 ; 9.047 ;
; SW[6]      ; LED[0]      ; 7.520 ; 7.528 ; 7.916 ; 7.912 ;
; SW[6]      ; LED[1]      ; 7.512 ; 7.490 ; 7.908 ; 7.886 ;
; SW[7]      ; HEX0[0]     ; 7.812 ; 7.799 ; 8.204 ; 8.218 ;
; SW[7]      ; HEX0[1]     ; 8.725 ; 8.792 ; 9.144 ; 9.211 ;
; SW[7]      ; HEX0[2]     ; 8.313 ; 8.387 ; 8.719 ; 8.786 ;
; SW[7]      ; HEX0[3]     ; 8.288 ; 8.336 ; 8.669 ; 8.755 ;
; SW[7]      ; HEX0[4]     ; 8.287 ; 8.324 ; 8.668 ; 8.743 ;
; SW[7]      ; HEX0[5]     ; 8.289 ; 8.332 ; 8.670 ; 8.751 ;
; SW[7]      ; HEX0[6]     ; 8.291 ; 8.318 ; 8.672 ; 8.737 ;
; SW[7]      ; LED[0]      ; 6.849 ; 6.837 ; 7.277 ; 7.212 ;
; SW[7]      ; LED[1]      ; 6.842 ; 6.847 ; 7.270 ; 7.222 ;
; SW[8]      ; HEX0[0]     ; 7.843 ; 7.830 ; 8.238 ; 8.252 ;
; SW[8]      ; HEX0[1]     ; 8.748 ; 8.817 ; 9.136 ; 9.236 ;
; SW[8]      ; HEX0[2]     ; 8.320 ; 8.397 ; 8.722 ; 8.793 ;
; SW[8]      ; HEX0[3]     ; 8.269 ; 8.350 ; 8.679 ; 8.741 ;
; SW[8]      ; HEX0[4]     ; 8.297 ; 8.344 ; 8.702 ; 8.732 ;
; SW[8]      ; HEX0[5]     ; 8.277 ; 8.363 ; 8.696 ; 8.751 ;
; SW[8]      ; HEX0[6]     ; 8.269 ; 8.347 ; 8.675 ; 8.735 ;
; SW[8]      ; LED[0]      ; 6.889 ; 6.882 ; 7.331 ; 7.254 ;
; SW[8]      ; LED[1]      ; 6.872 ; 6.882 ; 7.315 ; 7.255 ;
+------------+-------------+-------+-------+-------+-------+


----------------------------------------------
; Slow 1200mV 85C Model Metastability Report ;
----------------------------------------------
No synchronizer chains to report.


-------------------------------------
; Slow 1200mV 0C Model Fmax Summary ;
-------------------------------------
No paths to report.


--------------------------------------
; Slow 1200mV 0C Model Setup Summary ;
--------------------------------------
No paths to report.


-------------------------------------
; Slow 1200mV 0C Model Hold Summary ;
-------------------------------------
No paths to report.


-----------------------------------------
; Slow 1200mV 0C Model Recovery Summary ;
-----------------------------------------
No paths to report.


----------------------------------------
; Slow 1200mV 0C Model Removal Summary ;
----------------------------------------
No paths to report.


----------------------------------------------------
; Slow 1200mV 0C Model Minimum Pulse Width Summary ;
----------------------------------------------------
No paths to report.


+------------------------------------------------------------+
; Propagation Delay                                          ;
+------------+-------------+-------+-------+--------+--------+
; Input Port ; Output Port ; RR    ; RF    ; FR     ; FF     ;
+------------+-------------+-------+-------+--------+--------+
; SW[0]      ; HEX0[0]     ; 8.810 ; 8.845 ; 9.195  ; 9.230  ;
; SW[0]      ; HEX0[1]     ; 9.724 ; 9.770 ; 10.099 ; 10.174 ;
; SW[0]      ; HEX0[2]     ; 9.311 ; 9.361 ; 9.686  ; 9.736  ;
; SW[0]      ; HEX0[3]     ; 9.268 ; 9.346 ; 9.643  ; 9.721  ;
; SW[0]      ; HEX0[4]     ; 9.228 ; 9.347 ; 9.632  ; 9.722  ;
; SW[0]      ; HEX0[5]     ; 9.249 ; 9.364 ; 9.624  ; 9.739  ;
; SW[0]      ; HEX0[6]     ; 9.293 ; 9.358 ; 9.668  ; 9.733  ;
; SW[0]      ; LED[0]      ; 7.880 ;       ;        ; 8.227  ;
; SW[0]      ; LED[1]      ; 7.869 ; 7.819 ; 8.241  ; 8.221  ;
; SW[1]      ; HEX0[0]     ; 8.337 ; 8.372 ; 8.693  ; 8.728  ;
; SW[1]      ; HEX0[1]     ; 9.251 ; 9.297 ; 9.597  ; 9.672  ;
; SW[1]      ; HEX0[2]     ; 8.838 ; 8.888 ; 9.184  ; 9.234  ;
; SW[1]      ; HEX0[3]     ; 8.795 ; 8.873 ; 9.141  ; 9.219  ;
; SW[1]      ; HEX0[4]     ; 8.755 ; 8.874 ; 9.130  ; 9.220  ;
; SW[1]      ; HEX0[5]     ; 8.776 ; 8.891 ; 9.122  ; 9.237  ;
; SW[1]      ; HEX0[6]     ; 8.820 ; 8.885 ; 9.166  ; 9.231  ;
; SW[1]      ; LED[0]      ; 7.407 ;       ;        ; 7.725  ;
; SW[1]      ; LED[1]      ; 7.396 ; 7.346 ; 7.739  ; 7.719  ;
; SW[2]      ; HEX0[0]     ; 8.164 ; 8.207 ; 8.527  ; 8.562  ;
; SW[2]      ; HEX0[1]     ; 9.058 ; 9.104 ; 9.431  ; 9.506  ;
; SW[2]      ; HEX0[2]     ; 8.645 ; 8.695 ; 9.018  ; 9.068  ;
; SW[2]      ; HEX0[3]     ; 8.602 ; 8.680 ; 8.975  ; 9.053  ;
; SW[2]      ; HEX0[4]     ; 8.562 ; 8.681 ; 8.964  ; 9.054  ;
; SW[2]      ; HEX0[5]     ; 8.583 ; 8.698 ; 8.956  ; 9.071  ;
; SW[2]      ; HEX0[6]     ; 8.627 ; 8.692 ; 9.000  ; 9.065  ;
; SW[2]      ; LED[0]      ; 7.214 ;       ;        ; 7.559  ;
; SW[2]      ; LED[1]      ; 7.203 ; 7.153 ; 7.573  ; 7.553  ;
; SW[3]      ; HEX0[0]     ; 7.552 ; 7.590 ; 7.882  ; 7.928  ;
; SW[3]      ; HEX0[1]     ; 8.483 ; 8.531 ; 8.821  ; 8.861  ;
; SW[3]      ; HEX0[2]     ; 8.070 ; 8.120 ; 8.408  ; 8.458  ;
; SW[3]      ; HEX0[3]     ; 8.027 ; 8.105 ; 8.365  ; 8.443  ;
; SW[3]      ; HEX0[4]     ; 7.989 ; 8.106 ; 8.319  ; 8.444  ;
; SW[3]      ; HEX0[5]     ; 8.008 ; 8.123 ; 8.346  ; 8.461  ;
; SW[3]      ; HEX0[6]     ; 8.052 ; 8.117 ; 8.390  ; 8.455  ;
; SW[3]      ; LED[0]      ; 6.637 ;       ;        ; 6.913  ;
; SW[3]      ; LED[1]      ; 6.631 ; 6.583 ; 6.965  ; 6.909  ;
; SW[4]      ; HEX0[0]     ; 8.790 ; 8.825 ; 9.097  ; 9.132  ;
; SW[4]      ; HEX0[1]     ; 9.694 ; 9.769 ; 10.001 ; 10.076 ;
; SW[4]      ; HEX0[2]     ; 9.281 ; 9.331 ; 9.588  ; 9.638  ;
; SW[4]      ; HEX0[3]     ; 9.238 ; 9.316 ; 9.545  ; 9.623  ;
; SW[4]      ; HEX0[4]     ; 9.227 ; 9.317 ; 9.534  ; 9.624  ;
; SW[4]      ; HEX0[5]     ; 9.219 ; 9.334 ; 9.526  ; 9.641  ;
; SW[4]      ; HEX0[6]     ; 9.263 ; 9.328 ; 9.570  ; 9.635  ;
; SW[4]      ; LED[0]      ; 7.820 ; 7.822 ; 8.151  ; 8.129  ;
; SW[4]      ; LED[1]      ; 7.836 ; 7.816 ; 8.143  ; 8.123  ;
; SW[5]      ; HEX0[0]     ; 8.776 ; 8.811 ; 9.099  ; 9.134  ;
; SW[5]      ; HEX0[1]     ; 9.680 ; 9.755 ; 10.003 ; 10.078 ;
; SW[5]      ; HEX0[2]     ; 9.267 ; 9.317 ; 9.590  ; 9.640  ;
; SW[5]      ; HEX0[3]     ; 9.224 ; 9.302 ; 9.547  ; 9.625  ;
; SW[5]      ; HEX0[4]     ; 9.213 ; 9.303 ; 9.536  ; 9.626  ;
; SW[5]      ; HEX0[5]     ; 9.205 ; 9.320 ; 9.528  ; 9.643  ;
; SW[5]      ; HEX0[6]     ; 9.249 ; 9.314 ; 9.572  ; 9.637  ;
; SW[5]      ; LED[0]      ; 7.803 ; 7.808 ; 8.140  ; 8.131  ;
; SW[5]      ; LED[1]      ; 7.822 ; 7.802 ; 8.145  ; 8.125  ;
; SW[6]      ; HEX0[0]     ; 8.179 ; 8.214 ; 8.517  ; 8.552  ;
; SW[6]      ; HEX0[1]     ; 9.083 ; 9.158 ; 9.421  ; 9.496  ;
; SW[6]      ; HEX0[2]     ; 8.670 ; 8.720 ; 9.008  ; 9.058  ;
; SW[6]      ; HEX0[3]     ; 8.627 ; 8.705 ; 8.965  ; 9.043  ;
; SW[6]      ; HEX0[4]     ; 8.616 ; 8.706 ; 8.954  ; 9.044  ;
; SW[6]      ; HEX0[5]     ; 8.608 ; 8.723 ; 8.946  ; 9.061  ;
; SW[6]      ; HEX0[6]     ; 8.652 ; 8.717 ; 8.990  ; 9.055  ;
; SW[6]      ; LED[0]      ; 7.192 ; 7.211 ; 7.552  ; 7.549  ;
; SW[6]      ; LED[1]      ; 7.225 ; 7.205 ; 7.563  ; 7.543  ;
; SW[7]      ; HEX0[0]     ; 7.521 ; 7.556 ; 7.846  ; 7.893  ;
; SW[7]      ; HEX0[1]     ; 8.425 ; 8.500 ; 8.786  ; 8.825  ;
; SW[7]      ; HEX0[2]     ; 8.012 ; 8.062 ; 8.373  ; 8.423  ;
; SW[7]      ; HEX0[3]     ; 7.969 ; 8.047 ; 8.330  ; 8.408  ;
; SW[7]      ; HEX0[4]     ; 7.958 ; 8.048 ; 8.283  ; 8.409  ;
; SW[7]      ; HEX0[5]     ; 7.950 ; 8.065 ; 8.311  ; 8.426  ;
; SW[7]      ; HEX0[6]     ; 7.994 ; 8.059 ; 8.355  ; 8.420  ;
; SW[7]      ; LED[0]      ; 6.568 ; 6.548 ; 6.928  ; 6.850  ;
; SW[7]      ; LED[1]      ; 6.544 ; 6.523 ; 6.904  ; 6.876  ;
; SW[8]      ; HEX0[0]     ; 8.717 ; 8.752 ; 9.108  ; 9.143  ;
; SW[8]      ; HEX0[1]     ; 9.631 ; 9.677 ; 10.012 ; 10.087 ;
; SW[8]      ; HEX0[2]     ; 9.218 ; 9.268 ; 9.599  ; 9.649  ;
; SW[8]      ; HEX0[3]     ; 9.175 ; 9.253 ; 9.556  ; 9.634  ;
; SW[8]      ; HEX0[4]     ; 9.135 ; 9.254 ; 9.545  ; 9.635  ;
; SW[8]      ; HEX0[5]     ; 9.156 ; 9.271 ; 9.537  ; 9.652  ;
; SW[8]      ; HEX0[6]     ; 9.200 ; 9.265 ; 9.581  ; 9.646  ;
; SW[8]      ; LED[0]      ; 7.787 ; 7.426 ; 7.786  ; 8.140  ;
; SW[8]      ; LED[1]      ; 7.776 ; 7.726 ; 8.154  ; 8.134  ;
+------------+-------------+-------+-------+--------+--------+


+----------------------------------------------------------+
; Minimum Propagation Delay                                ;
+------------+-------------+-------+-------+-------+-------+
; Input Port ; Output Port ; RR    ; RF    ; FR    ; FF    ;
+------------+-------------+-------+-------+-------+-------+
; SW[0]      ; HEX0[0]     ; 7.171 ; 7.234 ; 7.488 ; 7.579 ;
; SW[0]      ; HEX0[1]     ; 7.590 ; 7.716 ; 7.911 ; 8.033 ;
; SW[0]      ; HEX0[2]     ; 7.191 ; 7.281 ; 7.536 ; 7.598 ;
; SW[0]      ; HEX0[3]     ; 7.177 ; 7.273 ; 7.496 ; 7.590 ;
; SW[0]      ; HEX0[4]     ; 7.181 ; 7.279 ; 7.498 ; 7.624 ;
; SW[0]      ; HEX0[5]     ; 7.184 ; 7.287 ; 7.501 ; 7.632 ;
; SW[0]      ; HEX0[6]     ; 7.174 ; 7.267 ; 7.493 ; 7.584 ;
; SW[0]      ; LED[0]      ; 7.643 ;       ;       ; 7.987 ;
; SW[0]      ; LED[1]      ; 7.636 ; 7.586 ; 8.003 ; 7.981 ;
; SW[1]      ; HEX0[0]     ; 7.274 ; 7.332 ; 7.579 ; 7.665 ;
; SW[1]      ; HEX0[1]     ; 8.079 ; 8.174 ; 8.383 ; 8.505 ;
; SW[1]      ; HEX0[2]     ; 7.681 ; 7.742 ; 7.984 ; 8.073 ;
; SW[1]      ; HEX0[3]     ; 7.667 ; 7.735 ; 7.970 ; 8.066 ;
; SW[1]      ; HEX0[4]     ; 7.670 ; 7.763 ; 8.001 ; 8.066 ;
; SW[1]      ; HEX0[5]     ; 7.672 ; 7.746 ; 7.975 ; 8.077 ;
; SW[1]      ; HEX0[6]     ; 7.664 ; 7.731 ; 7.967 ; 8.058 ;
; SW[1]      ; LED[0]      ; 7.222 ;       ;       ; 7.535 ;
; SW[1]      ; LED[1]      ; 7.215 ; 7.165 ; 7.551 ; 7.529 ;
; SW[2]      ; HEX0[0]     ; 7.755 ; 7.840 ; 8.088 ; 8.158 ;
; SW[2]      ; HEX0[1]     ; 8.361 ; 8.434 ; 8.694 ; 8.734 ;
; SW[2]      ; HEX0[2]     ; 7.948 ; 8.036 ; 8.248 ; 8.336 ;
; SW[2]      ; HEX0[3]     ; 7.903 ; 8.001 ; 8.203 ; 8.301 ;
; SW[2]      ; HEX0[4]     ; 7.925 ; 8.021 ; 8.225 ; 8.340 ;
; SW[2]      ; HEX0[5]     ; 7.909 ; 8.040 ; 8.209 ; 8.340 ;
; SW[2]      ; HEX0[6]     ; 7.901 ; 7.996 ; 8.201 ; 8.296 ;
; SW[2]      ; LED[0]      ; 6.995 ;       ;       ; 7.305 ;
; SW[2]      ; LED[1]      ; 6.988 ; 6.938 ; 7.321 ; 7.299 ;
; SW[3]      ; HEX0[0]     ; 7.302 ; 7.351 ; 7.625 ; 7.680 ;
; SW[3]      ; HEX0[1]     ; 8.131 ; 8.239 ; 8.454 ; 8.562 ;
; SW[3]      ; HEX0[2]     ; 7.747 ; 7.828 ; 8.070 ; 8.151 ;
; SW[3]      ; HEX0[3]     ; 7.703 ; 7.832 ; 8.026 ; 8.155 ;
; SW[3]      ; HEX0[4]     ; 7.701 ; 7.849 ; 8.024 ; 8.178 ;
; SW[3]      ; HEX0[5]     ; 7.703 ; 7.831 ; 8.026 ; 8.154 ;
; SW[3]      ; HEX0[6]     ; 7.704 ; 7.843 ; 8.027 ; 8.172 ;
; SW[3]      ; LED[0]      ; 6.488 ;       ;       ; 6.758 ;
; SW[3]      ; LED[1]      ; 6.482 ; 6.434 ; 6.808 ; 6.754 ;
; SW[4]      ; HEX0[0]     ; 7.114 ; 7.179 ; 7.431 ; 7.490 ;
; SW[4]      ; HEX0[1]     ; 7.535 ; 7.659 ; 7.846 ; 7.974 ;
; SW[4]      ; HEX0[2]     ; 7.136 ; 7.224 ; 7.447 ; 7.541 ;
; SW[4]      ; HEX0[3]     ; 7.122 ; 7.216 ; 7.433 ; 7.533 ;
; SW[4]      ; HEX0[4]     ; 7.124 ; 7.224 ; 7.441 ; 7.535 ;
; SW[4]      ; HEX0[5]     ; 7.127 ; 7.232 ; 7.444 ; 7.543 ;
; SW[4]      ; HEX0[6]     ; 7.119 ; 7.210 ; 7.430 ; 7.527 ;
; SW[4]      ; LED[0]      ; 7.587 ; 7.596 ; 7.908 ; 7.895 ;
; SW[4]      ; LED[1]      ; 7.580 ; 7.530 ; 7.901 ; 7.851 ;
; SW[5]      ; HEX0[0]     ; 7.909 ; 7.983 ; 8.209 ; 8.294 ;
; SW[5]      ; HEX0[1]     ; 8.403 ; 8.499 ; 8.730 ; 8.825 ;
; SW[5]      ; HEX0[2]     ; 8.004 ; 8.067 ; 8.334 ; 8.393 ;
; SW[5]      ; HEX0[3]     ; 7.990 ; 8.060 ; 8.318 ; 8.386 ;
; SW[5]      ; HEX0[4]     ; 7.995 ; 8.086 ; 8.321 ; 8.416 ;
; SW[5]      ; HEX0[5]     ; 7.995 ; 8.071 ; 8.324 ; 8.397 ;
; SW[5]      ; HEX0[6]     ; 7.987 ; 8.056 ; 8.317 ; 8.382 ;
; SW[5]      ; LED[0]      ; 7.548 ; 7.557 ; 7.878 ; 7.856 ;
; SW[5]      ; LED[1]      ; 7.541 ; 7.491 ; 7.871 ; 7.821 ;
; SW[6]      ; HEX0[0]     ; 7.739 ; 7.824 ; 8.079 ; 8.148 ;
; SW[6]      ; HEX0[1]     ; 8.345 ; 8.420 ; 8.686 ; 8.725 ;
; SW[6]      ; HEX0[2]     ; 7.934 ; 8.022 ; 8.239 ; 8.327 ;
; SW[6]      ; HEX0[3]     ; 7.889 ; 7.987 ; 8.194 ; 8.292 ;
; SW[6]      ; HEX0[4]     ; 7.911 ; 8.005 ; 8.216 ; 8.331 ;
; SW[6]      ; HEX0[5]     ; 7.895 ; 8.026 ; 8.200 ; 8.331 ;
; SW[6]      ; HEX0[6]     ; 7.887 ; 7.982 ; 8.192 ; 8.287 ;
; SW[6]      ; LED[0]      ; 6.991 ; 6.982 ; 7.320 ; 7.297 ;
; SW[6]      ; LED[1]      ; 6.984 ; 6.934 ; 7.313 ; 7.263 ;
; SW[7]      ; HEX0[0]     ; 7.210 ; 7.236 ; 7.530 ; 7.586 ;
; SW[7]      ; HEX0[1]     ; 8.045 ; 8.153 ; 8.359 ; 8.467 ;
; SW[7]      ; HEX0[2]     ; 7.661 ; 7.742 ; 7.975 ; 8.056 ;
; SW[7]      ; HEX0[3]     ; 7.617 ; 7.746 ; 7.931 ; 8.060 ;
; SW[7]      ; HEX0[4]     ; 7.615 ; 7.734 ; 7.929 ; 8.084 ;
; SW[7]      ; HEX0[5]     ; 7.617 ; 7.745 ; 7.931 ; 8.059 ;
; SW[7]      ; HEX0[6]     ; 7.618 ; 7.728 ; 7.932 ; 8.078 ;
; SW[7]      ; LED[0]      ; 6.388 ; 6.358 ; 6.743 ; 6.669 ;
; SW[7]      ; LED[1]      ; 6.381 ; 6.354 ; 6.738 ; 6.667 ;
; SW[8]      ; HEX0[0]     ; 7.233 ; 7.259 ; 7.555 ; 7.610 ;
; SW[8]      ; HEX0[1]     ; 8.066 ; 8.120 ; 8.384 ; 8.479 ;
; SW[8]      ; HEX0[2]     ; 7.634 ; 7.722 ; 7.993 ; 8.081 ;
; SW[8]      ; HEX0[3]     ; 7.589 ; 7.687 ; 7.948 ; 8.046 ;
; SW[8]      ; HEX0[4]     ; 7.611 ; 7.726 ; 7.954 ; 8.067 ;
; SW[8]      ; HEX0[5]     ; 7.595 ; 7.726 ; 7.954 ; 8.084 ;
; SW[8]      ; HEX0[6]     ; 7.587 ; 7.682 ; 7.946 ; 8.041 ;
; SW[8]      ; LED[0]      ; 6.417 ; 6.391 ; 6.785 ; 6.703 ;
; SW[8]      ; LED[1]      ; 6.404 ; 6.381 ; 6.770 ; 6.691 ;
+------------+-------------+-------+-------+-------+-------+


---------------------------------------------
; Slow 1200mV 0C Model Metastability Report ;
---------------------------------------------
No synchronizer chains to report.


--------------------------------------
; Fast 1200mV 0C Model Setup Summary ;
--------------------------------------
No paths to report.


-------------------------------------
; Fast 1200mV 0C Model Hold Summary ;
-------------------------------------
No paths to report.


-----------------------------------------
; Fast 1200mV 0C Model Recovery Summary ;
-----------------------------------------
No paths to report.


----------------------------------------
; Fast 1200mV 0C Model Removal Summary ;
----------------------------------------
No paths to report.


----------------------------------------------------
; Fast 1200mV 0C Model Minimum Pulse Width Summary ;
----------------------------------------------------
No paths to report.


+----------------------------------------------------------+
; Propagation Delay                                        ;
+------------+-------------+-------+-------+-------+-------+
; Input Port ; Output Port ; RR    ; RF    ; FR    ; FF    ;
+------------+-------------+-------+-------+-------+-------+
; SW[0]      ; HEX0[0]     ; 5.653 ; 5.507 ; 6.280 ; 6.152 ;
; SW[0]      ; HEX0[1]     ; 6.199 ; 6.193 ; 6.845 ; 6.839 ;
; SW[0]      ; HEX0[2]     ; 5.921 ; 5.941 ; 6.567 ; 6.587 ;
; SW[0]      ; HEX0[3]     ; 5.935 ; 5.911 ; 6.581 ; 6.557 ;
; SW[0]      ; HEX0[4]     ; 5.937 ; 5.778 ; 6.583 ; 6.406 ;
; SW[0]      ; HEX0[5]     ; 5.910 ; 5.906 ; 6.556 ; 6.552 ;
; SW[0]      ; HEX0[6]     ; 5.918 ; 5.926 ; 6.564 ; 6.572 ;
; SW[0]      ; LED[0]      ; 4.957 ;       ;       ; 5.651 ;
; SW[0]      ; LED[1]      ; 4.966 ; 5.015 ; 5.589 ; 5.657 ;
; SW[1]      ; HEX0[0]     ; 5.359 ; 5.213 ; 5.961 ; 5.833 ;
; SW[1]      ; HEX0[1]     ; 5.905 ; 5.899 ; 6.526 ; 6.520 ;
; SW[1]      ; HEX0[2]     ; 5.627 ; 5.647 ; 6.248 ; 6.268 ;
; SW[1]      ; HEX0[3]     ; 5.641 ; 5.617 ; 6.262 ; 6.238 ;
; SW[1]      ; HEX0[4]     ; 5.643 ; 5.484 ; 6.264 ; 6.087 ;
; SW[1]      ; HEX0[5]     ; 5.616 ; 5.612 ; 6.237 ; 6.233 ;
; SW[1]      ; HEX0[6]     ; 5.624 ; 5.632 ; 6.245 ; 6.253 ;
; SW[1]      ; LED[0]      ; 4.663 ;       ;       ; 5.332 ;
; SW[1]      ; LED[1]      ; 4.672 ; 4.721 ; 5.270 ; 5.338 ;
; SW[2]      ; HEX0[0]     ; 5.281 ; 5.135 ; 5.865 ; 5.737 ;
; SW[2]      ; HEX0[1]     ; 5.806 ; 5.800 ; 6.430 ; 6.424 ;
; SW[2]      ; HEX0[2]     ; 5.528 ; 5.548 ; 6.152 ; 6.172 ;
; SW[2]      ; HEX0[3]     ; 5.542 ; 5.518 ; 6.166 ; 6.142 ;
; SW[2]      ; HEX0[4]     ; 5.544 ; 5.385 ; 6.168 ; 5.991 ;
; SW[2]      ; HEX0[5]     ; 5.517 ; 5.513 ; 6.141 ; 6.137 ;
; SW[2]      ; HEX0[6]     ; 5.525 ; 5.533 ; 6.149 ; 6.157 ;
; SW[2]      ; LED[0]      ; 4.564 ;       ;       ; 5.236 ;
; SW[2]      ; LED[1]      ; 4.573 ; 4.622 ; 5.174 ; 5.242 ;
; SW[3]      ; HEX0[0]     ; 4.900 ; 4.772 ; 5.473 ; 5.345 ;
; SW[3]      ; HEX0[1]     ; 5.465 ; 5.459 ; 6.038 ; 6.032 ;
; SW[3]      ; HEX0[2]     ; 5.187 ; 5.207 ; 5.760 ; 5.780 ;
; SW[3]      ; HEX0[3]     ; 5.201 ; 5.177 ; 5.774 ; 5.750 ;
; SW[3]      ; HEX0[4]     ; 5.203 ; 5.041 ; 5.776 ; 5.621 ;
; SW[3]      ; HEX0[5]     ; 5.176 ; 5.172 ; 5.749 ; 5.745 ;
; SW[3]      ; HEX0[6]     ; 5.184 ; 5.192 ; 5.757 ; 5.765 ;
; SW[3]      ; LED[0]      ; 4.219 ;       ;       ; 4.841 ;
; SW[3]      ; LED[1]      ; 4.227 ; 4.279 ; 4.805 ; 4.850 ;
; SW[4]      ; HEX0[0]     ; 5.665 ; 5.537 ; 6.212 ; 6.084 ;
; SW[4]      ; HEX0[1]     ; 6.230 ; 6.224 ; 6.777 ; 6.771 ;
; SW[4]      ; HEX0[2]     ; 5.952 ; 5.972 ; 6.499 ; 6.519 ;
; SW[4]      ; HEX0[3]     ; 5.966 ; 5.942 ; 6.513 ; 6.489 ;
; SW[4]      ; HEX0[4]     ; 5.968 ; 5.791 ; 6.515 ; 6.338 ;
; SW[4]      ; HEX0[5]     ; 5.941 ; 5.937 ; 6.488 ; 6.484 ;
; SW[4]      ; HEX0[6]     ; 5.949 ; 5.957 ; 6.496 ; 6.504 ;
; SW[4]      ; LED[0]      ; 4.905 ; 5.036 ; 5.482 ; 5.583 ;
; SW[4]      ; LED[1]      ; 4.974 ; 5.042 ; 5.521 ; 5.589 ;
; SW[5]      ; HEX0[0]     ; 5.652 ; 5.524 ; 6.237 ; 6.109 ;
; SW[5]      ; HEX0[1]     ; 6.217 ; 6.211 ; 6.802 ; 6.796 ;
; SW[5]      ; HEX0[2]     ; 5.939 ; 5.959 ; 6.524 ; 6.544 ;
; SW[5]      ; HEX0[3]     ; 5.953 ; 5.929 ; 6.538 ; 6.514 ;
; SW[5]      ; HEX0[4]     ; 5.955 ; 5.778 ; 6.540 ; 6.363 ;
; SW[5]      ; HEX0[5]     ; 5.928 ; 5.924 ; 6.513 ; 6.509 ;
; SW[5]      ; HEX0[6]     ; 5.936 ; 5.944 ; 6.521 ; 6.529 ;
; SW[5]      ; LED[0]      ; 4.903 ; 5.023 ; 5.501 ; 5.608 ;
; SW[5]      ; LED[1]      ; 4.961 ; 5.029 ; 5.546 ; 5.614 ;
; SW[6]      ; HEX0[0]     ; 5.283 ; 5.155 ; 5.859 ; 5.731 ;
; SW[6]      ; HEX0[1]     ; 5.848 ; 5.842 ; 6.424 ; 6.418 ;
; SW[6]      ; HEX0[2]     ; 5.570 ; 5.590 ; 6.146 ; 6.166 ;
; SW[6]      ; HEX0[3]     ; 5.584 ; 5.560 ; 6.160 ; 6.136 ;
; SW[6]      ; HEX0[4]     ; 5.586 ; 5.409 ; 6.162 ; 5.985 ;
; SW[6]      ; HEX0[5]     ; 5.559 ; 5.555 ; 6.135 ; 6.131 ;
; SW[6]      ; HEX0[6]     ; 5.567 ; 5.575 ; 6.143 ; 6.151 ;
; SW[6]      ; LED[0]      ; 4.556 ; 4.654 ; 5.148 ; 5.230 ;
; SW[6]      ; LED[1]      ; 4.592 ; 4.660 ; 5.168 ; 5.236 ;
; SW[7]      ; HEX0[0]     ; 4.885 ; 4.757 ; 5.432 ; 5.304 ;
; SW[7]      ; HEX0[1]     ; 5.450 ; 5.444 ; 5.997 ; 5.991 ;
; SW[7]      ; HEX0[2]     ; 5.172 ; 5.192 ; 5.719 ; 5.739 ;
; SW[7]      ; HEX0[3]     ; 5.186 ; 5.162 ; 5.733 ; 5.709 ;
; SW[7]      ; HEX0[4]     ; 5.188 ; 5.012 ; 5.735 ; 5.591 ;
; SW[7]      ; HEX0[5]     ; 5.161 ; 5.157 ; 5.708 ; 5.704 ;
; SW[7]      ; HEX0[6]     ; 5.169 ; 5.177 ; 5.716 ; 5.724 ;
; SW[7]      ; LED[0]      ; 4.183 ; 4.251 ; 4.760 ; 4.787 ;
; SW[7]      ; LED[1]      ; 4.186 ; 4.243 ; 4.758 ; 4.813 ;
; SW[8]      ; HEX0[0]     ; 5.601 ; 5.455 ; 6.225 ; 6.097 ;
; SW[8]      ; HEX0[1]     ; 6.147 ; 6.141 ; 6.790 ; 6.784 ;
; SW[8]      ; HEX0[2]     ; 5.869 ; 5.889 ; 6.512 ; 6.532 ;
; SW[8]      ; HEX0[3]     ; 5.883 ; 5.859 ; 6.526 ; 6.502 ;
; SW[8]      ; HEX0[4]     ; 5.885 ; 5.726 ; 6.528 ; 6.351 ;
; SW[8]      ; HEX0[5]     ; 5.858 ; 5.854 ; 6.501 ; 6.497 ;
; SW[8]      ; HEX0[6]     ; 5.866 ; 5.874 ; 6.509 ; 6.517 ;
; SW[8]      ; LED[0]      ; 4.905 ; 4.798 ; 5.244 ; 5.596 ;
; SW[8]      ; LED[1]      ; 4.914 ; 4.963 ; 5.534 ; 5.602 ;
+------------+-------------+-------+-------+-------+-------+


+----------------------------------------------------------+
; Minimum Propagation Delay                                ;
+------------+-------------+-------+-------+-------+-------+
; Input Port ; Output Port ; RR    ; RF    ; FR    ; FF    ;
+------------+-------------+-------+-------+-------+-------+
; SW[0]      ; HEX0[0]     ; 4.646 ; 4.540 ; 5.203 ; 5.116 ;
; SW[0]      ; HEX0[1]     ; 4.826 ; 4.783 ; 5.383 ; 5.340 ;
; SW[0]      ; HEX0[2]     ; 4.674 ; 4.537 ; 5.250 ; 5.094 ;
; SW[0]      ; HEX0[3]     ; 4.540 ; 4.530 ; 5.097 ; 5.087 ;
; SW[0]      ; HEX0[4]     ; 4.541 ; 4.662 ; 5.098 ; 5.238 ;
; SW[0]      ; HEX0[5]     ; 4.539 ; 4.660 ; 5.096 ; 5.236 ;
; SW[0]      ; HEX0[6]     ; 4.535 ; 4.525 ; 5.092 ; 5.082 ;
; SW[0]      ; LED[0]      ; 4.807 ;       ;       ; 5.492 ;
; SW[0]      ; LED[1]      ; 4.816 ; 4.862 ; 5.433 ; 5.498 ;
; SW[1]      ; HEX0[0]     ; 4.694 ; 4.580 ; 5.245 ; 5.151 ;
; SW[1]      ; HEX0[1]     ; 5.093 ; 5.055 ; 5.644 ; 5.606 ;
; SW[1]      ; HEX0[2]     ; 4.819 ; 4.929 ; 5.370 ; 5.500 ;
; SW[1]      ; HEX0[3]     ; 4.808 ; 4.803 ; 5.359 ; 5.354 ;
; SW[1]      ; HEX0[4]     ; 4.947 ; 4.804 ; 5.518 ; 5.355 ;
; SW[1]      ; HEX0[5]     ; 4.808 ; 4.803 ; 5.359 ; 5.354 ;
; SW[1]      ; HEX0[6]     ; 4.804 ; 4.798 ; 5.355 ; 5.349 ;
; SW[1]      ; LED[0]      ; 4.545 ;       ;       ; 5.204 ;
; SW[1]      ; LED[1]      ; 4.554 ; 4.600 ; 5.145 ; 5.210 ;
; SW[2]      ; HEX0[0]     ; 4.986 ; 4.884 ; 5.559 ; 5.457 ;
; SW[2]      ; HEX0[1]     ; 5.275 ; 5.385 ; 5.848 ; 5.940 ;
; SW[2]      ; HEX0[2]     ; 5.019 ; 5.013 ; 5.592 ; 5.586 ;
; SW[2]      ; HEX0[3]     ; 4.996 ; 4.984 ; 5.569 ; 5.557 ;
; SW[2]      ; HEX0[4]     ; 5.026 ; 4.979 ; 5.599 ; 5.552 ;
; SW[2]      ; HEX0[5]     ; 5.005 ; 4.984 ; 5.578 ; 5.557 ;
; SW[2]      ; HEX0[6]     ; 4.990 ; 4.978 ; 5.563 ; 5.551 ;
; SW[2]      ; LED[0]      ; 4.423 ;       ;       ; 5.064 ;
; SW[2]      ; LED[1]      ; 4.432 ; 4.478 ; 5.005 ; 5.070 ;
; SW[3]      ; HEX0[0]     ; 4.731 ; 4.595 ; 5.301 ; 5.168 ;
; SW[3]      ; HEX0[1]     ; 5.173 ; 5.124 ; 5.746 ; 5.697 ;
; SW[3]      ; HEX0[2]     ; 4.916 ; 4.911 ; 5.489 ; 5.484 ;
; SW[3]      ; HEX0[3]     ; 4.909 ; 4.880 ; 5.482 ; 5.453 ;
; SW[3]      ; HEX0[4]     ; 5.013 ; 4.874 ; 5.579 ; 5.447 ;
; SW[3]      ; HEX0[5]     ; 4.900 ; 4.874 ; 5.473 ; 5.447 ;
; SW[3]      ; HEX0[6]     ; 4.925 ; 4.869 ; 5.498 ; 5.442 ;
; SW[3]      ; LED[0]      ; 4.119 ;       ;       ; 4.733 ;
; SW[3]      ; LED[1]      ; 4.127 ; 4.177 ; 4.699 ; 4.742 ;
; SW[4]      ; HEX0[0]     ; 4.597 ; 4.495 ; 5.162 ; 5.053 ;
; SW[4]      ; HEX0[1]     ; 4.777 ; 4.734 ; 5.342 ; 5.299 ;
; SW[4]      ; HEX0[2]     ; 4.629 ; 4.488 ; 5.187 ; 5.053 ;
; SW[4]      ; HEX0[3]     ; 4.491 ; 4.481 ; 5.056 ; 5.046 ;
; SW[4]      ; HEX0[4]     ; 4.492 ; 4.617 ; 5.057 ; 5.175 ;
; SW[4]      ; HEX0[5]     ; 4.490 ; 4.615 ; 5.055 ; 5.173 ;
; SW[4]      ; HEX0[6]     ; 4.486 ; 4.476 ; 5.051 ; 5.041 ;
; SW[4]      ; LED[0]      ; 4.757 ; 4.883 ; 5.327 ; 5.427 ;
; SW[4]      ; LED[1]      ; 4.766 ; 4.812 ; 5.336 ; 5.382 ;
; SW[5]      ; HEX0[0]     ; 5.091 ; 4.989 ; 5.649 ; 5.547 ;
; SW[5]      ; HEX0[1]     ; 5.288 ; 5.250 ; 5.872 ; 5.834 ;
; SW[5]      ; HEX0[2]     ; 5.014 ; 5.129 ; 5.598 ; 5.713 ;
; SW[5]      ; HEX0[3]     ; 5.003 ; 4.998 ; 5.587 ; 5.582 ;
; SW[5]      ; HEX0[4]     ; 5.147 ; 4.999 ; 5.731 ; 5.583 ;
; SW[5]      ; HEX0[5]     ; 5.003 ; 4.998 ; 5.587 ; 5.582 ;
; SW[5]      ; HEX0[6]     ; 4.999 ; 4.993 ; 5.583 ; 5.577 ;
; SW[5]      ; LED[0]      ; 4.742 ; 4.856 ; 5.326 ; 5.423 ;
; SW[5]      ; LED[1]      ; 4.751 ; 4.797 ; 5.335 ; 5.381 ;
; SW[6]      ; HEX0[0]     ; 4.979 ; 4.876 ; 5.562 ; 5.460 ;
; SW[6]      ; HEX0[1]     ; 5.267 ; 5.377 ; 5.851 ; 5.942 ;
; SW[6]      ; HEX0[2]     ; 5.011 ; 5.005 ; 5.595 ; 5.589 ;
; SW[6]      ; HEX0[3]     ; 4.988 ; 4.976 ; 5.572 ; 5.560 ;
; SW[6]      ; HEX0[4]     ; 5.018 ; 4.971 ; 5.602 ; 5.555 ;
; SW[6]      ; HEX0[5]     ; 4.997 ; 4.976 ; 5.581 ; 5.560 ;
; SW[6]      ; HEX0[6]     ; 4.982 ; 4.970 ; 5.566 ; 5.554 ;
; SW[6]      ; LED[0]      ; 4.421 ; 4.498 ; 4.996 ; 5.063 ;
; SW[6]      ; LED[1]      ; 4.430 ; 4.476 ; 5.004 ; 5.051 ;
; SW[7]      ; HEX0[0]     ; 4.668 ; 4.532 ; 5.227 ; 5.098 ;
; SW[7]      ; HEX0[1]     ; 5.110 ; 5.061 ; 5.676 ; 5.627 ;
; SW[7]      ; HEX0[2]     ; 4.853 ; 4.848 ; 5.419 ; 5.414 ;
; SW[7]      ; HEX0[3]     ; 4.846 ; 4.817 ; 5.412 ; 5.383 ;
; SW[7]      ; HEX0[4]     ; 4.958 ; 4.811 ; 5.505 ; 5.377 ;
; SW[7]      ; HEX0[5]     ; 4.837 ; 4.811 ; 5.403 ; 5.377 ;
; SW[7]      ; HEX0[6]     ; 4.862 ; 4.806 ; 5.428 ; 5.372 ;
; SW[7]      ; LED[0]      ; 4.063 ; 4.122 ; 4.638 ; 4.662 ;
; SW[7]      ; LED[1]      ; 4.073 ; 4.133 ; 4.648 ; 4.673 ;
; SW[8]      ; HEX0[0]     ; 4.685 ; 4.549 ; 5.246 ; 5.116 ;
; SW[8]      ; HEX0[1]     ; 5.112 ; 5.078 ; 5.657 ; 5.627 ;
; SW[8]      ; HEX0[2]     ; 4.846 ; 4.850 ; 5.391 ; 5.395 ;
; SW[8]      ; HEX0[3]     ; 4.833 ; 4.821 ; 5.378 ; 5.366 ;
; SW[8]      ; HEX0[4]     ; 4.863 ; 4.816 ; 5.408 ; 5.361 ;
; SW[8]      ; HEX0[5]     ; 4.835 ; 4.821 ; 5.380 ; 5.366 ;
; SW[8]      ; HEX0[6]     ; 4.827 ; 4.815 ; 5.372 ; 5.360 ;
; SW[8]      ; LED[0]      ; 4.089 ; 4.149 ; 4.676 ; 4.693 ;
; SW[8]      ; LED[1]      ; 4.088 ; 4.149 ; 4.673 ; 4.692 ;
+------------+-------------+-------+-------+-------+-------+


---------------------------------------------
; Fast 1200mV 0C Model Metastability Report ;
---------------------------------------------
No synchronizer chains to report.


+----------------------------------------------------------------------------+
; Multicorner Timing Analysis Summary                                        ;
+------------------+-------+------+----------+---------+---------------------+
; Clock            ; Setup ; Hold ; Recovery ; Removal ; Minimum Pulse Width ;
+------------------+-------+------+----------+---------+---------------------+
; Worst-case Slack ; N/A   ; N/A  ; N/A      ; N/A     ; N/A                 ;
; Design-wide TNS  ; 0.0   ; 0.0  ; 0.0      ; 0.0     ; 0.0                 ;
+------------------+-------+------+----------+---------+---------------------+


+--------------------------------------------------------------+
; Propagation Delay                                            ;
+------------+-------------+--------+--------+--------+--------+
; Input Port ; Output Port ; RR     ; RF     ; FR     ; FF     ;
+------------+-------------+--------+--------+--------+--------+
; SW[0]      ; HEX0[0]     ; 9.580  ; 9.574  ; 10.063 ; 10.060 ;
; SW[0]      ; HEX0[1]     ; 10.556 ; 10.635 ; 11.013 ; 11.124 ;
; SW[0]      ; HEX0[2]     ; 10.099 ; 10.160 ; 10.556 ; 10.649 ;
; SW[0]      ; HEX0[3]     ; 10.074 ; 10.111 ; 10.563 ; 10.600 ;
; SW[0]      ; HEX0[4]     ; 10.079 ; 10.110 ; 10.568 ; 10.567 ;
; SW[0]      ; HEX0[5]     ; 10.033 ; 10.121 ; 10.522 ; 10.599 ;
; SW[0]      ; HEX0[6]     ; 10.077 ; 10.146 ; 10.548 ; 10.635 ;
; SW[0]      ; LED[0]      ; 8.503  ;        ;        ; 8.949  ;
; SW[0]      ; LED[1]      ; 8.492  ; 8.469  ; 8.946  ; 8.955  ;
; SW[1]      ; HEX0[0]     ; 9.060  ; 9.054  ; 9.513  ; 9.510  ;
; SW[1]      ; HEX0[1]     ; 10.036 ; 10.115 ; 10.463 ; 10.574 ;
; SW[1]      ; HEX0[2]     ; 9.579  ; 9.640  ; 10.006 ; 10.099 ;
; SW[1]      ; HEX0[3]     ; 9.554  ; 9.591  ; 10.013 ; 10.050 ;
; SW[1]      ; HEX0[4]     ; 9.559  ; 9.590  ; 10.018 ; 10.017 ;
; SW[1]      ; HEX0[5]     ; 9.513  ; 9.601  ; 9.972  ; 10.049 ;
; SW[1]      ; HEX0[6]     ; 9.557  ; 9.626  ; 9.998  ; 10.085 ;
; SW[1]      ; LED[0]      ; 7.983  ;        ;        ; 8.399  ;
; SW[1]      ; LED[1]      ; 7.972  ; 7.949  ; 8.396  ; 8.405  ;
; SW[2]      ; HEX0[0]     ; 8.904  ; 8.898  ; 9.331  ; 9.328  ;
; SW[2]      ; HEX0[1]     ; 9.834  ; 9.913  ; 10.281 ; 10.392 ;
; SW[2]      ; HEX0[2]     ; 9.377  ; 9.438  ; 9.824  ; 9.917  ;
; SW[2]      ; HEX0[3]     ; 9.352  ; 9.389  ; 9.831  ; 9.868  ;
; SW[2]      ; HEX0[4]     ; 9.357  ; 9.388  ; 9.836  ; 9.835  ;
; SW[2]      ; HEX0[5]     ; 9.311  ; 9.399  ; 9.790  ; 9.867  ;
; SW[2]      ; HEX0[6]     ; 9.355  ; 9.424  ; 9.816  ; 9.903  ;
; SW[2]      ; LED[0]      ; 7.781  ;        ;        ; 8.217  ;
; SW[2]      ; LED[1]      ; 7.770  ; 7.747  ; 8.214  ; 8.223  ;
; SW[3]      ; HEX0[0]     ; 8.193  ; 8.190  ; 8.586  ; 8.584  ;
; SW[3]      ; HEX0[1]     ; 9.173  ; 9.254  ; 9.575  ; 9.647  ;
; SW[3]      ; HEX0[2]     ; 8.716  ; 8.779  ; 9.118  ; 9.172  ;
; SW[3]      ; HEX0[3]     ; 8.693  ; 8.730  ; 9.086  ; 9.127  ;
; SW[3]      ; HEX0[4]     ; 8.698  ; 8.727  ; 9.091  ; 9.129  ;
; SW[3]      ; HEX0[5]     ; 8.652  ; 8.738  ; 9.048  ; 9.140  ;
; SW[3]      ; HEX0[6]     ; 8.694  ; 8.765  ; 9.096  ; 9.158  ;
; SW[3]      ; LED[0]      ; 7.119  ;        ;        ; 7.471  ;
; SW[3]      ; LED[1]      ; 7.111  ; 7.090  ; 7.510  ; 7.480  ;
; SW[4]      ; HEX0[0]     ; 9.595  ; 9.592  ; 9.967  ; 9.964  ;
; SW[4]      ; HEX0[1]     ; 10.545 ; 10.656 ; 10.917 ; 11.028 ;
; SW[4]      ; HEX0[2]     ; 10.088 ; 10.181 ; 10.460 ; 10.553 ;
; SW[4]      ; HEX0[3]     ; 10.095 ; 10.132 ; 10.467 ; 10.504 ;
; SW[4]      ; HEX0[4]     ; 10.100 ; 10.099 ; 10.472 ; 10.471 ;
; SW[4]      ; HEX0[5]     ; 10.054 ; 10.131 ; 10.426 ; 10.503 ;
; SW[4]      ; HEX0[6]     ; 10.080 ; 10.167 ; 10.452 ; 10.539 ;
; SW[4]      ; LED[0]      ; 8.436  ; 8.481  ; 8.835  ; 8.853  ;
; SW[4]      ; LED[1]      ; 8.478  ; 8.487  ; 8.850  ; 8.859  ;
; SW[5]      ; HEX0[0]     ; 9.567  ; 9.564  ; 9.987  ; 9.984  ;
; SW[5]      ; HEX0[1]     ; 10.517 ; 10.628 ; 10.937 ; 11.048 ;
; SW[5]      ; HEX0[2]     ; 10.060 ; 10.153 ; 10.480 ; 10.573 ;
; SW[5]      ; HEX0[3]     ; 10.067 ; 10.104 ; 10.487 ; 10.524 ;
; SW[5]      ; HEX0[4]     ; 10.072 ; 10.071 ; 10.492 ; 10.491 ;
; SW[5]      ; HEX0[5]     ; 10.026 ; 10.103 ; 10.446 ; 10.523 ;
; SW[5]      ; HEX0[6]     ; 10.052 ; 10.139 ; 10.472 ; 10.559 ;
; SW[5]      ; LED[0]      ; 8.406  ; 8.453  ; 8.840  ; 8.873  ;
; SW[5]      ; LED[1]      ; 8.450  ; 8.459  ; 8.870  ; 8.879  ;
; SW[6]      ; HEX0[0]     ; 8.908  ; 8.905  ; 9.315  ; 9.312  ;
; SW[6]      ; HEX0[1]     ; 9.858  ; 9.969  ; 10.265 ; 10.376 ;
; SW[6]      ; HEX0[2]     ; 9.401  ; 9.494  ; 9.808  ; 9.901  ;
; SW[6]      ; HEX0[3]     ; 9.408  ; 9.445  ; 9.815  ; 9.852  ;
; SW[6]      ; HEX0[4]     ; 9.413  ; 9.412  ; 9.820  ; 9.819  ;
; SW[6]      ; HEX0[5]     ; 9.367  ; 9.444  ; 9.774  ; 9.851  ;
; SW[6]      ; HEX0[6]     ; 9.393  ; 9.480  ; 9.800  ; 9.887  ;
; SW[6]      ; LED[0]      ; 7.755  ; 7.794  ; 8.180  ; 8.201  ;
; SW[6]      ; LED[1]      ; 7.791  ; 7.800  ; 8.198  ; 8.207  ;
; SW[7]      ; HEX0[0]     ; 8.174  ; 8.171  ; 8.566  ; 8.567  ;
; SW[7]      ; HEX0[1]     ; 9.122  ; 9.235  ; 9.558  ; 9.627  ;
; SW[7]      ; HEX0[2]     ; 8.665  ; 8.760  ; 9.101  ; 9.152  ;
; SW[7]      ; HEX0[3]     ; 8.674  ; 8.711  ; 9.066  ; 9.110  ;
; SW[7]      ; HEX0[4]     ; 8.679  ; 8.676  ; 9.071  ; 9.112  ;
; SW[7]      ; HEX0[5]     ; 8.633  ; 8.710  ; 9.031  ; 9.123  ;
; SW[7]      ; HEX0[6]     ; 8.659  ; 8.746  ; 9.079  ; 9.138  ;
; SW[7]      ; LED[0]      ; 7.055  ; 7.053  ; 7.488  ; 7.422  ;
; SW[7]      ; LED[1]      ; 7.033  ; 7.033  ; 7.462  ; 7.461  ;
; SW[8]      ; HEX0[0]     ; 9.485  ; 9.479  ; 9.986  ; 9.983  ;
; SW[8]      ; HEX0[1]     ; 10.461 ; 10.540 ; 10.936 ; 11.047 ;
; SW[8]      ; HEX0[2]     ; 10.004 ; 10.065 ; 10.479 ; 10.572 ;
; SW[8]      ; HEX0[3]     ; 9.979  ; 10.016 ; 10.486 ; 10.523 ;
; SW[8]      ; HEX0[4]     ; 9.984  ; 10.015 ; 10.491 ; 10.490 ;
; SW[8]      ; HEX0[5]     ; 9.938  ; 10.026 ; 10.445 ; 10.522 ;
; SW[8]      ; HEX0[6]     ; 9.982  ; 10.051 ; 10.471 ; 10.558 ;
; SW[8]      ; LED[0]      ; 8.408  ; 8.045  ; 8.426  ; 8.872  ;
; SW[8]      ; LED[1]      ; 8.397  ; 8.374  ; 8.869  ; 8.878  ;
+------------+-------------+--------+--------+--------+--------+


+----------------------------------------------------------+
; Minimum Propagation Delay                                ;
+------------+-------------+-------+-------+-------+-------+
; Input Port ; Output Port ; RR    ; RF    ; FR    ; FF    ;
+------------+-------------+-------+-------+-------+-------+
; SW[0]      ; HEX0[0]     ; 4.646 ; 4.540 ; 5.203 ; 5.116 ;
; SW[0]      ; HEX0[1]     ; 4.826 ; 4.783 ; 5.383 ; 5.340 ;
; SW[0]      ; HEX0[2]     ; 4.674 ; 4.537 ; 5.250 ; 5.094 ;
; SW[0]      ; HEX0[3]     ; 4.540 ; 4.530 ; 5.097 ; 5.087 ;
; SW[0]      ; HEX0[4]     ; 4.541 ; 4.662 ; 5.098 ; 5.238 ;
; SW[0]      ; HEX0[5]     ; 4.539 ; 4.660 ; 5.096 ; 5.236 ;
; SW[0]      ; HEX0[6]     ; 4.535 ; 4.525 ; 5.092 ; 5.082 ;
; SW[0]      ; LED[0]      ; 4.807 ;       ;       ; 5.492 ;
; SW[0]      ; LED[1]      ; 4.816 ; 4.862 ; 5.433 ; 5.498 ;
; SW[1]      ; HEX0[0]     ; 4.694 ; 4.580 ; 5.245 ; 5.151 ;
; SW[1]      ; HEX0[1]     ; 5.093 ; 5.055 ; 5.644 ; 5.606 ;
; SW[1]      ; HEX0[2]     ; 4.819 ; 4.929 ; 5.370 ; 5.500 ;
; SW[1]      ; HEX0[3]     ; 4.808 ; 4.803 ; 5.359 ; 5.354 ;
; SW[1]      ; HEX0[4]     ; 4.947 ; 4.804 ; 5.518 ; 5.355 ;
; SW[1]      ; HEX0[5]     ; 4.808 ; 4.803 ; 5.359 ; 5.354 ;
; SW[1]      ; HEX0[6]     ; 4.804 ; 4.798 ; 5.355 ; 5.349 ;
; SW[1]      ; LED[0]      ; 4.545 ;       ;       ; 5.204 ;
; SW[1]      ; LED[1]      ; 4.554 ; 4.600 ; 5.145 ; 5.210 ;
; SW[2]      ; HEX0[0]     ; 4.986 ; 4.884 ; 5.559 ; 5.457 ;
; SW[2]      ; HEX0[1]     ; 5.275 ; 5.385 ; 5.848 ; 5.940 ;
; SW[2]      ; HEX0[2]     ; 5.019 ; 5.013 ; 5.592 ; 5.586 ;
; SW[2]      ; HEX0[3]     ; 4.996 ; 4.984 ; 5.569 ; 5.557 ;
; SW[2]      ; HEX0[4]     ; 5.026 ; 4.979 ; 5.599 ; 5.552 ;
; SW[2]      ; HEX0[5]     ; 5.005 ; 4.984 ; 5.578 ; 5.557 ;
; SW[2]      ; HEX0[6]     ; 4.990 ; 4.978 ; 5.563 ; 5.551 ;
; SW[2]      ; LED[0]      ; 4.423 ;       ;       ; 5.064 ;
; SW[2]      ; LED[1]      ; 4.432 ; 4.478 ; 5.005 ; 5.070 ;
; SW[3]      ; HEX0[0]     ; 4.731 ; 4.595 ; 5.301 ; 5.168 ;
; SW[3]      ; HEX0[1]     ; 5.173 ; 5.124 ; 5.746 ; 5.697 ;
; SW[3]      ; HEX0[2]     ; 4.916 ; 4.911 ; 5.489 ; 5.484 ;
; SW[3]      ; HEX0[3]     ; 4.909 ; 4.880 ; 5.482 ; 5.453 ;
; SW[3]      ; HEX0[4]     ; 5.013 ; 4.874 ; 5.579 ; 5.447 ;
; SW[3]      ; HEX0[5]     ; 4.900 ; 4.874 ; 5.473 ; 5.447 ;
; SW[3]      ; HEX0[6]     ; 4.925 ; 4.869 ; 5.498 ; 5.442 ;
; SW[3]      ; LED[0]      ; 4.119 ;       ;       ; 4.733 ;
; SW[3]      ; LED[1]      ; 4.127 ; 4.177 ; 4.699 ; 4.742 ;
; SW[4]      ; HEX0[0]     ; 4.597 ; 4.495 ; 5.162 ; 5.053 ;
; SW[4]      ; HEX0[1]     ; 4.777 ; 4.734 ; 5.342 ; 5.299 ;
; SW[4]      ; HEX0[2]     ; 4.629 ; 4.488 ; 5.187 ; 5.053 ;
; SW[4]      ; HEX0[3]     ; 4.491 ; 4.481 ; 5.056 ; 5.046 ;
; SW[4]      ; HEX0[4]     ; 4.492 ; 4.617 ; 5.057 ; 5.175 ;
; SW[4]      ; HEX0[5]     ; 4.490 ; 4.615 ; 5.055 ; 5.173 ;
; SW[4]      ; HEX0[6]     ; 4.486 ; 4.476 ; 5.051 ; 5.041 ;
; SW[4]      ; LED[0]      ; 4.757 ; 4.883 ; 5.327 ; 5.427 ;
; SW[4]      ; LED[1]      ; 4.766 ; 4.812 ; 5.336 ; 5.382 ;
; SW[5]      ; HEX0[0]     ; 5.091 ; 4.989 ; 5.649 ; 5.547 ;
; SW[5]      ; HEX0[1]     ; 5.288 ; 5.250 ; 5.872 ; 5.834 ;
; SW[5]      ; HEX0[2]     ; 5.014 ; 5.129 ; 5.598 ; 5.713 ;
; SW[5]      ; HEX0[3]     ; 5.003 ; 4.998 ; 5.587 ; 5.582 ;
; SW[5]      ; HEX0[4]     ; 5.147 ; 4.999 ; 5.731 ; 5.583 ;
; SW[5]      ; HEX0[5]     ; 5.003 ; 4.998 ; 5.587 ; 5.582 ;
; SW[5]      ; HEX0[6]     ; 4.999 ; 4.993 ; 5.583 ; 5.577 ;
; SW[5]      ; LED[0]      ; 4.742 ; 4.856 ; 5.326 ; 5.423 ;
; SW[5]      ; LED[1]      ; 4.751 ; 4.797 ; 5.335 ; 5.381 ;
; SW[6]      ; HEX0[0]     ; 4.979 ; 4.876 ; 5.562 ; 5.460 ;
; SW[6]      ; HEX0[1]     ; 5.267 ; 5.377 ; 5.851 ; 5.942 ;
; SW[6]      ; HEX0[2]     ; 5.011 ; 5.005 ; 5.595 ; 5.589 ;
; SW[6]      ; HEX0[3]     ; 4.988 ; 4.976 ; 5.572 ; 5.560 ;
; SW[6]      ; HEX0[4]     ; 5.018 ; 4.971 ; 5.602 ; 5.555 ;
; SW[6]      ; HEX0[5]     ; 4.997 ; 4.976 ; 5.581 ; 5.560 ;
; SW[6]      ; HEX0[6]     ; 4.982 ; 4.970 ; 5.566 ; 5.554 ;
; SW[6]      ; LED[0]      ; 4.421 ; 4.498 ; 4.996 ; 5.063 ;
; SW[6]      ; LED[1]      ; 4.430 ; 4.476 ; 5.004 ; 5.051 ;
; SW[7]      ; HEX0[0]     ; 4.668 ; 4.532 ; 5.227 ; 5.098 ;
; SW[7]      ; HEX0[1]     ; 5.110 ; 5.061 ; 5.676 ; 5.627 ;
; SW[7]      ; HEX0[2]     ; 4.853 ; 4.848 ; 5.419 ; 5.414 ;
; SW[7]      ; HEX0[3]     ; 4.846 ; 4.817 ; 5.412 ; 5.383 ;
; SW[7]      ; HEX0[4]     ; 4.958 ; 4.811 ; 5.505 ; 5.377 ;
; SW[7]      ; HEX0[5]     ; 4.837 ; 4.811 ; 5.403 ; 5.377 ;
; SW[7]      ; HEX0[6]     ; 4.862 ; 4.806 ; 5.428 ; 5.372 ;
; SW[7]      ; LED[0]      ; 4.063 ; 4.122 ; 4.638 ; 4.662 ;
; SW[7]      ; LED[1]      ; 4.073 ; 4.133 ; 4.648 ; 4.673 ;
; SW[8]      ; HEX0[0]     ; 4.685 ; 4.549 ; 5.246 ; 5.116 ;
; SW[8]      ; HEX0[1]     ; 5.112 ; 5.078 ; 5.657 ; 5.627 ;
; SW[8]      ; HEX0[2]     ; 4.846 ; 4.850 ; 5.391 ; 5.395 ;
; SW[8]      ; HEX0[3]     ; 4.833 ; 4.821 ; 5.378 ; 5.366 ;
; SW[8]      ; HEX0[4]     ; 4.863 ; 4.816 ; 5.408 ; 5.361 ;
; SW[8]      ; HEX0[5]     ; 4.835 ; 4.821 ; 5.380 ; 5.366 ;
; SW[8]      ; HEX0[6]     ; 4.827 ; 4.815 ; 5.372 ; 5.360 ;
; SW[8]      ; LED[0]      ; 4.089 ; 4.149 ; 4.676 ; 4.693 ;
; SW[8]      ; LED[1]      ; 4.088 ; 4.149 ; 4.673 ; 4.692 ;
+------------+-------------+-------+-------+-------+-------+


+------------------------------------------------------------------------------------------------------------------------------------------------------------------------------------------------------------------------------------------------------------------------------------------------------------------------------------------------------------------------------------------------------------------+
; Board Trace Model Assignments                                                                                                                                                                                                                                                                                                                                                                                    ;
+---------------+--------------+-------------------+-------------------------+-------------------------+---------------+---------------------+----------------+------------------+--------+------------------+------------------------+------------------------+--------------+---------------+-----------------+-------+---------------------+--------------------+---------------+-----------------+-------------+
; Pin           ; I/O Standard ; Near Tline Length ; Near Tline L per Length ; Near Tline C per Length ; Near Series R ; Near Differential R ; Near Pull-up R ; Near Pull-down R ; Near C ; Far Tline Length ; Far Tline L per Length ; Far Tline C per Length ; Far Series R ; Far Pull-up R ; Far Pull-down R ; Far C ; Termination Voltage ; Far Differential R ; EBD File Name ; EBD Signal Name ; EBD Far-end ;
+---------------+--------------+-------------------+-------------------------+-------------------------+---------------+---------------------+----------------+------------------+--------+------------------+------------------------+------------------------+--------------+---------------+-----------------+-------+---------------------+--------------------+---------------+-----------------+-------------+
; HEX0[0]       ; 2.5 V        ; 0 in              ; 0 H/in                  ; 0 F/in                  ; short         ; -                   ; open           ; open             ; open   ; 0 in             ; 0 H/in                 ; 0 F/in                 ; short        ; open          ; open            ; open  ; 0 V                 ; -                  ; n/a           ; n/a             ; n/a         ;
; HEX0[1]       ; 2.5 V        ; 0 in              ; 0 H/in                  ; 0 F/in                  ; short         ; -                   ; open           ; open             ; open   ; 0 in             ; 0 H/in                 ; 0 F/in                 ; short        ; open          ; open            ; open  ; 0 V                 ; -                  ; n/a           ; n/a             ; n/a         ;
; HEX0[2]       ; 2.5 V        ; 0 in              ; 0 H/in                  ; 0 F/in                  ; short         ; -                   ; open           ; open             ; open   ; 0 in             ; 0 H/in                 ; 0 F/in                 ; short        ; open          ; open            ; open  ; 0 V                 ; -                  ; n/a           ; n/a             ; n/a         ;
; HEX0[3]       ; 2.5 V        ; 0 in              ; 0 H/in                  ; 0 F/in                  ; short         ; -                   ; open           ; open             ; open   ; 0 in             ; 0 H/in                 ; 0 F/in                 ; short        ; open          ; open            ; open  ; 0 V                 ; -                  ; n/a           ; n/a             ; n/a         ;
; HEX0[4]       ; 2.5 V        ; 0 in              ; 0 H/in                  ; 0 F/in                  ; short         ; -                   ; open           ; open             ; open   ; 0 in             ; 0 H/in                 ; 0 F/in                 ; short        ; open          ; open            ; open  ; 0 V                 ; -                  ; n/a           ; n/a             ; n/a         ;
; HEX0[5]       ; 2.5 V        ; 0 in              ; 0 H/in                  ; 0 F/in                  ; short         ; -                   ; open           ; open             ; open   ; 0 in             ; 0 H/in                 ; 0 F/in                 ; short        ; open          ; open            ; open  ; 0 V                 ; -                  ; n/a           ; n/a             ; n/a         ;
; HEX0[6]       ; 2.5 V        ; 0 in              ; 0 H/in                  ; 0 F/in                  ; short         ; -                   ; open           ; open             ; open   ; 0 in             ; 0 H/in                 ; 0 F/in                 ; short        ; open          ; open            ; open  ; 0 V                 ; -                  ; n/a           ; n/a             ; n/a         ;
; HEX1[0]       ; 2.5 V        ; 0 in              ; 0 H/in                  ; 0 F/in                  ; short         ; -                   ; open           ; open             ; open   ; 0 in             ; 0 H/in                 ; 0 F/in                 ; short        ; open          ; open            ; open  ; 0 V                 ; -                  ; n/a           ; n/a             ; n/a         ;
; HEX1[1]       ; 2.5 V        ; 0 in              ; 0 H/in                  ; 0 F/in                  ; short         ; -                   ; open           ; open             ; open   ; 0 in             ; 0 H/in                 ; 0 F/in                 ; short        ; open          ; open            ; open  ; 0 V                 ; -                  ; n/a           ; n/a             ; n/a         ;
; HEX1[2]       ; 2.5 V        ; 0 in              ; 0 H/in                  ; 0 F/in                  ; short         ; -                   ; open           ; open             ; open   ; 0 in             ; 0 H/in                 ; 0 F/in                 ; short        ; open          ; open            ; open  ; 0 V                 ; -                  ; n/a           ; n/a             ; n/a         ;
; HEX1[3]       ; 2.5 V        ; 0 in              ; 0 H/in                  ; 0 F/in                  ; short         ; -                   ; open           ; open             ; open   ; 0 in             ; 0 H/in                 ; 0 F/in                 ; short        ; open          ; open            ; open  ; 0 V                 ; -                  ; n/a           ; n/a             ; n/a         ;
; HEX1[4]       ; 2.5 V        ; 0 in              ; 0 H/in                  ; 0 F/in                  ; short         ; -                   ; open           ; open             ; open   ; 0 in             ; 0 H/in                 ; 0 F/in                 ; short        ; open          ; open            ; open  ; 0 V                 ; -                  ; n/a           ; n/a             ; n/a         ;
; HEX1[5]       ; 2.5 V        ; 0 in              ; 0 H/in                  ; 0 F/in                  ; short         ; -                   ; open           ; open             ; open   ; 0 in             ; 0 H/in                 ; 0 F/in                 ; short        ; open          ; open            ; open  ; 0 V                 ; -                  ; n/a           ; n/a             ; n/a         ;
; HEX1[6]       ; 2.5 V        ; 0 in              ; 0 H/in                  ; 0 F/in                  ; short         ; -                   ; open           ; open             ; open   ; 0 in             ; 0 H/in                 ; 0 F/in                 ; short        ; open          ; open            ; open  ; 0 V                 ; -                  ; n/a           ; n/a             ; n/a         ;
; HEX2[0]       ; 2.5 V        ; 0 in              ; 0 H/in                  ; 0 F/in                  ; short         ; -                   ; open           ; open             ; open   ; 0 in             ; 0 H/in                 ; 0 F/in                 ; short        ; open          ; open            ; open  ; 0 V                 ; -                  ; n/a           ; n/a             ; n/a         ;
; HEX2[1]       ; 2.5 V        ; 0 in              ; 0 H/in                  ; 0 F/in                  ; short         ; -                   ; open           ; open             ; open   ; 0 in             ; 0 H/in                 ; 0 F/in                 ; short        ; open          ; open            ; open  ; 0 V                 ; -                  ; n/a           ; n/a             ; n/a         ;
; HEX2[2]       ; 2.5 V        ; 0 in              ; 0 H/in                  ; 0 F/in                  ; short         ; -                   ; open           ; open             ; open   ; 0 in             ; 0 H/in                 ; 0 F/in                 ; short        ; open          ; open            ; open  ; 0 V                 ; -                  ; n/a           ; n/a             ; n/a         ;
; HEX2[3]       ; 2.5 V        ; 0 in              ; 0 H/in                  ; 0 F/in                  ; short         ; -                   ; open           ; open             ; open   ; 0 in             ; 0 H/in                 ; 0 F/in                 ; short        ; open          ; open            ; open  ; 0 V                 ; -                  ; n/a           ; n/a             ; n/a         ;
; HEX2[4]       ; 2.5 V        ; 0 in              ; 0 H/in                  ; 0 F/in                  ; short         ; -                   ; open           ; open             ; open   ; 0 in             ; 0 H/in                 ; 0 F/in                 ; short        ; open          ; open            ; open  ; 0 V                 ; -                  ; n/a           ; n/a             ; n/a         ;
; HEX2[5]       ; 2.5 V        ; 0 in              ; 0 H/in                  ; 0 F/in                  ; short         ; -                   ; open           ; open             ; open   ; 0 in             ; 0 H/in                 ; 0 F/in                 ; short        ; open          ; open            ; open  ; 0 V                 ; -                  ; n/a           ; n/a             ; n/a         ;
; HEX2[6]       ; 2.5 V        ; 0 in              ; 0 H/in                  ; 0 F/in                  ; short         ; -                   ; open           ; open             ; open   ; 0 in             ; 0 H/in                 ; 0 F/in                 ; short        ; open          ; open            ; open  ; 0 V                 ; -                  ; n/a           ; n/a             ; n/a         ;
; HEX3[0]       ; 2.5 V        ; 0 in              ; 0 H/in                  ; 0 F/in                  ; short         ; -                   ; open           ; open             ; open   ; 0 in             ; 0 H/in                 ; 0 F/in                 ; short        ; open          ; open            ; open  ; 0 V                 ; -                  ; n/a           ; n/a             ; n/a         ;
; HEX3[1]       ; 2.5 V        ; 0 in              ; 0 H/in                  ; 0 F/in                  ; short         ; -                   ; open           ; open             ; open   ; 0 in             ; 0 H/in                 ; 0 F/in                 ; short        ; open          ; open            ; open  ; 0 V                 ; -                  ; n/a           ; n/a             ; n/a         ;
; HEX3[2]       ; 2.5 V        ; 0 in              ; 0 H/in                  ; 0 F/in                  ; short         ; -                   ; open           ; open             ; open   ; 0 in             ; 0 H/in                 ; 0 F/in                 ; short        ; open          ; open            ; open  ; 0 V                 ; -                  ; n/a           ; n/a             ; n/a         ;
; HEX3[3]       ; 2.5 V        ; 0 in              ; 0 H/in                  ; 0 F/in                  ; short         ; -                   ; open           ; open             ; open   ; 0 in             ; 0 H/in                 ; 0 F/in                 ; short        ; open          ; open            ; open  ; 0 V                 ; -                  ; n/a           ; n/a             ; n/a         ;
; HEX3[4]       ; 2.5 V        ; 0 in              ; 0 H/in                  ; 0 F/in                  ; short         ; -                   ; open           ; open             ; open   ; 0 in             ; 0 H/in                 ; 0 F/in                 ; short        ; open          ; open            ; open  ; 0 V                 ; -                  ; n/a           ; n/a             ; n/a         ;
; HEX3[5]       ; 2.5 V        ; 0 in              ; 0 H/in                  ; 0 F/in                  ; short         ; -                   ; open           ; open             ; open   ; 0 in             ; 0 H/in                 ; 0 F/in                 ; short        ; open          ; open            ; open  ; 0 V                 ; -                  ; n/a           ; n/a             ; n/a         ;
; HEX3[6]       ; 2.5 V        ; 0 in              ; 0 H/in                  ; 0 F/in                  ; short         ; -                   ; open           ; open             ; open   ; 0 in             ; 0 H/in                 ; 0 F/in                 ; short        ; open          ; open            ; open  ; 0 V                 ; -                  ; n/a           ; n/a             ; n/a         ;
; LED[0]        ; 2.5 V        ; 0 in              ; 0 H/in                  ; 0 F/in                  ; short         ; -                   ; open           ; open             ; open   ; 0 in             ; 0 H/in                 ; 0 F/in                 ; short        ; open          ; open            ; open  ; 0 V                 ; -                  ; n/a           ; n/a             ; n/a         ;
; LED[1]        ; 2.5 V        ; 0 in              ; 0 H/in                  ; 0 F/in                  ; short         ; -                   ; open           ; open             ; open   ; 0 in             ; 0 H/in                 ; 0 F/in                 ; short        ; open          ; open            ; open  ; 0 V                 ; -                  ; n/a           ; n/a             ; n/a         ;
; LED[2]        ; 2.5 V        ; 0 in              ; 0 H/in                  ; 0 F/in                  ; short         ; -                   ; open           ; open             ; open   ; 0 in             ; 0 H/in                 ; 0 F/in                 ; short        ; open          ; open            ; open  ; 0 V                 ; -                  ; n/a           ; n/a             ; n/a         ;
; LED[3]        ; 2.5 V        ; 0 in              ; 0 H/in                  ; 0 F/in                  ; short         ; -                   ; open           ; open             ; open   ; 0 in             ; 0 H/in                 ; 0 F/in                 ; short        ; open          ; open            ; open  ; 0 V                 ; -                  ; n/a           ; n/a             ; n/a         ;
; LED[4]        ; 2.5 V        ; 0 in              ; 0 H/in                  ; 0 F/in                  ; short         ; -                   ; open           ; open             ; open   ; 0 in             ; 0 H/in                 ; 0 F/in                 ; short        ; open          ; open            ; open  ; 0 V                 ; -                  ; n/a           ; n/a             ; n/a         ;
; LED[5]        ; 2.5 V        ; 0 in              ; 0 H/in                  ; 0 F/in                  ; short         ; -                   ; open           ; open             ; open   ; 0 in             ; 0 H/in                 ; 0 F/in                 ; short        ; open          ; open            ; open  ; 0 V                 ; -                  ; n/a           ; n/a             ; n/a         ;
; LED[6]        ; 2.5 V        ; 0 in              ; 0 H/in                  ; 0 F/in                  ; short         ; -                   ; open           ; open             ; open   ; 0 in             ; 0 H/in                 ; 0 F/in                 ; short        ; open          ; open            ; open  ; 0 V                 ; -                  ; n/a           ; n/a             ; n/a         ;
; LED[7]        ; 2.5 V        ; 0 in              ; 0 H/in                  ; 0 F/in                  ; short         ; -                   ; open           ; open             ; open   ; 0 in             ; 0 H/in                 ; 0 F/in                 ; short        ; open          ; open            ; open  ; 0 V                 ; -                  ; n/a           ; n/a             ; n/a         ;
; LED[8]        ; 2.5 V        ; 0 in              ; 0 H/in                  ; 0 F/in                  ; short         ; -                   ; open           ; open             ; open   ; 0 in             ; 0 H/in                 ; 0 F/in                 ; short        ; open          ; open            ; open  ; 0 V                 ; -                  ; n/a           ; n/a             ; n/a         ;
; LED[9]        ; 2.5 V        ; 0 in              ; 0 H/in                  ; 0 F/in                  ; short         ; -                   ; open           ; open             ; open   ; 0 in             ; 0 H/in                 ; 0 F/in                 ; short        ; open          ; open            ; open  ; 0 V                 ; -                  ; n/a           ; n/a             ; n/a         ;
; ~ALTERA_DCLK~ ; 2.5 V        ; 0 in              ; 0 H/in                  ; 0 F/in                  ; short         ; -                   ; open           ; open             ; open   ; 0 in             ; 0 H/in                 ; 0 F/in                 ; short        ; open          ; open            ; open  ; 0 V                 ; -                  ; n/a           ; n/a             ; n/a         ;
; ~ALTERA_nCEO~ ; 2.5 V        ; 0 in              ; 0 H/in                  ; 0 F/in                  ; short         ; -                   ; open           ; open             ; open   ; 0 in             ; 0 H/in                 ; 0 F/in                 ; short        ; open          ; open            ; open  ; 0 V                 ; -                  ; n/a           ; n/a             ; n/a         ;
+---------------+--------------+-------------------+-------------------------+-------------------------+---------------+---------------------+----------------+------------------+--------+------------------+------------------------+------------------------+--------------+---------------+-----------------+-------+---------------------+--------------------+---------------+-----------------+-------------+


+----------------------------------------------------------------------------+
; Input Transition Times                                                     ;
+-------------------------+--------------+-----------------+-----------------+
; Pin                     ; I/O Standard ; 10-90 Rise Time ; 90-10 Fall Time ;
+-------------------------+--------------+-----------------+-----------------+
; CLK                     ; 2.5 V        ; 2000 ps         ; 2000 ps         ;
; SW[9]                   ; 2.5 V        ; 2000 ps         ; 2000 ps         ;
; BTN[0]                  ; 2.5 V        ; 2000 ps         ; 2000 ps         ;
; BTN[1]                  ; 2.5 V        ; 2000 ps         ; 2000 ps         ;
; BTN[2]                  ; 2.5 V        ; 2000 ps         ; 2000 ps         ;
; SW[5]                   ; 2.5 V        ; 2000 ps         ; 2000 ps         ;
; SW[8]                   ; 2.5 V        ; 2000 ps         ; 2000 ps         ;
; SW[1]                   ; 2.5 V        ; 2000 ps         ; 2000 ps         ;
; SW[4]                   ; 2.5 V        ; 2000 ps         ; 2000 ps         ;
; SW[0]                   ; 2.5 V        ; 2000 ps         ; 2000 ps         ;
; SW[2]                   ; 2.5 V        ; 2000 ps         ; 2000 ps         ;
; SW[6]                   ; 2.5 V        ; 2000 ps         ; 2000 ps         ;
; SW[3]                   ; 2.5 V        ; 2000 ps         ; 2000 ps         ;
; SW[7]                   ; 2.5 V        ; 2000 ps         ; 2000 ps         ;
; ~ALTERA_ASDO_DATA1~     ; 2.5 V        ; 2000 ps         ; 2000 ps         ;
; ~ALTERA_FLASH_nCE_nCSO~ ; 2.5 V        ; 2000 ps         ; 2000 ps         ;
; ~ALTERA_DATA0~          ; 2.5 V        ; 2000 ps         ; 2000 ps         ;
+-------------------------+--------------+-----------------+-----------------+


+--------------------------------------------------------------------------------------------------------------------------------------------------------------------------------------------------------------------------------------------------------------------------------------------------------------------------------------------------------------------------------------------------------------------------------------------------------------------------------------------------------------------------------------------------------------------------------------------------------------------------------------------------------------------------------------------+
; Slow Corner Signal Integrity Metrics                                                                                                                                                                                                                                                                                                                                                                                                                                                                                                                                                                                                                                                       ;
+---------------+--------------+---------------------+---------------------+------------------------------+------------------------------+---------------------+---------------------+--------------------------------------+--------------------------------------+-----------------------------+-----------------------------+----------------------------+----------------------------+-----------------------------+-----------------------------+--------------------+--------------------+-------------------------------------+-------------------------------------+----------------------------+----------------------------+---------------------------+---------------------------+
; Pin           ; I/O Standard ; Board Delay on Rise ; Board Delay on Fall ; Steady State Voh at FPGA Pin ; Steady State Vol at FPGA Pin ; Voh Max at FPGA Pin ; Vol Min at FPGA Pin ; Ringback Voltage on Rise at FPGA Pin ; Ringback Voltage on Fall at FPGA Pin ; 10-90 Rise Time at FPGA Pin ; 90-10 Fall Time at FPGA Pin ; Monotonic Rise at FPGA Pin ; Monotonic Fall at FPGA Pin ; Steady State Voh at Far-end ; Steady State Vol at Far-end ; Voh Max at Far-end ; Vol Min at Far-end ; Ringback Voltage on Rise at Far-end ; Ringback Voltage on Fall at Far-end ; 10-90 Rise Time at Far-end ; 90-10 Fall Time at Far-end ; Monotonic Rise at Far-end ; Monotonic Fall at Far-end ;
+---------------+--------------+---------------------+---------------------+------------------------------+------------------------------+---------------------+---------------------+--------------------------------------+--------------------------------------+-----------------------------+-----------------------------+----------------------------+----------------------------+-----------------------------+-----------------------------+--------------------+--------------------+-------------------------------------+-------------------------------------+----------------------------+----------------------------+---------------------------+---------------------------+
; HEX0[0]       ; 2.5 V        ; 0 s                 ; 0 s                 ; 2.32 V                       ; 1.08e-06 V                   ; 2.36 V              ; -0.0113 V           ; 0.122 V                              ; 0.022 V                              ; 4.5e-10 s                   ; 4.45e-10 s                  ; Yes                        ; Yes                        ; 2.32 V                      ; 1.08e-06 V                  ; 2.36 V             ; -0.0113 V          ; 0.122 V                             ; 0.022 V                             ; 4.5e-10 s                  ; 4.45e-10 s                 ; Yes                       ; Yes                       ;
; HEX0[1]       ; 2.5 V        ; 0 s                 ; 0 s                 ; 2.32 V                       ; 1.08e-06 V                   ; 2.36 V              ; -0.0113 V           ; 0.122 V                              ; 0.022 V                              ; 4.5e-10 s                   ; 4.45e-10 s                  ; Yes                        ; Yes                        ; 2.32 V                      ; 1.08e-06 V                  ; 2.36 V             ; -0.0113 V          ; 0.122 V                             ; 0.022 V                             ; 4.5e-10 s                  ; 4.45e-10 s                 ; Yes                       ; Yes                       ;
; HEX0[2]       ; 2.5 V        ; 0 s                 ; 0 s                 ; 2.32 V                       ; 1.08e-06 V                   ; 2.36 V              ; -0.0113 V           ; 0.122 V                              ; 0.022 V                              ; 4.5e-10 s                   ; 4.45e-10 s                  ; Yes                        ; Yes                        ; 2.32 V                      ; 1.08e-06 V                  ; 2.36 V             ; -0.0113 V          ; 0.122 V                             ; 0.022 V                             ; 4.5e-10 s                  ; 4.45e-10 s                 ; Yes                       ; Yes                       ;
; HEX0[3]       ; 2.5 V        ; 0 s                 ; 0 s                 ; 2.32 V                       ; 1.08e-06 V                   ; 2.36 V              ; -0.0113 V           ; 0.122 V                              ; 0.022 V                              ; 4.5e-10 s                   ; 4.45e-10 s                  ; Yes                        ; Yes                        ; 2.32 V                      ; 1.08e-06 V                  ; 2.36 V             ; -0.0113 V          ; 0.122 V                             ; 0.022 V                             ; 4.5e-10 s                  ; 4.45e-10 s                 ; Yes                       ; Yes                       ;
; HEX0[4]       ; 2.5 V        ; 0 s                 ; 0 s                 ; 2.32 V                       ; 1.08e-06 V                   ; 2.36 V              ; -0.0113 V           ; 0.122 V                              ; 0.022 V                              ; 4.5e-10 s                   ; 4.45e-10 s                  ; Yes                        ; Yes                        ; 2.32 V                      ; 1.08e-06 V                  ; 2.36 V             ; -0.0113 V          ; 0.122 V                             ; 0.022 V                             ; 4.5e-10 s                  ; 4.45e-10 s                 ; Yes                       ; Yes                       ;
; HEX0[5]       ; 2.5 V        ; 0 s                 ; 0 s                 ; 2.32 V                       ; 1.08e-06 V                   ; 2.36 V              ; -0.0113 V           ; 0.122 V                              ; 0.022 V                              ; 4.5e-10 s                   ; 4.45e-10 s                  ; Yes                        ; Yes                        ; 2.32 V                      ; 1.08e-06 V                  ; 2.36 V             ; -0.0113 V          ; 0.122 V                             ; 0.022 V                             ; 4.5e-10 s                  ; 4.45e-10 s                 ; Yes                       ; Yes                       ;
; HEX0[6]       ; 2.5 V        ; 0 s                 ; 0 s                 ; 2.32 V                       ; 1.08e-06 V                   ; 2.36 V              ; -0.0113 V           ; 0.122 V                              ; 0.022 V                              ; 4.5e-10 s                   ; 4.45e-10 s                  ; Yes                        ; Yes                        ; 2.32 V                      ; 1.08e-06 V                  ; 2.36 V             ; -0.0113 V          ; 0.122 V                             ; 0.022 V                             ; 4.5e-10 s                  ; 4.45e-10 s                 ; Yes                       ; Yes                       ;
; HEX1[0]       ; 2.5 V        ; 0 s                 ; 0 s                 ; 2.32 V                       ; 1.08e-06 V                   ; 2.36 V              ; -0.0113 V           ; 0.122 V                              ; 0.022 V                              ; 4.5e-10 s                   ; 4.45e-10 s                  ; Yes                        ; Yes                        ; 2.32 V                      ; 1.08e-06 V                  ; 2.36 V             ; -0.0113 V          ; 0.122 V                             ; 0.022 V                             ; 4.5e-10 s                  ; 4.45e-10 s                 ; Yes                       ; Yes                       ;
; HEX1[1]       ; 2.5 V        ; 0 s                 ; 0 s                 ; 2.32 V                       ; 1.08e-06 V                   ; 2.36 V              ; -0.0113 V           ; 0.122 V                              ; 0.022 V                              ; 4.5e-10 s                   ; 4.45e-10 s                  ; Yes                        ; Yes                        ; 2.32 V                      ; 1.08e-06 V                  ; 2.36 V             ; -0.0113 V          ; 0.122 V                             ; 0.022 V                             ; 4.5e-10 s                  ; 4.45e-10 s                 ; Yes                       ; Yes                       ;
; HEX1[2]       ; 2.5 V        ; 0 s                 ; 0 s                 ; 2.32 V                       ; 1.08e-06 V                   ; 2.36 V              ; -0.0113 V           ; 0.122 V                              ; 0.022 V                              ; 4.5e-10 s                   ; 4.45e-10 s                  ; Yes                        ; Yes                        ; 2.32 V                      ; 1.08e-06 V                  ; 2.36 V             ; -0.0113 V          ; 0.122 V                             ; 0.022 V                             ; 4.5e-10 s                  ; 4.45e-10 s                 ; Yes                       ; Yes                       ;
; HEX1[3]       ; 2.5 V        ; 0 s                 ; 0 s                 ; 2.32 V                       ; 1.08e-06 V                   ; 2.36 V              ; -0.0113 V           ; 0.122 V                              ; 0.022 V                              ; 4.5e-10 s                   ; 4.45e-10 s                  ; Yes                        ; Yes                        ; 2.32 V                      ; 1.08e-06 V                  ; 2.36 V             ; -0.0113 V          ; 0.122 V                             ; 0.022 V                             ; 4.5e-10 s                  ; 4.45e-10 s                 ; Yes                       ; Yes                       ;
; HEX1[4]       ; 2.5 V        ; 0 s                 ; 0 s                 ; 2.32 V                       ; 1.08e-06 V                   ; 2.36 V              ; -0.0113 V           ; 0.122 V                              ; 0.022 V                              ; 4.5e-10 s                   ; 4.45e-10 s                  ; Yes                        ; Yes                        ; 2.32 V                      ; 1.08e-06 V                  ; 2.36 V             ; -0.0113 V          ; 0.122 V                             ; 0.022 V                             ; 4.5e-10 s                  ; 4.45e-10 s                 ; Yes                       ; Yes                       ;
; HEX1[5]       ; 2.5 V        ; 0 s                 ; 0 s                 ; 2.32 V                       ; 1.08e-06 V                   ; 2.36 V              ; -0.0113 V           ; 0.122 V                              ; 0.022 V                              ; 4.5e-10 s                   ; 4.45e-10 s                  ; Yes                        ; Yes                        ; 2.32 V                      ; 1.08e-06 V                  ; 2.36 V             ; -0.0113 V          ; 0.122 V                             ; 0.022 V                             ; 4.5e-10 s                  ; 4.45e-10 s                 ; Yes                       ; Yes                       ;
; HEX1[6]       ; 2.5 V        ; 0 s                 ; 0 s                 ; 2.32 V                       ; 1.08e-06 V                   ; 2.36 V              ; -0.0113 V           ; 0.122 V                              ; 0.022 V                              ; 4.5e-10 s                   ; 4.45e-10 s                  ; Yes                        ; Yes                        ; 2.32 V                      ; 1.08e-06 V                  ; 2.36 V             ; -0.0113 V          ; 0.122 V                             ; 0.022 V                             ; 4.5e-10 s                  ; 4.45e-10 s                 ; Yes                       ; Yes                       ;
; HEX2[0]       ; 2.5 V        ; 0 s                 ; 0 s                 ; 2.32 V                       ; 1.08e-06 V                   ; 2.36 V              ; -0.0113 V           ; 0.122 V                              ; 0.022 V                              ; 4.5e-10 s                   ; 4.45e-10 s                  ; Yes                        ; Yes                        ; 2.32 V                      ; 1.08e-06 V                  ; 2.36 V             ; -0.0113 V          ; 0.122 V                             ; 0.022 V                             ; 4.5e-10 s                  ; 4.45e-10 s                 ; Yes                       ; Yes                       ;
; HEX2[1]       ; 2.5 V        ; 0 s                 ; 0 s                 ; 2.32 V                       ; 1.08e-06 V                   ; 2.36 V              ; -0.0113 V           ; 0.122 V                              ; 0.022 V                              ; 4.5e-10 s                   ; 4.45e-10 s                  ; Yes                        ; Yes                        ; 2.32 V                      ; 1.08e-06 V                  ; 2.36 V             ; -0.0113 V          ; 0.122 V                             ; 0.022 V                             ; 4.5e-10 s                  ; 4.45e-10 s                 ; Yes                       ; Yes                       ;
; HEX2[2]       ; 2.5 V        ; 0 s                 ; 0 s                 ; 2.32 V                       ; 1.08e-06 V                   ; 2.36 V              ; -0.0113 V           ; 0.122 V                              ; 0.022 V                              ; 4.5e-10 s                   ; 4.45e-10 s                  ; Yes                        ; Yes                        ; 2.32 V                      ; 1.08e-06 V                  ; 2.36 V             ; -0.0113 V          ; 0.122 V                             ; 0.022 V                             ; 4.5e-10 s                  ; 4.45e-10 s                 ; Yes                       ; Yes                       ;
; HEX2[3]       ; 2.5 V        ; 0 s                 ; 0 s                 ; 2.32 V                       ; 1.08e-06 V                   ; 2.36 V              ; -0.0113 V           ; 0.122 V                              ; 0.022 V                              ; 4.5e-10 s                   ; 4.45e-10 s                  ; Yes                        ; Yes                        ; 2.32 V                      ; 1.08e-06 V                  ; 2.36 V             ; -0.0113 V          ; 0.122 V                             ; 0.022 V                             ; 4.5e-10 s                  ; 4.45e-10 s                 ; Yes                       ; Yes                       ;
; HEX2[4]       ; 2.5 V        ; 0 s                 ; 0 s                 ; 2.32 V                       ; 1.08e-06 V                   ; 2.36 V              ; -0.0113 V           ; 0.122 V                              ; 0.022 V                              ; 4.5e-10 s                   ; 4.45e-10 s                  ; Yes                        ; Yes                        ; 2.32 V                      ; 1.08e-06 V                  ; 2.36 V             ; -0.0113 V          ; 0.122 V                             ; 0.022 V                             ; 4.5e-10 s                  ; 4.45e-10 s                 ; Yes                       ; Yes                       ;
; HEX2[5]       ; 2.5 V        ; 0 s                 ; 0 s                 ; 2.32 V                       ; 1.08e-06 V                   ; 2.36 V              ; -0.0113 V           ; 0.122 V                              ; 0.022 V                              ; 4.5e-10 s                   ; 4.45e-10 s                  ; Yes                        ; Yes                        ; 2.32 V                      ; 1.08e-06 V                  ; 2.36 V             ; -0.0113 V          ; 0.122 V                             ; 0.022 V                             ; 4.5e-10 s                  ; 4.45e-10 s                 ; Yes                       ; Yes                       ;
; HEX2[6]       ; 2.5 V        ; 0 s                 ; 0 s                 ; 2.32 V                       ; 1.08e-06 V                   ; 2.36 V              ; -0.0113 V           ; 0.122 V                              ; 0.022 V                              ; 4.5e-10 s                   ; 4.45e-10 s                  ; Yes                        ; Yes                        ; 2.32 V                      ; 1.08e-06 V                  ; 2.36 V             ; -0.0113 V          ; 0.122 V                             ; 0.022 V                             ; 4.5e-10 s                  ; 4.45e-10 s                 ; Yes                       ; Yes                       ;
; HEX3[0]       ; 2.5 V        ; 0 s                 ; 0 s                 ; 2.32 V                       ; 1.08e-06 V                   ; 2.36 V              ; -0.0113 V           ; 0.122 V                              ; 0.022 V                              ; 4.5e-10 s                   ; 4.45e-10 s                  ; Yes                        ; Yes                        ; 2.32 V                      ; 1.08e-06 V                  ; 2.36 V             ; -0.0113 V          ; 0.122 V                             ; 0.022 V                             ; 4.5e-10 s                  ; 4.45e-10 s                 ; Yes                       ; Yes                       ;
; HEX3[1]       ; 2.5 V        ; 0 s                 ; 0 s                 ; 2.32 V                       ; 1.08e-06 V                   ; 2.36 V              ; -0.0113 V           ; 0.122 V                              ; 0.022 V                              ; 4.5e-10 s                   ; 4.45e-10 s                  ; Yes                        ; Yes                        ; 2.32 V                      ; 1.08e-06 V                  ; 2.36 V             ; -0.0113 V          ; 0.122 V                             ; 0.022 V                             ; 4.5e-10 s                  ; 4.45e-10 s                 ; Yes                       ; Yes                       ;
; HEX3[2]       ; 2.5 V        ; 0 s                 ; 0 s                 ; 2.32 V                       ; 1.08e-06 V                   ; 2.36 V              ; -0.0113 V           ; 0.122 V                              ; 0.022 V                              ; 4.5e-10 s                   ; 4.45e-10 s                  ; Yes                        ; Yes                        ; 2.32 V                      ; 1.08e-06 V                  ; 2.36 V             ; -0.0113 V          ; 0.122 V                             ; 0.022 V                             ; 4.5e-10 s                  ; 4.45e-10 s                 ; Yes                       ; Yes                       ;
; HEX3[3]       ; 2.5 V        ; 0 s                 ; 0 s                 ; 2.32 V                       ; 1.08e-06 V                   ; 2.36 V              ; -0.0113 V           ; 0.122 V                              ; 0.022 V                              ; 4.5e-10 s                   ; 4.45e-10 s                  ; Yes                        ; Yes                        ; 2.32 V                      ; 1.08e-06 V                  ; 2.36 V             ; -0.0113 V          ; 0.122 V                             ; 0.022 V                             ; 4.5e-10 s                  ; 4.45e-10 s                 ; Yes                       ; Yes                       ;
; HEX3[4]       ; 2.5 V        ; 0 s                 ; 0 s                 ; 2.32 V                       ; 1.08e-06 V                   ; 2.36 V              ; -0.0113 V           ; 0.122 V                              ; 0.022 V                              ; 4.5e-10 s                   ; 4.45e-10 s                  ; Yes                        ; Yes                        ; 2.32 V                      ; 1.08e-06 V                  ; 2.36 V             ; -0.0113 V          ; 0.122 V                             ; 0.022 V                             ; 4.5e-10 s                  ; 4.45e-10 s                 ; Yes                       ; Yes                       ;
; HEX3[5]       ; 2.5 V        ; 0 s                 ; 0 s                 ; 2.32 V                       ; 1.08e-06 V                   ; 2.36 V              ; -0.0113 V           ; 0.122 V                              ; 0.022 V                              ; 4.5e-10 s                   ; 4.45e-10 s                  ; Yes                        ; Yes                        ; 2.32 V                      ; 1.08e-06 V                  ; 2.36 V             ; -0.0113 V          ; 0.122 V                             ; 0.022 V                             ; 4.5e-10 s                  ; 4.45e-10 s                 ; Yes                       ; Yes                       ;
; HEX3[6]       ; 2.5 V        ; 0 s                 ; 0 s                 ; 2.32 V                       ; 1.08e-06 V                   ; 2.36 V              ; -0.0113 V           ; 0.122 V                              ; 0.022 V                              ; 4.5e-10 s                   ; 4.45e-10 s                  ; Yes                        ; Yes                        ; 2.32 V                      ; 1.08e-06 V                  ; 2.36 V             ; -0.0113 V          ; 0.122 V                             ; 0.022 V                             ; 4.5e-10 s                  ; 4.45e-10 s                 ; Yes                       ; Yes                       ;
; LED[0]        ; 2.5 V        ; 0 s                 ; 0 s                 ; 2.32 V                       ; 7.25e-07 V                   ; 2.35 V              ; -0.0111 V           ; 0.113 V                              ; 0.035 V                              ; 7.76e-10 s                  ; 8.04e-10 s                  ; Yes                        ; Yes                        ; 2.32 V                      ; 7.25e-07 V                  ; 2.35 V             ; -0.0111 V          ; 0.113 V                             ; 0.035 V                             ; 7.76e-10 s                 ; 8.04e-10 s                 ; Yes                       ; Yes                       ;
; LED[1]        ; 2.5 V        ; 0 s                 ; 0 s                 ; 2.32 V                       ; 7.25e-07 V                   ; 2.35 V              ; -0.0111 V           ; 0.113 V                              ; 0.035 V                              ; 7.76e-10 s                  ; 8.04e-10 s                  ; Yes                        ; Yes                        ; 2.32 V                      ; 7.25e-07 V                  ; 2.35 V             ; -0.0111 V          ; 0.113 V                             ; 0.035 V                             ; 7.76e-10 s                 ; 8.04e-10 s                 ; Yes                       ; Yes                       ;
; LED[2]        ; 2.5 V        ; 0 s                 ; 0 s                 ; 2.32 V                       ; 7.25e-07 V                   ; 2.33 V              ; -0.00317 V          ; 0.162 V                              ; 0.063 V                              ; 3.54e-09 s                  ; 3.41e-09 s                  ; Yes                        ; Yes                        ; 2.32 V                      ; 7.25e-07 V                  ; 2.33 V             ; -0.00317 V         ; 0.162 V                             ; 0.063 V                             ; 3.54e-09 s                 ; 3.41e-09 s                 ; Yes                       ; Yes                       ;
; LED[3]        ; 2.5 V        ; 0 s                 ; 0 s                 ; 2.32 V                       ; 7.25e-07 V                   ; 2.35 V              ; -0.0111 V           ; 0.113 V                              ; 0.035 V                              ; 7.76e-10 s                  ; 8.04e-10 s                  ; Yes                        ; Yes                        ; 2.32 V                      ; 7.25e-07 V                  ; 2.35 V             ; -0.0111 V          ; 0.113 V                             ; 0.035 V                             ; 7.76e-10 s                 ; 8.04e-10 s                 ; Yes                       ; Yes                       ;
; LED[4]        ; 2.5 V        ; 0 s                 ; 0 s                 ; 2.32 V                       ; 7.25e-07 V                   ; 2.35 V              ; -0.0111 V           ; 0.113 V                              ; 0.035 V                              ; 7.76e-10 s                  ; 8.04e-10 s                  ; Yes                        ; Yes                        ; 2.32 V                      ; 7.25e-07 V                  ; 2.35 V             ; -0.0111 V          ; 0.113 V                             ; 0.035 V                             ; 7.76e-10 s                 ; 8.04e-10 s                 ; Yes                       ; Yes                       ;
; LED[5]        ; 2.5 V        ; 0 s                 ; 0 s                 ; 2.32 V                       ; 7.25e-07 V                   ; 2.35 V              ; -0.0111 V           ; 0.113 V                              ; 0.035 V                              ; 7.76e-10 s                  ; 8.04e-10 s                  ; Yes                        ; Yes                        ; 2.32 V                      ; 7.25e-07 V                  ; 2.35 V             ; -0.0111 V          ; 0.113 V                             ; 0.035 V                             ; 7.76e-10 s                 ; 8.04e-10 s                 ; Yes                       ; Yes                       ;
; LED[6]        ; 2.5 V        ; 0 s                 ; 0 s                 ; 2.32 V                       ; 7.25e-07 V                   ; 2.35 V              ; -0.0111 V           ; 0.113 V                              ; 0.035 V                              ; 7.76e-10 s                  ; 8.04e-10 s                  ; Yes                        ; Yes                        ; 2.32 V                      ; 7.25e-07 V                  ; 2.35 V             ; -0.0111 V          ; 0.113 V                             ; 0.035 V                             ; 7.76e-10 s                 ; 8.04e-10 s                 ; Yes                       ; Yes                       ;
; LED[7]        ; 2.5 V        ; 0 s                 ; 0 s                 ; 2.32 V                       ; 7.25e-07 V                   ; 2.35 V              ; -0.0111 V           ; 0.113 V                              ; 0.035 V                              ; 7.76e-10 s                  ; 8.04e-10 s                  ; Yes                        ; Yes                        ; 2.32 V                      ; 7.25e-07 V                  ; 2.35 V             ; -0.0111 V          ; 0.113 V                             ; 0.035 V                             ; 7.76e-10 s                 ; 8.04e-10 s                 ; Yes                       ; Yes                       ;
; LED[8]        ; 2.5 V        ; 0 s                 ; 0 s                 ; 2.32 V                       ; 7.25e-07 V                   ; 2.35 V              ; -0.0111 V           ; 0.113 V                              ; 0.035 V                              ; 7.76e-10 s                  ; 8.04e-10 s                  ; Yes                        ; Yes                        ; 2.32 V                      ; 7.25e-07 V                  ; 2.35 V             ; -0.0111 V          ; 0.113 V                             ; 0.035 V                             ; 7.76e-10 s                 ; 8.04e-10 s                 ; Yes                       ; Yes                       ;
; LED[9]        ; 2.5 V        ; 0 s                 ; 0 s                 ; 2.32 V                       ; 7.25e-07 V                   ; 2.35 V              ; -0.0111 V           ; 0.113 V                              ; 0.035 V                              ; 7.76e-10 s                  ; 8.04e-10 s                  ; Yes                        ; Yes                        ; 2.32 V                      ; 7.25e-07 V                  ; 2.35 V             ; -0.0111 V          ; 0.113 V                             ; 0.035 V                             ; 7.76e-10 s                 ; 8.04e-10 s                 ; Yes                       ; Yes                       ;
; ~ALTERA_DCLK~ ; 2.5 V        ; 0 s                 ; 0 s                 ; 2.32 V                       ; 5.68e-07 V                   ; 2.35 V              ; -0.0132 V           ; 0.2 V                                ; 0.027 V                              ; 5.26e-10 s                  ; 4.81e-10 s                  ; Yes                        ; Yes                        ; 2.32 V                      ; 5.68e-07 V                  ; 2.35 V             ; -0.0132 V          ; 0.2 V                               ; 0.027 V                             ; 5.26e-10 s                 ; 4.81e-10 s                 ; Yes                       ; Yes                       ;
; ~ALTERA_nCEO~ ; 2.5 V        ; 0 s                 ; 0 s                 ; 2.32 V                       ; 9.36e-07 V                   ; 2.35 V              ; -0.00444 V          ; 0.18 V                               ; 0.019 V                              ; 7.23e-10 s                  ; 9.82e-10 s                  ; Yes                        ; Yes                        ; 2.32 V                      ; 9.36e-07 V                  ; 2.35 V             ; -0.00444 V         ; 0.18 V                              ; 0.019 V                             ; 7.23e-10 s                 ; 9.82e-10 s                 ; Yes                       ; Yes                       ;
+---------------+--------------+---------------------+---------------------+------------------------------+------------------------------+---------------------+---------------------+--------------------------------------+--------------------------------------+-----------------------------+-----------------------------+----------------------------+----------------------------+-----------------------------+-----------------------------+--------------------+--------------------+-------------------------------------+-------------------------------------+----------------------------+----------------------------+---------------------------+---------------------------+


+--------------------------------------------------------------------------------------------------------------------------------------------------------------------------------------------------------------------------------------------------------------------------------------------------------------------------------------------------------------------------------------------------------------------------------------------------------------------------------------------------------------------------------------------------------------------------------------------------------------------------------------------------------------------------------------------+
; Fast Corner Signal Integrity Metrics                                                                                                                                                                                                                                                                                                                                                                                                                                                                                                                                                                                                                                                       ;
+---------------+--------------+---------------------+---------------------+------------------------------+------------------------------+---------------------+---------------------+--------------------------------------+--------------------------------------+-----------------------------+-----------------------------+----------------------------+----------------------------+-----------------------------+-----------------------------+--------------------+--------------------+-------------------------------------+-------------------------------------+----------------------------+----------------------------+---------------------------+---------------------------+
; Pin           ; I/O Standard ; Board Delay on Rise ; Board Delay on Fall ; Steady State Voh at FPGA Pin ; Steady State Vol at FPGA Pin ; Voh Max at FPGA Pin ; Vol Min at FPGA Pin ; Ringback Voltage on Rise at FPGA Pin ; Ringback Voltage on Fall at FPGA Pin ; 10-90 Rise Time at FPGA Pin ; 90-10 Fall Time at FPGA Pin ; Monotonic Rise at FPGA Pin ; Monotonic Fall at FPGA Pin ; Steady State Voh at Far-end ; Steady State Vol at Far-end ; Voh Max at Far-end ; Vol Min at Far-end ; Ringback Voltage on Rise at Far-end ; Ringback Voltage on Fall at Far-end ; 10-90 Rise Time at Far-end ; 90-10 Fall Time at Far-end ; Monotonic Rise at Far-end ; Monotonic Fall at Far-end ;
+---------------+--------------+---------------------+---------------------+------------------------------+------------------------------+---------------------+---------------------+--------------------------------------+--------------------------------------+-----------------------------+-----------------------------+----------------------------+----------------------------+-----------------------------+-----------------------------+--------------------+--------------------+-------------------------------------+-------------------------------------+----------------------------+----------------------------+---------------------------+---------------------------+
; HEX0[0]       ; 2.5 V        ; 0 s                 ; 0 s                 ; 2.62 V                       ; 4.11e-08 V                   ; 2.73 V              ; -0.0566 V           ; 0.191 V                              ; 0.12 V                               ; 2.69e-10 s                  ; 2.76e-10 s                  ; Yes                        ; Yes                        ; 2.62 V                      ; 4.11e-08 V                  ; 2.73 V             ; -0.0566 V          ; 0.191 V                             ; 0.12 V                              ; 2.69e-10 s                 ; 2.76e-10 s                 ; Yes                       ; Yes                       ;
; HEX0[1]       ; 2.5 V        ; 0 s                 ; 0 s                 ; 2.62 V                       ; 4.11e-08 V                   ; 2.73 V              ; -0.0566 V           ; 0.191 V                              ; 0.12 V                               ; 2.69e-10 s                  ; 2.76e-10 s                  ; Yes                        ; Yes                        ; 2.62 V                      ; 4.11e-08 V                  ; 2.73 V             ; -0.0566 V          ; 0.191 V                             ; 0.12 V                              ; 2.69e-10 s                 ; 2.76e-10 s                 ; Yes                       ; Yes                       ;
; HEX0[2]       ; 2.5 V        ; 0 s                 ; 0 s                 ; 2.62 V                       ; 4.11e-08 V                   ; 2.73 V              ; -0.0566 V           ; 0.191 V                              ; 0.12 V                               ; 2.69e-10 s                  ; 2.76e-10 s                  ; Yes                        ; Yes                        ; 2.62 V                      ; 4.11e-08 V                  ; 2.73 V             ; -0.0566 V          ; 0.191 V                             ; 0.12 V                              ; 2.69e-10 s                 ; 2.76e-10 s                 ; Yes                       ; Yes                       ;
; HEX0[3]       ; 2.5 V        ; 0 s                 ; 0 s                 ; 2.62 V                       ; 4.11e-08 V                   ; 2.73 V              ; -0.0566 V           ; 0.191 V                              ; 0.12 V                               ; 2.69e-10 s                  ; 2.76e-10 s                  ; Yes                        ; Yes                        ; 2.62 V                      ; 4.11e-08 V                  ; 2.73 V             ; -0.0566 V          ; 0.191 V                             ; 0.12 V                              ; 2.69e-10 s                 ; 2.76e-10 s                 ; Yes                       ; Yes                       ;
; HEX0[4]       ; 2.5 V        ; 0 s                 ; 0 s                 ; 2.62 V                       ; 4.11e-08 V                   ; 2.73 V              ; -0.0566 V           ; 0.191 V                              ; 0.12 V                               ; 2.69e-10 s                  ; 2.76e-10 s                  ; Yes                        ; Yes                        ; 2.62 V                      ; 4.11e-08 V                  ; 2.73 V             ; -0.0566 V          ; 0.191 V                             ; 0.12 V                              ; 2.69e-10 s                 ; 2.76e-10 s                 ; Yes                       ; Yes                       ;
; HEX0[5]       ; 2.5 V        ; 0 s                 ; 0 s                 ; 2.62 V                       ; 4.11e-08 V                   ; 2.73 V              ; -0.0566 V           ; 0.191 V                              ; 0.12 V                               ; 2.69e-10 s                  ; 2.76e-10 s                  ; Yes                        ; Yes                        ; 2.62 V                      ; 4.11e-08 V                  ; 2.73 V             ; -0.0566 V          ; 0.191 V                             ; 0.12 V                              ; 2.69e-10 s                 ; 2.76e-10 s                 ; Yes                       ; Yes                       ;
; HEX0[6]       ; 2.5 V        ; 0 s                 ; 0 s                 ; 2.62 V                       ; 4.11e-08 V                   ; 2.73 V              ; -0.0566 V           ; 0.191 V                              ; 0.12 V                               ; 2.69e-10 s                  ; 2.76e-10 s                  ; Yes                        ; Yes                        ; 2.62 V                      ; 4.11e-08 V                  ; 2.73 V             ; -0.0566 V          ; 0.191 V                             ; 0.12 V                              ; 2.69e-10 s                 ; 2.76e-10 s                 ; Yes                       ; Yes                       ;
; HEX1[0]       ; 2.5 V        ; 0 s                 ; 0 s                 ; 2.62 V                       ; 4.11e-08 V                   ; 2.73 V              ; -0.0566 V           ; 0.191 V                              ; 0.12 V                               ; 2.69e-10 s                  ; 2.76e-10 s                  ; Yes                        ; Yes                        ; 2.62 V                      ; 4.11e-08 V                  ; 2.73 V             ; -0.0566 V          ; 0.191 V                             ; 0.12 V                              ; 2.69e-10 s                 ; 2.76e-10 s                 ; Yes                       ; Yes                       ;
; HEX1[1]       ; 2.5 V        ; 0 s                 ; 0 s                 ; 2.62 V                       ; 4.11e-08 V                   ; 2.73 V              ; -0.0566 V           ; 0.191 V                              ; 0.12 V                               ; 2.69e-10 s                  ; 2.76e-10 s                  ; Yes                        ; Yes                        ; 2.62 V                      ; 4.11e-08 V                  ; 2.73 V             ; -0.0566 V          ; 0.191 V                             ; 0.12 V                              ; 2.69e-10 s                 ; 2.76e-10 s                 ; Yes                       ; Yes                       ;
; HEX1[2]       ; 2.5 V        ; 0 s                 ; 0 s                 ; 2.62 V                       ; 4.11e-08 V                   ; 2.73 V              ; -0.0566 V           ; 0.191 V                              ; 0.12 V                               ; 2.69e-10 s                  ; 2.76e-10 s                  ; Yes                        ; Yes                        ; 2.62 V                      ; 4.11e-08 V                  ; 2.73 V             ; -0.0566 V          ; 0.191 V                             ; 0.12 V                              ; 2.69e-10 s                 ; 2.76e-10 s                 ; Yes                       ; Yes                       ;
; HEX1[3]       ; 2.5 V        ; 0 s                 ; 0 s                 ; 2.62 V                       ; 4.11e-08 V                   ; 2.73 V              ; -0.0566 V           ; 0.191 V                              ; 0.12 V                               ; 2.69e-10 s                  ; 2.76e-10 s                  ; Yes                        ; Yes                        ; 2.62 V                      ; 4.11e-08 V                  ; 2.73 V             ; -0.0566 V          ; 0.191 V                             ; 0.12 V                              ; 2.69e-10 s                 ; 2.76e-10 s                 ; Yes                       ; Yes                       ;
; HEX1[4]       ; 2.5 V        ; 0 s                 ; 0 s                 ; 2.62 V                       ; 4.11e-08 V                   ; 2.73 V              ; -0.0566 V           ; 0.191 V                              ; 0.12 V                               ; 2.69e-10 s                  ; 2.76e-10 s                  ; Yes                        ; Yes                        ; 2.62 V                      ; 4.11e-08 V                  ; 2.73 V             ; -0.0566 V          ; 0.191 V                             ; 0.12 V                              ; 2.69e-10 s                 ; 2.76e-10 s                 ; Yes                       ; Yes                       ;
; HEX1[5]       ; 2.5 V        ; 0 s                 ; 0 s                 ; 2.62 V                       ; 4.11e-08 V                   ; 2.73 V              ; -0.0566 V           ; 0.191 V                              ; 0.12 V                               ; 2.69e-10 s                  ; 2.76e-10 s                  ; Yes                        ; Yes                        ; 2.62 V                      ; 4.11e-08 V                  ; 2.73 V             ; -0.0566 V          ; 0.191 V                             ; 0.12 V                              ; 2.69e-10 s                 ; 2.76e-10 s                 ; Yes                       ; Yes                       ;
; HEX1[6]       ; 2.5 V        ; 0 s                 ; 0 s                 ; 2.62 V                       ; 4.11e-08 V                   ; 2.73 V              ; -0.0566 V           ; 0.191 V                              ; 0.12 V                               ; 2.69e-10 s                  ; 2.76e-10 s                  ; Yes                        ; Yes                        ; 2.62 V                      ; 4.11e-08 V                  ; 2.73 V             ; -0.0566 V          ; 0.191 V                             ; 0.12 V                              ; 2.69e-10 s                 ; 2.76e-10 s                 ; Yes                       ; Yes                       ;
; HEX2[0]       ; 2.5 V        ; 0 s                 ; 0 s                 ; 2.62 V                       ; 4.11e-08 V                   ; 2.73 V              ; -0.0566 V           ; 0.191 V                              ; 0.12 V                               ; 2.69e-10 s                  ; 2.76e-10 s                  ; Yes                        ; Yes                        ; 2.62 V                      ; 4.11e-08 V                  ; 2.73 V             ; -0.0566 V          ; 0.191 V                             ; 0.12 V                              ; 2.69e-10 s                 ; 2.76e-10 s                 ; Yes                       ; Yes                       ;
; HEX2[1]       ; 2.5 V        ; 0 s                 ; 0 s                 ; 2.62 V                       ; 4.11e-08 V                   ; 2.73 V              ; -0.0566 V           ; 0.191 V                              ; 0.12 V                               ; 2.69e-10 s                  ; 2.76e-10 s                  ; Yes                        ; Yes                        ; 2.62 V                      ; 4.11e-08 V                  ; 2.73 V             ; -0.0566 V          ; 0.191 V                             ; 0.12 V                              ; 2.69e-10 s                 ; 2.76e-10 s                 ; Yes                       ; Yes                       ;
; HEX2[2]       ; 2.5 V        ; 0 s                 ; 0 s                 ; 2.62 V                       ; 4.11e-08 V                   ; 2.73 V              ; -0.0566 V           ; 0.191 V                              ; 0.12 V                               ; 2.69e-10 s                  ; 2.76e-10 s                  ; Yes                        ; Yes                        ; 2.62 V                      ; 4.11e-08 V                  ; 2.73 V             ; -0.0566 V          ; 0.191 V                             ; 0.12 V                              ; 2.69e-10 s                 ; 2.76e-10 s                 ; Yes                       ; Yes                       ;
; HEX2[3]       ; 2.5 V        ; 0 s                 ; 0 s                 ; 2.62 V                       ; 4.11e-08 V                   ; 2.73 V              ; -0.0566 V           ; 0.191 V                              ; 0.12 V                               ; 2.69e-10 s                  ; 2.76e-10 s                  ; Yes                        ; Yes                        ; 2.62 V                      ; 4.11e-08 V                  ; 2.73 V             ; -0.0566 V          ; 0.191 V                             ; 0.12 V                              ; 2.69e-10 s                 ; 2.76e-10 s                 ; Yes                       ; Yes                       ;
; HEX2[4]       ; 2.5 V        ; 0 s                 ; 0 s                 ; 2.62 V                       ; 4.11e-08 V                   ; 2.73 V              ; -0.0566 V           ; 0.191 V                              ; 0.12 V                               ; 2.69e-10 s                  ; 2.76e-10 s                  ; Yes                        ; Yes                        ; 2.62 V                      ; 4.11e-08 V                  ; 2.73 V             ; -0.0566 V          ; 0.191 V                             ; 0.12 V                              ; 2.69e-10 s                 ; 2.76e-10 s                 ; Yes                       ; Yes                       ;
; HEX2[5]       ; 2.5 V        ; 0 s                 ; 0 s                 ; 2.62 V                       ; 4.11e-08 V                   ; 2.73 V              ; -0.0566 V           ; 0.191 V                              ; 0.12 V                               ; 2.69e-10 s                  ; 2.76e-10 s                  ; Yes                        ; Yes                        ; 2.62 V                      ; 4.11e-08 V                  ; 2.73 V             ; -0.0566 V          ; 0.191 V                             ; 0.12 V                              ; 2.69e-10 s                 ; 2.76e-10 s                 ; Yes                       ; Yes                       ;
; HEX2[6]       ; 2.5 V        ; 0 s                 ; 0 s                 ; 2.62 V                       ; 4.11e-08 V                   ; 2.73 V              ; -0.0566 V           ; 0.191 V                              ; 0.12 V                               ; 2.69e-10 s                  ; 2.76e-10 s                  ; Yes                        ; Yes                        ; 2.62 V                      ; 4.11e-08 V                  ; 2.73 V             ; -0.0566 V          ; 0.191 V                             ; 0.12 V                              ; 2.69e-10 s                 ; 2.76e-10 s                 ; Yes                       ; Yes                       ;
; HEX3[0]       ; 2.5 V        ; 0 s                 ; 0 s                 ; 2.62 V                       ; 4.11e-08 V                   ; 2.73 V              ; -0.0566 V           ; 0.191 V                              ; 0.12 V                               ; 2.69e-10 s                  ; 2.76e-10 s                  ; Yes                        ; Yes                        ; 2.62 V                      ; 4.11e-08 V                  ; 2.73 V             ; -0.0566 V          ; 0.191 V                             ; 0.12 V                              ; 2.69e-10 s                 ; 2.76e-10 s                 ; Yes                       ; Yes                       ;
; HEX3[1]       ; 2.5 V        ; 0 s                 ; 0 s                 ; 2.62 V                       ; 4.11e-08 V                   ; 2.73 V              ; -0.0566 V           ; 0.191 V                              ; 0.12 V                               ; 2.69e-10 s                  ; 2.76e-10 s                  ; Yes                        ; Yes                        ; 2.62 V                      ; 4.11e-08 V                  ; 2.73 V             ; -0.0566 V          ; 0.191 V                             ; 0.12 V                              ; 2.69e-10 s                 ; 2.76e-10 s                 ; Yes                       ; Yes                       ;
; HEX3[2]       ; 2.5 V        ; 0 s                 ; 0 s                 ; 2.62 V                       ; 4.11e-08 V                   ; 2.73 V              ; -0.0566 V           ; 0.191 V                              ; 0.12 V                               ; 2.69e-10 s                  ; 2.76e-10 s                  ; Yes                        ; Yes                        ; 2.62 V                      ; 4.11e-08 V                  ; 2.73 V             ; -0.0566 V          ; 0.191 V                             ; 0.12 V                              ; 2.69e-10 s                 ; 2.76e-10 s                 ; Yes                       ; Yes                       ;
; HEX3[3]       ; 2.5 V        ; 0 s                 ; 0 s                 ; 2.62 V                       ; 4.11e-08 V                   ; 2.73 V              ; -0.0566 V           ; 0.191 V                              ; 0.12 V                               ; 2.69e-10 s                  ; 2.76e-10 s                  ; Yes                        ; Yes                        ; 2.62 V                      ; 4.11e-08 V                  ; 2.73 V             ; -0.0566 V          ; 0.191 V                             ; 0.12 V                              ; 2.69e-10 s                 ; 2.76e-10 s                 ; Yes                       ; Yes                       ;
; HEX3[4]       ; 2.5 V        ; 0 s                 ; 0 s                 ; 2.62 V                       ; 4.11e-08 V                   ; 2.73 V              ; -0.0566 V           ; 0.191 V                              ; 0.12 V                               ; 2.69e-10 s                  ; 2.76e-10 s                  ; Yes                        ; Yes                        ; 2.62 V                      ; 4.11e-08 V                  ; 2.73 V             ; -0.0566 V          ; 0.191 V                             ; 0.12 V                              ; 2.69e-10 s                 ; 2.76e-10 s                 ; Yes                       ; Yes                       ;
; HEX3[5]       ; 2.5 V        ; 0 s                 ; 0 s                 ; 2.62 V                       ; 4.11e-08 V                   ; 2.73 V              ; -0.0566 V           ; 0.191 V                              ; 0.12 V                               ; 2.69e-10 s                  ; 2.76e-10 s                  ; Yes                        ; Yes                        ; 2.62 V                      ; 4.11e-08 V                  ; 2.73 V             ; -0.0566 V          ; 0.191 V                             ; 0.12 V                              ; 2.69e-10 s                 ; 2.76e-10 s                 ; Yes                       ; Yes                       ;
; HEX3[6]       ; 2.5 V        ; 0 s                 ; 0 s                 ; 2.62 V                       ; 4.11e-08 V                   ; 2.73 V              ; -0.0566 V           ; 0.191 V                              ; 0.12 V                               ; 2.69e-10 s                  ; 2.76e-10 s                  ; Yes                        ; Yes                        ; 2.62 V                      ; 4.11e-08 V                  ; 2.73 V             ; -0.0566 V          ; 0.191 V                             ; 0.12 V                              ; 2.69e-10 s                 ; 2.76e-10 s                 ; Yes                       ; Yes                       ;
; LED[0]        ; 2.5 V        ; 0 s                 ; 0 s                 ; 2.62 V                       ; 2.78e-08 V                   ; 2.71 V              ; -0.0349 V           ; 0.253 V                              ; 0.069 V                              ; 4.96e-10 s                  ; 5.19e-10 s                  ; No                         ; Yes                        ; 2.62 V                      ; 2.78e-08 V                  ; 2.71 V             ; -0.0349 V          ; 0.253 V                             ; 0.069 V                             ; 4.96e-10 s                 ; 5.19e-10 s                 ; No                        ; Yes                       ;
; LED[1]        ; 2.5 V        ; 0 s                 ; 0 s                 ; 2.62 V                       ; 2.78e-08 V                   ; 2.71 V              ; -0.0349 V           ; 0.253 V                              ; 0.069 V                              ; 4.96e-10 s                  ; 5.19e-10 s                  ; No                         ; Yes                        ; 2.62 V                      ; 2.78e-08 V                  ; 2.71 V             ; -0.0349 V          ; 0.253 V                             ; 0.069 V                             ; 4.96e-10 s                 ; 5.19e-10 s                 ; No                        ; Yes                       ;
; LED[2]        ; 2.5 V        ; 0 s                 ; 0 s                 ; 2.62 V                       ; 2.78e-08 V                   ; 2.64 V              ; -0.0109 V           ; 0.244 V                              ; 0.16 V                               ; 2.42e-09 s                  ; 2.37e-09 s                  ; No                         ; Yes                        ; 2.62 V                      ; 2.78e-08 V                  ; 2.64 V             ; -0.0109 V          ; 0.244 V                             ; 0.16 V                              ; 2.42e-09 s                 ; 2.37e-09 s                 ; No                        ; Yes                       ;
; LED[3]        ; 2.5 V        ; 0 s                 ; 0 s                 ; 2.62 V                       ; 2.78e-08 V                   ; 2.71 V              ; -0.0349 V           ; 0.253 V                              ; 0.069 V                              ; 4.96e-10 s                  ; 5.19e-10 s                  ; No                         ; Yes                        ; 2.62 V                      ; 2.78e-08 V                  ; 2.71 V             ; -0.0349 V          ; 0.253 V                             ; 0.069 V                             ; 4.96e-10 s                 ; 5.19e-10 s                 ; No                        ; Yes                       ;
; LED[4]        ; 2.5 V        ; 0 s                 ; 0 s                 ; 2.62 V                       ; 2.78e-08 V                   ; 2.71 V              ; -0.0349 V           ; 0.253 V                              ; 0.069 V                              ; 4.96e-10 s                  ; 5.19e-10 s                  ; No                         ; Yes                        ; 2.62 V                      ; 2.78e-08 V                  ; 2.71 V             ; -0.0349 V          ; 0.253 V                             ; 0.069 V                             ; 4.96e-10 s                 ; 5.19e-10 s                 ; No                        ; Yes                       ;
; LED[5]        ; 2.5 V        ; 0 s                 ; 0 s                 ; 2.62 V                       ; 2.78e-08 V                   ; 2.71 V              ; -0.0349 V           ; 0.253 V                              ; 0.069 V                              ; 4.96e-10 s                  ; 5.19e-10 s                  ; No                         ; Yes                        ; 2.62 V                      ; 2.78e-08 V                  ; 2.71 V             ; -0.0349 V          ; 0.253 V                             ; 0.069 V                             ; 4.96e-10 s                 ; 5.19e-10 s                 ; No                        ; Yes                       ;
; LED[6]        ; 2.5 V        ; 0 s                 ; 0 s                 ; 2.62 V                       ; 2.78e-08 V                   ; 2.71 V              ; -0.0349 V           ; 0.253 V                              ; 0.069 V                              ; 4.96e-10 s                  ; 5.19e-10 s                  ; No                         ; Yes                        ; 2.62 V                      ; 2.78e-08 V                  ; 2.71 V             ; -0.0349 V          ; 0.253 V                             ; 0.069 V                             ; 4.96e-10 s                 ; 5.19e-10 s                 ; No                        ; Yes                       ;
; LED[7]        ; 2.5 V        ; 0 s                 ; 0 s                 ; 2.62 V                       ; 2.78e-08 V                   ; 2.71 V              ; -0.0349 V           ; 0.253 V                              ; 0.069 V                              ; 4.96e-10 s                  ; 5.19e-10 s                  ; No                         ; Yes                        ; 2.62 V                      ; 2.78e-08 V                  ; 2.71 V             ; -0.0349 V          ; 0.253 V                             ; 0.069 V                             ; 4.96e-10 s                 ; 5.19e-10 s                 ; No                        ; Yes                       ;
; LED[8]        ; 2.5 V        ; 0 s                 ; 0 s                 ; 2.62 V                       ; 2.78e-08 V                   ; 2.71 V              ; -0.0349 V           ; 0.253 V                              ; 0.069 V                              ; 4.96e-10 s                  ; 5.19e-10 s                  ; No                         ; Yes                        ; 2.62 V                      ; 2.78e-08 V                  ; 2.71 V             ; -0.0349 V          ; 0.253 V                             ; 0.069 V                             ; 4.96e-10 s                 ; 5.19e-10 s                 ; No                        ; Yes                       ;
; LED[9]        ; 2.5 V        ; 0 s                 ; 0 s                 ; 2.62 V                       ; 2.78e-08 V                   ; 2.71 V              ; -0.0349 V           ; 0.253 V                              ; 0.069 V                              ; 4.96e-10 s                  ; 5.19e-10 s                  ; No                         ; Yes                        ; 2.62 V                      ; 2.78e-08 V                  ; 2.71 V             ; -0.0349 V          ; 0.253 V                             ; 0.069 V                             ; 4.96e-10 s                 ; 5.19e-10 s                 ; No                        ; Yes                       ;
; ~ALTERA_DCLK~ ; 2.5 V        ; 0 s                 ; 0 s                 ; 2.62 V                       ; 2.22e-08 V                   ; 2.72 V              ; -0.0747 V           ; 0.28 V                               ; 0.169 V                              ; 3.1e-10 s                   ; 3.01e-10 s                  ; No                         ; Yes                        ; 2.62 V                      ; 2.22e-08 V                  ; 2.72 V             ; -0.0747 V          ; 0.28 V                              ; 0.169 V                             ; 3.1e-10 s                  ; 3.01e-10 s                 ; No                        ; Yes                       ;
; ~ALTERA_nCEO~ ; 2.5 V        ; 0 s                 ; 0 s                 ; 2.62 V                       ; 3.53e-08 V                   ; 2.7 V               ; -0.0212 V           ; 0.204 V                              ; 0.049 V                              ; 4.85e-10 s                  ; 6.73e-10 s                  ; No                         ; Yes                        ; 2.62 V                      ; 3.53e-08 V                  ; 2.7 V              ; -0.0212 V          ; 0.204 V                             ; 0.049 V                             ; 4.85e-10 s                 ; 6.73e-10 s                 ; No                        ; Yes                       ;
+---------------+--------------+---------------------+---------------------+------------------------------+------------------------------+---------------------+---------------------+--------------------------------------+--------------------------------------+-----------------------------+-----------------------------+----------------------------+----------------------------+-----------------------------+-----------------------------+--------------------+--------------------+-------------------------------------+-------------------------------------+----------------------------+----------------------------+---------------------------+---------------------------+


-------------------
; Clock Transfers ;
-------------------
Nothing to report.


---------------
; Report TCCS ;
---------------
No dedicated SERDES Transmitter circuitry present in device or used in design


---------------
; Report RSKM ;
---------------
No non-DPA dedicated SERDES Receiver circuitry present in device or used in design


+------------------------------------------------+
; Unconstrained Paths                            ;
+---------------------------------+-------+------+
; Property                        ; Setup ; Hold ;
+---------------------------------+-------+------+
; Illegal Clocks                  ; 0     ; 0    ;
; Unconstrained Clocks            ; 0     ; 0    ;
; Unconstrained Input Ports       ; 9     ; 9    ;
; Unconstrained Input Port Paths  ; 81    ; 81   ;
; Unconstrained Output Ports      ; 9     ; 9    ;
; Unconstrained Output Port Paths ; 81    ; 81   ;
+---------------------------------+-------+------+


+------------------------------------+
; TimeQuest Timing Analyzer Messages ;
+------------------------------------+
Info: *******************************************************************
Info: Running Quartus II 64-Bit TimeQuest Timing Analyzer
    Info: Version 13.1.0 Build 162 10/23/2013 SJ Web Edition
    Info: Processing started: Tue Apr 29 15:05:50 2025
Info: Command: quartus_sta mcu -c mcu
Info: qsta_default_script.tcl version: #1
Info (11104): Parallel Compilation has detected 12 hyper-threaded processors. However, the extra hyper-threaded processors will not be used by default. Parallel Compilation will use 8 of the 8 physical processors detected instead.
Info (21077): Core supply voltage is 1.2V
Info (21077): Low junction temperature is 0 degrees C
Info (21077): High junction temperature is 85 degrees C
Info (332104): Reading SDC File: 'mcu.sdc'
Warning (332174): Ignored filter at mcu.sdc(9): CLOCK_50 could not be matched with a port
Warning (332049): Ignored create_clock at mcu.sdc(9): Argument <targets> is an empty collection
    Info (332050): create_clock -period 20.000ns [get_ports CLOCK_50]
Info (332151): Clock uncertainty is not calculated until you update the timing netlist.
Info (332142): No user constrained base clocks found in the design. Calling "derive_clocks -period 1.0"
Info (332096): The command derive_clocks did not find any clocks to derive.  No clocks were created or changed.
Warning (332068): No clocks defined in design.
Info (332154): The derive_clock_uncertainty command did not apply clock uncertainty to any clock-to-clock transfers.
Info: Found TIMEQUEST_REPORT_SCRIPT_INCLUDE_DEFAULT_ANALYSIS = ON
Info (332159): No clocks to report
Info: Analyzing Slow 1200mV 85C Model
Info (332140): No fmax paths to report
Info (332140): No Setup paths to report
Info (332140): No Hold paths to report
Info (332140): No Recovery paths to report
Info (332140): No Removal paths to report
Info (332140): No Minimum Pulse Width paths to report
Info: Analyzing Slow 1200mV 0C Model
Info (334003): Started post-fitting delay annotation
Info (334004): Delay annotation completed successfully
Info (332142): No user constrained base clocks found in the design. Calling "derive_clocks -period 1.0"
Info (332096): The command derive_clocks did not find any clocks to derive.  No clocks were created or changed.
Warning (332068): No clocks defined in design.
Info (332154): The derive_clock_uncertainty command did not apply clock uncertainty to any clock-to-clock transfers.
Info (332140): No fmax paths to report
Info (332140): No Setup paths to report
Info (332140): No Hold paths to report
Info (332140): No Recovery paths to report
Info (332140): No Removal paths to report
Info (332140): No Minimum Pulse Width paths to report
Info: Analyzing Fast 1200mV 0C Model
Info (332142): No user constrained base clocks found in the design. Calling "derive_clocks -period 1.0"
Info (332096): The command derive_clocks did not find any clocks to derive.  No clocks were created or changed.
Warning (332068): No clocks defined in design.
Info (332154): The derive_clock_uncertainty command did not apply clock uncertainty to any clock-to-clock transfers.
Info (332140): No Setup paths to report
Info (332140): No Hold paths to report
Info (332140): No Recovery paths to report
Info (332140): No Removal paths to report
Info (332140): No Minimum Pulse Width paths to report
Info (332102): Design is not fully constrained for setup requirements
Info (332102): Design is not fully constrained for hold requirements
Info: Quartus II 64-Bit TimeQuest Timing Analyzer was successful. 0 errors, 5 warnings
    Info: Peak virtual memory: 4714 megabytes
    Info: Processing ended: Tue Apr 29 15:05:52 2025
    Info: Elapsed time: 00:00:02
    Info: Total CPU time (on all processors): 00:00:01


