TimeQuest Timing Analyzer report for mcu
Tue May 20 15:05:16 2025
Quartus II 64-Bit Version 13.1.0 Build 162 10/23/2013 SJ Web Edition


---------------------
; Table of Contents ;
---------------------
  1. Legal Notice
  2. TimeQuest Timing Analyzer Summary
  3. Parallel Compilation
  4. SDC File List
  5. Clocks
  6. Slow 1200mV 85C Model Fmax Summary
  7. Timing Closure Recommendations
  8. Slow 1200mV 85C Model Setup Summary
  9. Slow 1200mV 85C Model Hold Summary
 10. Slow 1200mV 85C Model Recovery Summary
 11. Slow 1200mV 85C Model Removal Summary
 12. Slow 1200mV 85C Model Minimum Pulse Width Summary
 13. Slow 1200mV 85C Model Setup: 'CLK'
 14. Slow 1200mV 85C Model Setup: 'freg_div_23:freg1|q[18]'
 15. Slow 1200mV 85C Model Hold: 'CLK'
 16. Slow 1200mV 85C Model Hold: 'freg_div_23:freg1|q[18]'
 17. Slow 1200mV 85C Model Minimum Pulse Width: 'CLK'
 18. Slow 1200mV 85C Model Minimum Pulse Width: 'freg_div_23:freg1|q[18]'
 19. Setup Times
 20. Hold Times
 21. Clock to Output Times
 22. Minimum Clock to Output Times
 23. Slow 1200mV 85C Model Metastability Report
 24. Slow 1200mV 0C Model Fmax Summary
 25. Slow 1200mV 0C Model Setup Summary
 26. Slow 1200mV 0C Model Hold Summary
 27. Slow 1200mV 0C Model Recovery Summary
 28. Slow 1200mV 0C Model Removal Summary
 29. Slow 1200mV 0C Model Minimum Pulse Width Summary
 30. Slow 1200mV 0C Model Setup: 'CLK'
 31. Slow 1200mV 0C Model Setup: 'freg_div_23:freg1|q[18]'
 32. Slow 1200mV 0C Model Hold: 'CLK'
 33. Slow 1200mV 0C Model Hold: 'freg_div_23:freg1|q[18]'
 34. Slow 1200mV 0C Model Minimum Pulse Width: 'CLK'
 35. Slow 1200mV 0C Model Minimum Pulse Width: 'freg_div_23:freg1|q[18]'
 36. Setup Times
 37. Hold Times
 38. Clock to Output Times
 39. Minimum Clock to Output Times
 40. Slow 1200mV 0C Model Metastability Report
 41. Fast 1200mV 0C Model Setup Summary
 42. Fast 1200mV 0C Model Hold Summary
 43. Fast 1200mV 0C Model Recovery Summary
 44. Fast 1200mV 0C Model Removal Summary
 45. Fast 1200mV 0C Model Minimum Pulse Width Summary
 46. Fast 1200mV 0C Model Setup: 'CLK'
 47. Fast 1200mV 0C Model Setup: 'freg_div_23:freg1|q[18]'
 48. Fast 1200mV 0C Model Hold: 'CLK'
 49. Fast 1200mV 0C Model Hold: 'freg_div_23:freg1|q[18]'
 50. Fast 1200mV 0C Model Minimum Pulse Width: 'CLK'
 51. Fast 1200mV 0C Model Minimum Pulse Width: 'freg_div_23:freg1|q[18]'
 52. Setup Times
 53. Hold Times
 54. Clock to Output Times
 55. Minimum Clock to Output Times
 56. Fast 1200mV 0C Model Metastability Report
 57. Multicorner Timing Analysis Summary
 58. Setup Times
 59. Hold Times
 60. Clock to Output Times
 61. Minimum Clock to Output Times
 62. Board Trace Model Assignments
 63. Input Transition Times
 64. Slow Corner Signal Integrity Metrics
 65. Fast Corner Signal Integrity Metrics
 66. Setup Transfers
 67. Hold Transfers
 68. Report TCCS
 69. Report RSKM
 70. Unconstrained Paths
 71. TimeQuest Timing Analyzer Messages



----------------
; Legal Notice ;
----------------
Copyright (C) 1991-2013 Altera Corporation
Your use of Altera Corporation's design tools, logic functions 
and other software and tools, and its AMPP partner logic 
functions, and any output files from any of the foregoing 
(including device programming or simulation files), and any 
associated documentation or information are expressly subject 
to the terms and conditions of the Altera Program License 
Subscription Agreement, Altera MegaCore Function License 
Agreement, or other applicable license agreement, including, 
without limitation, that your use is for the sole purpose of 
programming logic devices manufactured by Altera and sold by 
Altera or its authorized distributors.  Please refer to the 
applicable agreement for further details.



+-------------------------------------------------------------------------+
; TimeQuest Timing Analyzer Summary                                       ;
+--------------------+----------------------------------------------------+
; Quartus II Version ; Version 13.1.0 Build 162 10/23/2013 SJ Web Edition ;
; Revision Name      ; mcu                                                ;
; Device Family      ; Cyclone III                                        ;
; Device Name        ; EP3C16F484C6                                       ;
; Timing Models      ; Final                                              ;
; Delay Model        ; Combined                                           ;
; Rise/Fall Delays   ; Enabled                                            ;
+--------------------+----------------------------------------------------+


+------------------------------------------+
; Parallel Compilation                     ;
+----------------------------+-------------+
; Processors                 ; Number      ;
+----------------------------+-------------+
; Number detected on machine ; 12          ;
; Maximum allowed            ; 8           ;
;                            ;             ;
; Average used               ; 1.00        ;
; Maximum used               ; 8           ;
;                            ;             ;
; Usage by Processor         ; % Time Used ;
;     Processor 1            ; 100.0%      ;
;     Processors 2-8         ; < 0.1%      ;
;     Processors 9-12        ;   0.0%      ;
+----------------------------+-------------+


+---------------------------------------------------+
; SDC File List                                     ;
+---------------+--------+--------------------------+
; SDC File Path ; Status ; Read at                  ;
+---------------+--------+--------------------------+
; mcu.sdc       ; OK     ; Tue May 20 15:05:15 2025 ;
+---------------+--------+--------------------------+


+------------------------------------------------------------------------------------------------------------------------------------------------------------------------------------------------------------------+
; Clocks                                                                                                                                                                                                           ;
+-------------------------+------+--------+------------+-------+-------+------------+-----------+-------------+-------+--------+-----------+------------+----------+--------+--------+-----------------------------+
; Clock Name              ; Type ; Period ; Frequency  ; Rise  ; Fall  ; Duty Cycle ; Divide by ; Multiply by ; Phase ; Offset ; Edge List ; Edge Shift ; Inverted ; Master ; Source ; Targets                     ;
+-------------------------+------+--------+------------+-------+-------+------------+-----------+-------------+-------+--------+-----------+------------+----------+--------+--------+-----------------------------+
; CLK                     ; Base ; 1.000  ; 1000.0 MHz ; 0.000 ; 0.500 ;            ;           ;             ;       ;        ;           ;            ;          ;        ;        ; { CLK }                     ;
; freg_div_23:freg1|q[18] ; Base ; 1.000  ; 1000.0 MHz ; 0.000 ; 0.500 ;            ;           ;             ;       ;        ;           ;            ;          ;        ;        ; { freg_div_23:freg1|q[18] } ;
+-------------------------+------+--------+------------+-------+-------+------------+-----------+-------------+-------+--------+-----------+------------+----------+--------+--------+-----------------------------+


+------------------------------------------------------------------------------------------------------------------------+
; Slow 1200mV 85C Model Fmax Summary                                                                                     ;
+------------+-----------------+-------------------------+---------------------------------------------------------------+
; Fmax       ; Restricted Fmax ; Clock Name              ; Note                                                          ;
+------------+-----------------+-------------------------+---------------------------------------------------------------+
; 420.52 MHz ; 250.0 MHz       ; CLK                     ; limit due to minimum period restriction (max I/O toggle rate) ;
; 535.91 MHz ; 500.0 MHz       ; freg_div_23:freg1|q[18] ; limit due to minimum period restriction (tmin)                ;
+------------+-----------------+-------------------------+---------------------------------------------------------------+
This panel reports FMAX for every clock in the design, regardless of the user-specified clock periods.  FMAX is only computed for paths where the source and destination registers or ports are driven by the same clock.  Paths of different clocks, including generated clocks, are ignored.  For paths between a clock and its inversion, FMAX is computed as if the rising and falling edges are scaled along with FMAX, such that the duty cycle (in terms of a percentage) is maintained. Altera recommends that you always use clock constraints and other slack reports for sign-off analysis.


----------------------------------
; Timing Closure Recommendations ;
----------------------------------
HTML report is unavailable in plain text report export.


+--------------------------------------------------+
; Slow 1200mV 85C Model Setup Summary              ;
+-------------------------+--------+---------------+
; Clock                   ; Slack  ; End Point TNS ;
+-------------------------+--------+---------------+
; CLK                     ; -1.378 ; -16.040       ;
; freg_div_23:freg1|q[18] ; -0.866 ; -10.463       ;
+-------------------------+--------+---------------+


+--------------------------------------------------+
; Slow 1200mV 85C Model Hold Summary               ;
+-------------------------+--------+---------------+
; Clock                   ; Slack  ; End Point TNS ;
+-------------------------+--------+---------------+
; CLK                     ; -0.075 ; -0.075        ;
; freg_div_23:freg1|q[18] ; 0.358  ; 0.000         ;
+-------------------------+--------+---------------+


------------------------------------------
; Slow 1200mV 85C Model Recovery Summary ;
------------------------------------------
No paths to report.


-----------------------------------------
; Slow 1200mV 85C Model Removal Summary ;
-----------------------------------------
No paths to report.


+---------------------------------------------------+
; Slow 1200mV 85C Model Minimum Pulse Width Summary ;
+-------------------------+--------+----------------+
; Clock                   ; Slack  ; End Point TNS  ;
+-------------------------+--------+----------------+
; CLK                     ; -3.000 ; -22.000        ;
; freg_div_23:freg1|q[18] ; -1.000 ; -14.000        ;
+-------------------------+--------+----------------+


+----------------------------------------------------------------------------------------------------------------------------------+
; Slow 1200mV 85C Model Setup: 'CLK'                                                                                               ;
+--------+-------------------------+-------------------------+--------------+-------------+--------------+------------+------------+
; Slack  ; From Node               ; To Node                 ; Launch Clock ; Latch Clock ; Relationship ; Clock Skew ; Data Delay ;
+--------+-------------------------+-------------------------+--------------+-------------+--------------+------------+------------+
; -1.378 ; freg_div_23:freg1|q[2]  ; freg_div_23:freg1|q[17] ; CLK          ; CLK         ; 1.000        ; -0.062     ; 2.311      ;
; -1.376 ; freg_div_23:freg1|q[1]  ; freg_div_23:freg1|q[18] ; CLK          ; CLK         ; 1.000        ; -0.062     ; 2.309      ;
; -1.373 ; freg_div_23:freg1|q[0]  ; freg_div_23:freg1|q[18] ; CLK          ; CLK         ; 1.000        ; -0.062     ; 2.306      ;
; -1.372 ; freg_div_23:freg1|q[2]  ; freg_div_23:freg1|q[18] ; CLK          ; CLK         ; 1.000        ; -0.062     ; 2.305      ;
; -1.298 ; freg_div_23:freg1|q[0]  ; freg_div_23:freg1|q[17] ; CLK          ; CLK         ; 1.000        ; -0.062     ; 2.231      ;
; -1.295 ; freg_div_23:freg1|q[1]  ; freg_div_23:freg1|q[17] ; CLK          ; CLK         ; 1.000        ; -0.062     ; 2.228      ;
; -1.263 ; freg_div_23:freg1|q[4]  ; freg_div_23:freg1|q[17] ; CLK          ; CLK         ; 1.000        ; -0.062     ; 2.196      ;
; -1.262 ; freg_div_23:freg1|q[2]  ; freg_div_23:freg1|q[15] ; CLK          ; CLK         ; 1.000        ; -0.062     ; 2.195      ;
; -1.260 ; freg_div_23:freg1|q[1]  ; freg_div_23:freg1|q[16] ; CLK          ; CLK         ; 1.000        ; -0.062     ; 2.193      ;
; -1.260 ; freg_div_23:freg1|q[3]  ; freg_div_23:freg1|q[18] ; CLK          ; CLK         ; 1.000        ; -0.062     ; 2.193      ;
; -1.257 ; freg_div_23:freg1|q[4]  ; freg_div_23:freg1|q[18] ; CLK          ; CLK         ; 1.000        ; -0.062     ; 2.190      ;
; -1.257 ; freg_div_23:freg1|q[0]  ; freg_div_23:freg1|q[16] ; CLK          ; CLK         ; 1.000        ; -0.062     ; 2.190      ;
; -1.256 ; freg_div_23:freg1|q[2]  ; freg_div_23:freg1|q[16] ; CLK          ; CLK         ; 1.000        ; -0.062     ; 2.189      ;
; -1.182 ; freg_div_23:freg1|q[0]  ; freg_div_23:freg1|q[15] ; CLK          ; CLK         ; 1.000        ; -0.062     ; 2.115      ;
; -1.179 ; freg_div_23:freg1|q[3]  ; freg_div_23:freg1|q[17] ; CLK          ; CLK         ; 1.000        ; -0.062     ; 2.112      ;
; -1.179 ; freg_div_23:freg1|q[1]  ; freg_div_23:freg1|q[15] ; CLK          ; CLK         ; 1.000        ; -0.062     ; 2.112      ;
; -1.147 ; freg_div_23:freg1|q[4]  ; freg_div_23:freg1|q[15] ; CLK          ; CLK         ; 1.000        ; -0.062     ; 2.080      ;
; -1.146 ; freg_div_23:freg1|q[2]  ; freg_div_23:freg1|q[13] ; CLK          ; CLK         ; 1.000        ; -0.062     ; 2.079      ;
; -1.145 ; freg_div_23:freg1|q[6]  ; freg_div_23:freg1|q[17] ; CLK          ; CLK         ; 1.000        ; -0.062     ; 2.078      ;
; -1.144 ; freg_div_23:freg1|q[1]  ; freg_div_23:freg1|q[14] ; CLK          ; CLK         ; 1.000        ; -0.062     ; 2.077      ;
; -1.144 ; freg_div_23:freg1|q[3]  ; freg_div_23:freg1|q[16] ; CLK          ; CLK         ; 1.000        ; -0.062     ; 2.077      ;
; -1.141 ; freg_div_23:freg1|q[4]  ; freg_div_23:freg1|q[16] ; CLK          ; CLK         ; 1.000        ; -0.062     ; 2.074      ;
; -1.141 ; freg_div_23:freg1|q[0]  ; freg_div_23:freg1|q[14] ; CLK          ; CLK         ; 1.000        ; -0.062     ; 2.074      ;
; -1.140 ; freg_div_23:freg1|q[5]  ; freg_div_23:freg1|q[18] ; CLK          ; CLK         ; 1.000        ; -0.062     ; 2.073      ;
; -1.140 ; freg_div_23:freg1|q[2]  ; freg_div_23:freg1|q[14] ; CLK          ; CLK         ; 1.000        ; -0.062     ; 2.073      ;
; -1.139 ; freg_div_23:freg1|q[6]  ; freg_div_23:freg1|q[18] ; CLK          ; CLK         ; 1.000        ; -0.062     ; 2.072      ;
; -1.066 ; freg_div_23:freg1|q[0]  ; freg_div_23:freg1|q[13] ; CLK          ; CLK         ; 1.000        ; -0.062     ; 1.999      ;
; -1.064 ; freg_div_23:freg1|q[5]  ; freg_div_23:freg1|q[17] ; CLK          ; CLK         ; 1.000        ; -0.062     ; 1.997      ;
; -1.063 ; freg_div_23:freg1|q[3]  ; freg_div_23:freg1|q[15] ; CLK          ; CLK         ; 1.000        ; -0.062     ; 1.996      ;
; -1.063 ; freg_div_23:freg1|q[1]  ; freg_div_23:freg1|q[13] ; CLK          ; CLK         ; 1.000        ; -0.062     ; 1.996      ;
; -1.031 ; freg_div_23:freg1|q[4]  ; freg_div_23:freg1|q[13] ; CLK          ; CLK         ; 1.000        ; -0.062     ; 1.964      ;
; -1.030 ; freg_div_23:freg1|q[2]  ; freg_div_23:freg1|q[11] ; CLK          ; CLK         ; 1.000        ; -0.062     ; 1.963      ;
; -1.029 ; freg_div_23:freg1|q[6]  ; freg_div_23:freg1|q[15] ; CLK          ; CLK         ; 1.000        ; -0.062     ; 1.962      ;
; -1.028 ; freg_div_23:freg1|q[1]  ; freg_div_23:freg1|q[12] ; CLK          ; CLK         ; 1.000        ; -0.062     ; 1.961      ;
; -1.028 ; freg_div_23:freg1|q[8]  ; freg_div_23:freg1|q[17] ; CLK          ; CLK         ; 1.000        ; -0.062     ; 1.961      ;
; -1.028 ; freg_div_23:freg1|q[3]  ; freg_div_23:freg1|q[14] ; CLK          ; CLK         ; 1.000        ; -0.062     ; 1.961      ;
; -1.025 ; freg_div_23:freg1|q[4]  ; freg_div_23:freg1|q[14] ; CLK          ; CLK         ; 1.000        ; -0.062     ; 1.958      ;
; -1.025 ; freg_div_23:freg1|q[0]  ; freg_div_23:freg1|q[12] ; CLK          ; CLK         ; 1.000        ; -0.062     ; 1.958      ;
; -1.024 ; freg_div_23:freg1|q[5]  ; freg_div_23:freg1|q[16] ; CLK          ; CLK         ; 1.000        ; -0.062     ; 1.957      ;
; -1.024 ; freg_div_23:freg1|q[2]  ; freg_div_23:freg1|q[12] ; CLK          ; CLK         ; 1.000        ; -0.062     ; 1.957      ;
; -1.023 ; freg_div_23:freg1|q[7]  ; freg_div_23:freg1|q[18] ; CLK          ; CLK         ; 1.000        ; -0.062     ; 1.956      ;
; -1.023 ; freg_div_23:freg1|q[6]  ; freg_div_23:freg1|q[16] ; CLK          ; CLK         ; 1.000        ; -0.062     ; 1.956      ;
; -1.022 ; freg_div_23:freg1|q[8]  ; freg_div_23:freg1|q[18] ; CLK          ; CLK         ; 1.000        ; -0.062     ; 1.955      ;
; -0.950 ; freg_div_23:freg1|q[0]  ; freg_div_23:freg1|q[11] ; CLK          ; CLK         ; 1.000        ; -0.062     ; 1.883      ;
; -0.948 ; freg_div_23:freg1|q[7]  ; freg_div_23:freg1|q[17] ; CLK          ; CLK         ; 1.000        ; -0.062     ; 1.881      ;
; -0.948 ; freg_div_23:freg1|q[5]  ; freg_div_23:freg1|q[15] ; CLK          ; CLK         ; 1.000        ; -0.062     ; 1.881      ;
; -0.947 ; freg_div_23:freg1|q[3]  ; freg_div_23:freg1|q[13] ; CLK          ; CLK         ; 1.000        ; -0.062     ; 1.880      ;
; -0.947 ; freg_div_23:freg1|q[1]  ; freg_div_23:freg1|q[11] ; CLK          ; CLK         ; 1.000        ; -0.062     ; 1.880      ;
; -0.915 ; freg_div_23:freg1|q[4]  ; freg_div_23:freg1|q[11] ; CLK          ; CLK         ; 1.000        ; -0.062     ; 1.848      ;
; -0.914 ; freg_div_23:freg1|q[2]  ; freg_div_23:freg1|q[9]  ; CLK          ; CLK         ; 1.000        ; -0.062     ; 1.847      ;
; -0.913 ; freg_div_23:freg1|q[6]  ; freg_div_23:freg1|q[13] ; CLK          ; CLK         ; 1.000        ; -0.062     ; 1.846      ;
; -0.912 ; freg_div_23:freg1|q[1]  ; freg_div_23:freg1|q[10] ; CLK          ; CLK         ; 1.000        ; -0.062     ; 1.845      ;
; -0.912 ; freg_div_23:freg1|q[8]  ; freg_div_23:freg1|q[15] ; CLK          ; CLK         ; 1.000        ; -0.062     ; 1.845      ;
; -0.912 ; freg_div_23:freg1|q[3]  ; freg_div_23:freg1|q[12] ; CLK          ; CLK         ; 1.000        ; -0.062     ; 1.845      ;
; -0.911 ; freg_div_23:freg1|q[10] ; freg_div_23:freg1|q[17] ; CLK          ; CLK         ; 1.000        ; -0.061     ; 1.845      ;
; -0.909 ; freg_div_23:freg1|q[4]  ; freg_div_23:freg1|q[12] ; CLK          ; CLK         ; 1.000        ; -0.062     ; 1.842      ;
; -0.909 ; freg_div_23:freg1|q[0]  ; freg_div_23:freg1|q[10] ; CLK          ; CLK         ; 1.000        ; -0.062     ; 1.842      ;
; -0.908 ; freg_div_23:freg1|q[5]  ; freg_div_23:freg1|q[14] ; CLK          ; CLK         ; 1.000        ; -0.062     ; 1.841      ;
; -0.908 ; freg_div_23:freg1|q[2]  ; freg_div_23:freg1|q[10] ; CLK          ; CLK         ; 1.000        ; -0.062     ; 1.841      ;
; -0.907 ; freg_div_23:freg1|q[9]  ; freg_div_23:freg1|q[18] ; CLK          ; CLK         ; 1.000        ; -0.062     ; 1.840      ;
; -0.907 ; freg_div_23:freg1|q[7]  ; freg_div_23:freg1|q[16] ; CLK          ; CLK         ; 1.000        ; -0.062     ; 1.840      ;
; -0.907 ; freg_div_23:freg1|q[6]  ; freg_div_23:freg1|q[14] ; CLK          ; CLK         ; 1.000        ; -0.062     ; 1.840      ;
; -0.906 ; freg_div_23:freg1|q[8]  ; freg_div_23:freg1|q[16] ; CLK          ; CLK         ; 1.000        ; -0.062     ; 1.839      ;
; -0.905 ; freg_div_23:freg1|q[10] ; freg_div_23:freg1|q[18] ; CLK          ; CLK         ; 1.000        ; -0.061     ; 1.839      ;
; -0.834 ; freg_div_23:freg1|q[0]  ; freg_div_23:freg1|q[9]  ; CLK          ; CLK         ; 1.000        ; -0.062     ; 1.767      ;
; -0.832 ; freg_div_23:freg1|q[9]  ; freg_div_23:freg1|q[17] ; CLK          ; CLK         ; 1.000        ; -0.062     ; 1.765      ;
; -0.832 ; freg_div_23:freg1|q[7]  ; freg_div_23:freg1|q[15] ; CLK          ; CLK         ; 1.000        ; -0.062     ; 1.765      ;
; -0.832 ; freg_div_23:freg1|q[5]  ; freg_div_23:freg1|q[13] ; CLK          ; CLK         ; 1.000        ; -0.062     ; 1.765      ;
; -0.831 ; freg_div_23:freg1|q[3]  ; freg_div_23:freg1|q[11] ; CLK          ; CLK         ; 1.000        ; -0.062     ; 1.764      ;
; -0.831 ; freg_div_23:freg1|q[1]  ; freg_div_23:freg1|q[9]  ; CLK          ; CLK         ; 1.000        ; -0.062     ; 1.764      ;
; -0.799 ; freg_div_23:freg1|q[4]  ; freg_div_23:freg1|q[9]  ; CLK          ; CLK         ; 1.000        ; -0.062     ; 1.732      ;
; -0.798 ; freg_div_23:freg1|q[2]  ; freg_div_23:freg1|q[7]  ; CLK          ; CLK         ; 1.000        ; -0.062     ; 1.731      ;
; -0.797 ; freg_div_23:freg1|q[6]  ; freg_div_23:freg1|q[11] ; CLK          ; CLK         ; 1.000        ; -0.062     ; 1.730      ;
; -0.796 ; freg_div_23:freg1|q[1]  ; freg_div_23:freg1|q[8]  ; CLK          ; CLK         ; 1.000        ; -0.062     ; 1.729      ;
; -0.796 ; freg_div_23:freg1|q[12] ; freg_div_23:freg1|q[17] ; CLK          ; CLK         ; 1.000        ; -0.061     ; 1.730      ;
; -0.796 ; freg_div_23:freg1|q[8]  ; freg_div_23:freg1|q[13] ; CLK          ; CLK         ; 1.000        ; -0.062     ; 1.729      ;
; -0.796 ; freg_div_23:freg1|q[3]  ; freg_div_23:freg1|q[10] ; CLK          ; CLK         ; 1.000        ; -0.062     ; 1.729      ;
; -0.795 ; freg_div_23:freg1|q[10] ; freg_div_23:freg1|q[15] ; CLK          ; CLK         ; 1.000        ; -0.061     ; 1.729      ;
; -0.793 ; freg_div_23:freg1|q[11] ; freg_div_23:freg1|q[18] ; CLK          ; CLK         ; 1.000        ; -0.061     ; 1.727      ;
; -0.793 ; freg_div_23:freg1|q[4]  ; freg_div_23:freg1|q[10] ; CLK          ; CLK         ; 1.000        ; -0.062     ; 1.726      ;
; -0.793 ; freg_div_23:freg1|q[0]  ; freg_div_23:freg1|q[8]  ; CLK          ; CLK         ; 1.000        ; -0.062     ; 1.726      ;
; -0.792 ; freg_div_23:freg1|q[5]  ; freg_div_23:freg1|q[12] ; CLK          ; CLK         ; 1.000        ; -0.062     ; 1.725      ;
; -0.792 ; freg_div_23:freg1|q[2]  ; freg_div_23:freg1|q[8]  ; CLK          ; CLK         ; 1.000        ; -0.062     ; 1.725      ;
; -0.791 ; freg_div_23:freg1|q[9]  ; freg_div_23:freg1|q[16] ; CLK          ; CLK         ; 1.000        ; -0.062     ; 1.724      ;
; -0.791 ; freg_div_23:freg1|q[7]  ; freg_div_23:freg1|q[14] ; CLK          ; CLK         ; 1.000        ; -0.062     ; 1.724      ;
; -0.791 ; freg_div_23:freg1|q[6]  ; freg_div_23:freg1|q[12] ; CLK          ; CLK         ; 1.000        ; -0.062     ; 1.724      ;
; -0.790 ; freg_div_23:freg1|q[12] ; freg_div_23:freg1|q[18] ; CLK          ; CLK         ; 1.000        ; -0.061     ; 1.724      ;
; -0.790 ; freg_div_23:freg1|q[8]  ; freg_div_23:freg1|q[14] ; CLK          ; CLK         ; 1.000        ; -0.062     ; 1.723      ;
; -0.789 ; freg_div_23:freg1|q[10] ; freg_div_23:freg1|q[16] ; CLK          ; CLK         ; 1.000        ; -0.061     ; 1.723      ;
; -0.718 ; freg_div_23:freg1|q[0]  ; freg_div_23:freg1|q[7]  ; CLK          ; CLK         ; 1.000        ; -0.062     ; 1.651      ;
; -0.716 ; freg_div_23:freg1|q[9]  ; freg_div_23:freg1|q[15] ; CLK          ; CLK         ; 1.000        ; -0.062     ; 1.649      ;
; -0.716 ; freg_div_23:freg1|q[7]  ; freg_div_23:freg1|q[13] ; CLK          ; CLK         ; 1.000        ; -0.062     ; 1.649      ;
; -0.716 ; freg_div_23:freg1|q[5]  ; freg_div_23:freg1|q[11] ; CLK          ; CLK         ; 1.000        ; -0.062     ; 1.649      ;
; -0.715 ; freg_div_23:freg1|q[3]  ; freg_div_23:freg1|q[9]  ; CLK          ; CLK         ; 1.000        ; -0.062     ; 1.648      ;
; -0.715 ; freg_div_23:freg1|q[1]  ; freg_div_23:freg1|q[7]  ; CLK          ; CLK         ; 1.000        ; -0.062     ; 1.648      ;
; -0.712 ; freg_div_23:freg1|q[11] ; freg_div_23:freg1|q[17] ; CLK          ; CLK         ; 1.000        ; -0.061     ; 1.646      ;
; -0.683 ; freg_div_23:freg1|q[4]  ; freg_div_23:freg1|q[7]  ; CLK          ; CLK         ; 1.000        ; -0.062     ; 1.616      ;
; -0.682 ; freg_div_23:freg1|q[2]  ; freg_div_23:freg1|q[5]  ; CLK          ; CLK         ; 1.000        ; -0.062     ; 1.615      ;
; -0.681 ; freg_div_23:freg1|q[14] ; freg_div_23:freg1|q[17] ; CLK          ; CLK         ; 1.000        ; -0.061     ; 1.615      ;
; -0.681 ; freg_div_23:freg1|q[6]  ; freg_div_23:freg1|q[9]  ; CLK          ; CLK         ; 1.000        ; -0.062     ; 1.614      ;
+--------+-------------------------+-------------------------+--------------+-------------+--------------+------------+------------+


+-----------------------------------------------------------------------------------------------------------------------------------------------------------------------------------------------------------------+
; Slow 1200mV 85C Model Setup: 'freg_div_23:freg1|q[18]'                                                                                                                                                          ;
+--------+-----------------------------------------------------+-----------------------------------------------------+-------------------------+-------------------------+--------------+------------+------------+
; Slack  ; From Node                                           ; To Node                                             ; Launch Clock            ; Latch Clock             ; Relationship ; Clock Skew ; Data Delay ;
+--------+-----------------------------------------------------+-----------------------------------------------------+-------------------------+-------------------------+--------------+------------+------------+
; -0.866 ; day_timer:timer2|unit:min_unit|dflipflop:dff2|q     ; day_timer:timer2|ten_digit:min_ten|dflipflop:dff1|q ; freg_div_23:freg1|q[18] ; freg_div_23:freg1|q[18] ; 1.000        ; -0.061     ; 1.800      ;
; -0.866 ; day_timer:timer2|unit:min_unit|dflipflop:dff2|q     ; day_timer:timer2|ten_digit:min_ten|dflipflop:dff2|q ; freg_div_23:freg1|q[18] ; freg_div_23:freg1|q[18] ; 1.000        ; -0.061     ; 1.800      ;
; -0.857 ; day_timer:timer2|unit:sec_unit|dflipflop:dff4|q     ; day_timer:timer2|ten_digit:min_ten|dflipflop:dff1|q ; freg_div_23:freg1|q[18] ; freg_div_23:freg1|q[18] ; 1.000        ; -0.061     ; 1.791      ;
; -0.857 ; day_timer:timer2|unit:sec_unit|dflipflop:dff4|q     ; day_timer:timer2|ten_digit:min_ten|dflipflop:dff2|q ; freg_div_23:freg1|q[18] ; freg_div_23:freg1|q[18] ; 1.000        ; -0.061     ; 1.791      ;
; -0.841 ; day_timer:timer2|ten_digit:sec_ten|dflipflop:dff3|q ; day_timer:timer2|ten_digit:min_ten|dflipflop:dff1|q ; freg_div_23:freg1|q[18] ; freg_div_23:freg1|q[18] ; 1.000        ; -0.061     ; 1.775      ;
; -0.841 ; day_timer:timer2|ten_digit:sec_ten|dflipflop:dff3|q ; day_timer:timer2|ten_digit:min_ten|dflipflop:dff2|q ; freg_div_23:freg1|q[18] ; freg_div_23:freg1|q[18] ; 1.000        ; -0.061     ; 1.775      ;
; -0.832 ; day_timer:timer2|unit:sec_unit|dflipflop:dff4|q     ; day_timer:timer2|unit:min_unit|dflipflop:dff4|q     ; freg_div_23:freg1|q[18] ; freg_div_23:freg1|q[18] ; 1.000        ; -0.061     ; 1.766      ;
; -0.825 ; day_timer:timer2|unit:min_unit|dflipflop:dff2|q     ; day_timer:timer2|unit:min_unit|dflipflop:dff1|q     ; freg_div_23:freg1|q[18] ; freg_div_23:freg1|q[18] ; 1.000        ; -0.062     ; 1.758      ;
; -0.823 ; day_timer:timer2|unit:min_unit|dflipflop:dff2|q     ; day_timer:timer2|unit:min_unit|dflipflop:dff3|q     ; freg_div_23:freg1|q[18] ; freg_div_23:freg1|q[18] ; 1.000        ; -0.062     ; 1.756      ;
; -0.822 ; day_timer:timer2|ten_digit:sec_ten|dflipflop:dff3|q ; day_timer:timer2|ten_digit:sec_ten|dflipflop:dff2|q ; freg_div_23:freg1|q[18] ; freg_div_23:freg1|q[18] ; 1.000        ; -0.061     ; 1.756      ;
; -0.818 ; day_timer:timer2|unit:min_unit|dflipflop:dff2|q     ; day_timer:timer2|unit:min_unit|dflipflop:dff2|q     ; freg_div_23:freg1|q[18] ; freg_div_23:freg1|q[18] ; 1.000        ; -0.062     ; 1.751      ;
; -0.817 ; day_timer:timer2|unit:min_unit|dflipflop:dff2|q     ; day_timer:timer2|ten_digit:min_ten|dflipflop:dff3|q ; freg_div_23:freg1|q[18] ; freg_div_23:freg1|q[18] ; 1.000        ; -0.062     ; 1.750      ;
; -0.816 ; day_timer:timer2|ten_digit:sec_ten|dflipflop:dff3|q ; day_timer:timer2|unit:min_unit|dflipflop:dff4|q     ; freg_div_23:freg1|q[18] ; freg_div_23:freg1|q[18] ; 1.000        ; -0.061     ; 1.750      ;
; -0.808 ; day_timer:timer2|unit:min_unit|dflipflop:dff2|q     ; day_timer:timer2|ten_digit:sec_ten|dflipflop:dff1|q ; freg_div_23:freg1|q[18] ; freg_div_23:freg1|q[18] ; 1.000        ; -0.062     ; 1.741      ;
; -0.799 ; day_timer:timer2|unit:sec_unit|dflipflop:dff4|q     ; day_timer:timer2|ten_digit:sec_ten|dflipflop:dff2|q ; freg_div_23:freg1|q[18] ; freg_div_23:freg1|q[18] ; 1.000        ; -0.061     ; 1.733      ;
; -0.769 ; day_timer:timer2|ten_digit:min_ten|dflipflop:dff2|q ; day_timer:timer2|ten_digit:min_ten|dflipflop:dff1|q ; freg_div_23:freg1|q[18] ; freg_div_23:freg1|q[18] ; 1.000        ; -0.062     ; 1.702      ;
; -0.769 ; day_timer:timer2|ten_digit:min_ten|dflipflop:dff2|q ; day_timer:timer2|ten_digit:min_ten|dflipflop:dff2|q ; freg_div_23:freg1|q[18] ; freg_div_23:freg1|q[18] ; 1.000        ; -0.062     ; 1.702      ;
; -0.748 ; day_timer:timer2|unit:min_unit|dflipflop:dff2|q     ; day_timer:timer2|unit:sec_unit|dflipflop:dff3|q     ; freg_div_23:freg1|q[18] ; freg_div_23:freg1|q[18] ; 1.000        ; -0.062     ; 1.681      ;
; -0.748 ; day_timer:timer2|unit:min_unit|dflipflop:dff2|q     ; day_timer:timer2|unit:sec_unit|dflipflop:dff1|q     ; freg_div_23:freg1|q[18] ; freg_div_23:freg1|q[18] ; 1.000        ; -0.062     ; 1.681      ;
; -0.736 ; day_timer:timer2|ten_digit:sec_ten|dflipflop:dff1|q ; day_timer:timer2|ten_digit:min_ten|dflipflop:dff1|q ; freg_div_23:freg1|q[18] ; freg_div_23:freg1|q[18] ; 1.000        ; -0.061     ; 1.670      ;
; -0.736 ; day_timer:timer2|ten_digit:sec_ten|dflipflop:dff1|q ; day_timer:timer2|ten_digit:min_ten|dflipflop:dff2|q ; freg_div_23:freg1|q[18] ; freg_div_23:freg1|q[18] ; 1.000        ; -0.061     ; 1.670      ;
; -0.728 ; day_timer:timer2|ten_digit:min_ten|dflipflop:dff2|q ; day_timer:timer2|unit:min_unit|dflipflop:dff1|q     ; freg_div_23:freg1|q[18] ; freg_div_23:freg1|q[18] ; 1.000        ; -0.063     ; 1.660      ;
; -0.726 ; day_timer:timer2|ten_digit:min_ten|dflipflop:dff2|q ; day_timer:timer2|unit:min_unit|dflipflop:dff3|q     ; freg_div_23:freg1|q[18] ; freg_div_23:freg1|q[18] ; 1.000        ; -0.063     ; 1.658      ;
; -0.721 ; day_timer:timer2|ten_digit:min_ten|dflipflop:dff2|q ; day_timer:timer2|unit:min_unit|dflipflop:dff2|q     ; freg_div_23:freg1|q[18] ; freg_div_23:freg1|q[18] ; 1.000        ; -0.063     ; 1.653      ;
; -0.720 ; day_timer:timer2|ten_digit:min_ten|dflipflop:dff2|q ; day_timer:timer2|ten_digit:min_ten|dflipflop:dff3|q ; freg_div_23:freg1|q[18] ; freg_div_23:freg1|q[18] ; 1.000        ; -0.063     ; 1.652      ;
; -0.712 ; day_timer:timer2|unit:sec_unit|dflipflop:dff4|q     ; day_timer:timer2|unit:min_unit|dflipflop:dff2|q     ; freg_div_23:freg1|q[18] ; freg_div_23:freg1|q[18] ; 1.000        ; -0.062     ; 1.645      ;
; -0.712 ; day_timer:timer2|unit:sec_unit|dflipflop:dff4|q     ; day_timer:timer2|ten_digit:min_ten|dflipflop:dff3|q ; freg_div_23:freg1|q[18] ; freg_div_23:freg1|q[18] ; 1.000        ; -0.062     ; 1.645      ;
; -0.711 ; day_timer:timer2|ten_digit:sec_ten|dflipflop:dff1|q ; day_timer:timer2|unit:min_unit|dflipflop:dff4|q     ; freg_div_23:freg1|q[18] ; freg_div_23:freg1|q[18] ; 1.000        ; -0.061     ; 1.645      ;
; -0.711 ; day_timer:timer2|ten_digit:min_ten|dflipflop:dff2|q ; day_timer:timer2|ten_digit:sec_ten|dflipflop:dff1|q ; freg_div_23:freg1|q[18] ; freg_div_23:freg1|q[18] ; 1.000        ; -0.063     ; 1.643      ;
; -0.710 ; day_timer:timer2|unit:sec_unit|dflipflop:dff4|q     ; day_timer:timer2|unit:min_unit|dflipflop:dff3|q     ; freg_div_23:freg1|q[18] ; freg_div_23:freg1|q[18] ; 1.000        ; -0.062     ; 1.643      ;
; -0.708 ; day_timer:timer2|unit:sec_unit|dflipflop:dff4|q     ; day_timer:timer2|unit:min_unit|dflipflop:dff1|q     ; freg_div_23:freg1|q[18] ; freg_div_23:freg1|q[18] ; 1.000        ; -0.062     ; 1.641      ;
; -0.696 ; day_timer:timer2|ten_digit:sec_ten|dflipflop:dff3|q ; day_timer:timer2|unit:min_unit|dflipflop:dff2|q     ; freg_div_23:freg1|q[18] ; freg_div_23:freg1|q[18] ; 1.000        ; -0.062     ; 1.629      ;
; -0.696 ; day_timer:timer2|ten_digit:sec_ten|dflipflop:dff3|q ; day_timer:timer2|ten_digit:min_ten|dflipflop:dff3|q ; freg_div_23:freg1|q[18] ; freg_div_23:freg1|q[18] ; 1.000        ; -0.062     ; 1.629      ;
; -0.694 ; day_timer:timer2|ten_digit:sec_ten|dflipflop:dff3|q ; day_timer:timer2|unit:min_unit|dflipflop:dff3|q     ; freg_div_23:freg1|q[18] ; freg_div_23:freg1|q[18] ; 1.000        ; -0.062     ; 1.627      ;
; -0.692 ; day_timer:timer2|ten_digit:sec_ten|dflipflop:dff3|q ; day_timer:timer2|unit:min_unit|dflipflop:dff1|q     ; freg_div_23:freg1|q[18] ; freg_div_23:freg1|q[18] ; 1.000        ; -0.062     ; 1.625      ;
; -0.669 ; day_timer:timer2|ten_digit:min_ten|dflipflop:dff3|q ; day_timer:timer2|ten_digit:min_ten|dflipflop:dff1|q ; freg_div_23:freg1|q[18] ; freg_div_23:freg1|q[18] ; 1.000        ; -0.061     ; 1.603      ;
; -0.669 ; day_timer:timer2|ten_digit:min_ten|dflipflop:dff3|q ; day_timer:timer2|ten_digit:min_ten|dflipflop:dff2|q ; freg_div_23:freg1|q[18] ; freg_div_23:freg1|q[18] ; 1.000        ; -0.061     ; 1.603      ;
; -0.645 ; day_timer:timer2|ten_digit:min_ten|dflipflop:dff2|q ; day_timer:timer2|unit:sec_unit|dflipflop:dff3|q     ; freg_div_23:freg1|q[18] ; freg_div_23:freg1|q[18] ; 1.000        ; -0.063     ; 1.577      ;
; -0.645 ; day_timer:timer2|ten_digit:min_ten|dflipflop:dff2|q ; day_timer:timer2|unit:sec_unit|dflipflop:dff1|q     ; freg_div_23:freg1|q[18] ; freg_div_23:freg1|q[18] ; 1.000        ; -0.063     ; 1.577      ;
; -0.637 ; day_timer:timer2|unit:sec_unit|dflipflop:dff4|q     ; day_timer:timer2|unit:sec_unit|dflipflop:dff3|q     ; freg_div_23:freg1|q[18] ; freg_div_23:freg1|q[18] ; 1.000        ; -0.062     ; 1.570      ;
; -0.637 ; day_timer:timer2|unit:sec_unit|dflipflop:dff4|q     ; day_timer:timer2|unit:sec_unit|dflipflop:dff1|q     ; freg_div_23:freg1|q[18] ; freg_div_23:freg1|q[18] ; 1.000        ; -0.062     ; 1.570      ;
; -0.609 ; day_timer:timer2|unit:sec_unit|dflipflop:dff1|q     ; day_timer:timer2|ten_digit:min_ten|dflipflop:dff1|q ; freg_div_23:freg1|q[18] ; freg_div_23:freg1|q[18] ; 1.000        ; -0.061     ; 1.543      ;
; -0.609 ; day_timer:timer2|unit:sec_unit|dflipflop:dff1|q     ; day_timer:timer2|ten_digit:min_ten|dflipflop:dff2|q ; freg_div_23:freg1|q[18] ; freg_div_23:freg1|q[18] ; 1.000        ; -0.061     ; 1.543      ;
; -0.592 ; day_timer:timer2|unit:min_unit|dflipflop:dff2|q     ; day_timer:timer2|ten_digit:sec_ten|dflipflop:dff2|q ; freg_div_23:freg1|q[18] ; freg_div_23:freg1|q[18] ; 1.000        ; -0.061     ; 1.526      ;
; -0.591 ; day_timer:timer2|ten_digit:sec_ten|dflipflop:dff1|q ; day_timer:timer2|unit:min_unit|dflipflop:dff2|q     ; freg_div_23:freg1|q[18] ; freg_div_23:freg1|q[18] ; 1.000        ; -0.062     ; 1.524      ;
; -0.591 ; day_timer:timer2|ten_digit:sec_ten|dflipflop:dff1|q ; day_timer:timer2|ten_digit:min_ten|dflipflop:dff3|q ; freg_div_23:freg1|q[18] ; freg_div_23:freg1|q[18] ; 1.000        ; -0.062     ; 1.524      ;
; -0.590 ; day_timer:timer2|unit:min_unit|dflipflop:dff2|q     ; day_timer:timer2|unit:sec_unit|dflipflop:dff2|q     ; freg_div_23:freg1|q[18] ; freg_div_23:freg1|q[18] ; 1.000        ; -0.061     ; 1.524      ;
; -0.589 ; day_timer:timer2|unit:min_unit|dflipflop:dff2|q     ; day_timer:timer2|unit:min_unit|dflipflop:dff4|q     ; freg_div_23:freg1|q[18] ; freg_div_23:freg1|q[18] ; 1.000        ; -0.061     ; 1.523      ;
; -0.589 ; day_timer:timer2|ten_digit:sec_ten|dflipflop:dff1|q ; day_timer:timer2|unit:min_unit|dflipflop:dff3|q     ; freg_div_23:freg1|q[18] ; freg_div_23:freg1|q[18] ; 1.000        ; -0.062     ; 1.522      ;
; -0.587 ; day_timer:timer2|ten_digit:sec_ten|dflipflop:dff1|q ; day_timer:timer2|unit:min_unit|dflipflop:dff1|q     ; freg_div_23:freg1|q[18] ; freg_div_23:freg1|q[18] ; 1.000        ; -0.062     ; 1.520      ;
; -0.584 ; day_timer:timer2|unit:sec_unit|dflipflop:dff1|q     ; day_timer:timer2|unit:min_unit|dflipflop:dff4|q     ; freg_div_23:freg1|q[18] ; freg_div_23:freg1|q[18] ; 1.000        ; -0.061     ; 1.518      ;
; -0.552 ; day_timer:timer2|unit:sec_unit|dflipflop:dff1|q     ; day_timer:timer2|ten_digit:sec_ten|dflipflop:dff2|q ; freg_div_23:freg1|q[18] ; freg_div_23:freg1|q[18] ; 1.000        ; -0.061     ; 1.486      ;
; -0.533 ; day_timer:timer2|unit:min_unit|dflipflop:dff2|q     ; day_timer:timer2|ten_digit:sec_ten|dflipflop:dff3|q ; freg_div_23:freg1|q[18] ; freg_div_23:freg1|q[18] ; 1.000        ; -0.062     ; 1.466      ;
; -0.507 ; day_timer:timer2|unit:min_unit|dflipflop:dff4|q     ; day_timer:timer2|unit:min_unit|dflipflop:dff2|q     ; freg_div_23:freg1|q[18] ; freg_div_23:freg1|q[18] ; 1.000        ; -0.063     ; 1.439      ;
; -0.507 ; day_timer:timer2|unit:min_unit|dflipflop:dff4|q     ; day_timer:timer2|ten_digit:min_ten|dflipflop:dff3|q ; freg_div_23:freg1|q[18] ; freg_div_23:freg1|q[18] ; 1.000        ; -0.063     ; 1.439      ;
; -0.505 ; day_timer:timer2|unit:min_unit|dflipflop:dff4|q     ; day_timer:timer2|unit:min_unit|dflipflop:dff3|q     ; freg_div_23:freg1|q[18] ; freg_div_23:freg1|q[18] ; 1.000        ; -0.063     ; 1.437      ;
; -0.503 ; day_timer:timer2|unit:min_unit|dflipflop:dff4|q     ; day_timer:timer2|unit:min_unit|dflipflop:dff1|q     ; freg_div_23:freg1|q[18] ; freg_div_23:freg1|q[18] ; 1.000        ; -0.063     ; 1.435      ;
; -0.495 ; day_timer:timer2|ten_digit:min_ten|dflipflop:dff2|q ; day_timer:timer2|ten_digit:sec_ten|dflipflop:dff2|q ; freg_div_23:freg1|q[18] ; freg_div_23:freg1|q[18] ; 1.000        ; -0.062     ; 1.428      ;
; -0.493 ; day_timer:timer2|ten_digit:min_ten|dflipflop:dff2|q ; day_timer:timer2|unit:sec_unit|dflipflop:dff2|q     ; freg_div_23:freg1|q[18] ; freg_div_23:freg1|q[18] ; 1.000        ; -0.062     ; 1.426      ;
; -0.492 ; day_timer:timer2|ten_digit:min_ten|dflipflop:dff2|q ; day_timer:timer2|unit:min_unit|dflipflop:dff4|q     ; freg_div_23:freg1|q[18] ; freg_div_23:freg1|q[18] ; 1.000        ; -0.062     ; 1.425      ;
; -0.476 ; day_timer:timer2|unit:min_unit|dflipflop:dff3|q     ; day_timer:timer2|unit:min_unit|dflipflop:dff1|q     ; freg_div_23:freg1|q[18] ; freg_div_23:freg1|q[18] ; 1.000        ; -0.062     ; 1.409      ;
; -0.464 ; day_timer:timer2|unit:sec_unit|dflipflop:dff1|q     ; day_timer:timer2|unit:min_unit|dflipflop:dff2|q     ; freg_div_23:freg1|q[18] ; freg_div_23:freg1|q[18] ; 1.000        ; -0.062     ; 1.397      ;
; -0.464 ; day_timer:timer2|unit:sec_unit|dflipflop:dff1|q     ; day_timer:timer2|ten_digit:min_ten|dflipflop:dff3|q ; freg_div_23:freg1|q[18] ; freg_div_23:freg1|q[18] ; 1.000        ; -0.062     ; 1.397      ;
; -0.462 ; day_timer:timer2|unit:sec_unit|dflipflop:dff1|q     ; day_timer:timer2|unit:min_unit|dflipflop:dff3|q     ; freg_div_23:freg1|q[18] ; freg_div_23:freg1|q[18] ; 1.000        ; -0.062     ; 1.395      ;
; -0.460 ; day_timer:timer2|unit:sec_unit|dflipflop:dff1|q     ; day_timer:timer2|unit:min_unit|dflipflop:dff1|q     ; freg_div_23:freg1|q[18] ; freg_div_23:freg1|q[18] ; 1.000        ; -0.062     ; 1.393      ;
; -0.436 ; day_timer:timer2|ten_digit:min_ten|dflipflop:dff2|q ; day_timer:timer2|ten_digit:sec_ten|dflipflop:dff3|q ; freg_div_23:freg1|q[18] ; freg_div_23:freg1|q[18] ; 1.000        ; -0.063     ; 1.368      ;
; -0.433 ; day_timer:timer2|ten_digit:sec_ten|dflipflop:dff1|q ; day_timer:timer2|ten_digit:sec_ten|dflipflop:dff2|q ; freg_div_23:freg1|q[18] ; freg_div_23:freg1|q[18] ; 1.000        ; -0.061     ; 1.367      ;
; -0.405 ; day_timer:timer2|unit:min_unit|dflipflop:dff1|q     ; day_timer:timer2|ten_digit:min_ten|dflipflop:dff1|q ; freg_div_23:freg1|q[18] ; freg_div_23:freg1|q[18] ; 1.000        ; -0.061     ; 1.339      ;
; -0.405 ; day_timer:timer2|unit:min_unit|dflipflop:dff1|q     ; day_timer:timer2|ten_digit:min_ten|dflipflop:dff2|q ; freg_div_23:freg1|q[18] ; freg_div_23:freg1|q[18] ; 1.000        ; -0.061     ; 1.339      ;
; -0.387 ; day_timer:timer2|ten_digit:sec_ten|dflipflop:dff3|q ; day_timer:timer2|ten_digit:sec_ten|dflipflop:dff1|q ; freg_div_23:freg1|q[18] ; freg_div_23:freg1|q[18] ; 1.000        ; -0.062     ; 1.320      ;
; -0.367 ; day_timer:timer2|unit:min_unit|dflipflop:dff2|q     ; day_timer:timer2|unit:sec_unit|dflipflop:dff4|q     ; freg_div_23:freg1|q[18] ; freg_div_23:freg1|q[18] ; 1.000        ; -0.062     ; 1.300      ;
; -0.364 ; day_timer:timer2|unit:sec_unit|dflipflop:dff4|q     ; day_timer:timer2|ten_digit:sec_ten|dflipflop:dff1|q ; freg_div_23:freg1|q[18] ; freg_div_23:freg1|q[18] ; 1.000        ; -0.062     ; 1.297      ;
; -0.340 ; day_timer:timer2|unit:min_unit|dflipflop:dff4|q     ; day_timer:timer2|ten_digit:min_ten|dflipflop:dff1|q ; freg_div_23:freg1|q[18] ; freg_div_23:freg1|q[18] ; 1.000        ; -0.062     ; 1.273      ;
; -0.340 ; day_timer:timer2|unit:min_unit|dflipflop:dff4|q     ; day_timer:timer2|ten_digit:min_ten|dflipflop:dff2|q ; freg_div_23:freg1|q[18] ; freg_div_23:freg1|q[18] ; 1.000        ; -0.062     ; 1.273      ;
; -0.264 ; day_timer:timer2|ten_digit:min_ten|dflipflop:dff2|q ; day_timer:timer2|unit:sec_unit|dflipflop:dff4|q     ; freg_div_23:freg1|q[18] ; freg_div_23:freg1|q[18] ; 1.000        ; -0.063     ; 1.196      ;
; -0.256 ; day_timer:timer2|unit:sec_unit|dflipflop:dff4|q     ; day_timer:timer2|unit:sec_unit|dflipflop:dff4|q     ; freg_div_23:freg1|q[18] ; freg_div_23:freg1|q[18] ; 1.000        ; -0.062     ; 1.189      ;
; -0.252 ; day_timer:timer2|unit:sec_unit|dflipflop:dff4|q     ; day_timer:timer2|unit:sec_unit|dflipflop:dff2|q     ; freg_div_23:freg1|q[18] ; freg_div_23:freg1|q[18] ; 1.000        ; -0.061     ; 1.186      ;
; -0.226 ; day_timer:timer2|unit:sec_unit|dflipflop:dff4|q     ; day_timer:timer2|ten_digit:sec_ten|dflipflop:dff3|q ; freg_div_23:freg1|q[18] ; freg_div_23:freg1|q[18] ; 1.000        ; -0.062     ; 1.159      ;
; -0.225 ; day_timer:timer2|unit:sec_unit|dflipflop:dff1|q     ; day_timer:timer2|ten_digit:sec_ten|dflipflop:dff3|q ; freg_div_23:freg1|q[18] ; freg_div_23:freg1|q[18] ; 1.000        ; -0.062     ; 1.158      ;
; -0.222 ; day_timer:timer2|unit:sec_unit|dflipflop:dff1|q     ; day_timer:timer2|unit:sec_unit|dflipflop:dff3|q     ; freg_div_23:freg1|q[18] ; freg_div_23:freg1|q[18] ; 1.000        ; -0.062     ; 1.155      ;
; -0.211 ; day_timer:timer2|unit:sec_unit|dflipflop:dff3|q     ; day_timer:timer2|unit:sec_unit|dflipflop:dff2|q     ; freg_div_23:freg1|q[18] ; freg_div_23:freg1|q[18] ; 1.000        ; -0.061     ; 1.145      ;
; -0.187 ; day_timer:timer2|unit:sec_unit|dflipflop:dff2|q     ; day_timer:timer2|unit:sec_unit|dflipflop:dff1|q     ; freg_div_23:freg1|q[18] ; freg_div_23:freg1|q[18] ; 1.000        ; -0.063     ; 1.119      ;
; -0.141 ; day_timer:timer2|unit:min_unit|dflipflop:dff3|q     ; day_timer:timer2|unit:min_unit|dflipflop:dff2|q     ; freg_div_23:freg1|q[18] ; freg_div_23:freg1|q[18] ; 1.000        ; -0.062     ; 1.074      ;
; -0.117 ; day_timer:timer2|unit:sec_unit|dflipflop:dff1|q     ; day_timer:timer2|ten_digit:sec_ten|dflipflop:dff1|q ; freg_div_23:freg1|q[18] ; freg_div_23:freg1|q[18] ; 1.000        ; -0.062     ; 1.050      ;
; -0.115 ; day_timer:timer2|ten_digit:min_ten|dflipflop:dff1|q ; day_timer:timer2|ten_digit:min_ten|dflipflop:dff2|q ; freg_div_23:freg1|q[18] ; freg_div_23:freg1|q[18] ; 1.000        ; -0.062     ; 1.048      ;
; -0.097 ; day_timer:timer2|ten_digit:sec_ten|dflipflop:dff2|q ; day_timer:timer2|ten_digit:sec_ten|dflipflop:dff1|q ; freg_div_23:freg1|q[18] ; freg_div_23:freg1|q[18] ; 1.000        ; -0.063     ; 1.029      ;
; -0.042 ; day_timer:timer2|unit:sec_unit|dflipflop:dff3|q     ; day_timer:timer2|unit:sec_unit|dflipflop:dff1|q     ; freg_div_23:freg1|q[18] ; freg_div_23:freg1|q[18] ; 1.000        ; -0.062     ; 0.975      ;
; -0.026 ; day_timer:timer2|unit:min_unit|dflipflop:dff1|q     ; day_timer:timer2|ten_digit:min_ten|dflipflop:dff3|q ; freg_div_23:freg1|q[18] ; freg_div_23:freg1|q[18] ; 1.000        ; -0.062     ; 0.959      ;
; -0.020 ; day_timer:timer2|unit:min_unit|dflipflop:dff1|q     ; day_timer:timer2|unit:min_unit|dflipflop:dff3|q     ; freg_div_23:freg1|q[18] ; freg_div_23:freg1|q[18] ; 1.000        ; -0.062     ; 0.953      ;
; 0.274  ; day_timer:timer2|unit:min_unit|dflipflop:dff4|q     ; day_timer:timer2|unit:min_unit|dflipflop:dff4|q     ; freg_div_23:freg1|q[18] ; freg_div_23:freg1|q[18] ; 1.000        ; -0.062     ; 0.659      ;
; 0.274  ; day_timer:timer2|ten_digit:sec_ten|dflipflop:dff2|q ; day_timer:timer2|ten_digit:sec_ten|dflipflop:dff2|q ; freg_div_23:freg1|q[18] ; freg_div_23:freg1|q[18] ; 1.000        ; -0.062     ; 0.659      ;
; 0.274  ; day_timer:timer2|unit:min_unit|dflipflop:dff3|q     ; day_timer:timer2|unit:min_unit|dflipflop:dff3|q     ; freg_div_23:freg1|q[18] ; freg_div_23:freg1|q[18] ; 1.000        ; -0.062     ; 0.659      ;
; 0.274  ; day_timer:timer2|ten_digit:min_ten|dflipflop:dff3|q ; day_timer:timer2|ten_digit:min_ten|dflipflop:dff3|q ; freg_div_23:freg1|q[18] ; freg_div_23:freg1|q[18] ; 1.000        ; -0.062     ; 0.659      ;
; 0.274  ; day_timer:timer2|unit:sec_unit|dflipflop:dff2|q     ; day_timer:timer2|unit:sec_unit|dflipflop:dff2|q     ; freg_div_23:freg1|q[18] ; freg_div_23:freg1|q[18] ; 1.000        ; -0.062     ; 0.659      ;
; 0.274  ; day_timer:timer2|unit:sec_unit|dflipflop:dff3|q     ; day_timer:timer2|unit:sec_unit|dflipflop:dff3|q     ; freg_div_23:freg1|q[18] ; freg_div_23:freg1|q[18] ; 1.000        ; -0.062     ; 0.659      ;
; 0.274  ; day_timer:timer2|ten_digit:sec_ten|dflipflop:dff3|q ; day_timer:timer2|ten_digit:sec_ten|dflipflop:dff3|q ; freg_div_23:freg1|q[18] ; freg_div_23:freg1|q[18] ; 1.000        ; -0.062     ; 0.659      ;
; 0.296  ; day_timer:timer2|ten_digit:min_ten|dflipflop:dff1|q ; day_timer:timer2|ten_digit:min_ten|dflipflop:dff1|q ; freg_div_23:freg1|q[18] ; freg_div_23:freg1|q[18] ; 1.000        ; -0.062     ; 0.637      ;
; 0.296  ; day_timer:timer2|unit:min_unit|dflipflop:dff1|q     ; day_timer:timer2|unit:min_unit|dflipflop:dff1|q     ; freg_div_23:freg1|q[18] ; freg_div_23:freg1|q[18] ; 1.000        ; -0.062     ; 0.637      ;
; 0.296  ; day_timer:timer2|ten_digit:sec_ten|dflipflop:dff1|q ; day_timer:timer2|ten_digit:sec_ten|dflipflop:dff1|q ; freg_div_23:freg1|q[18] ; freg_div_23:freg1|q[18] ; 1.000        ; -0.062     ; 0.637      ;
+--------+-----------------------------------------------------+-----------------------------------------------------+-------------------------+-------------------------+--------------+------------+------------+


+---------------------------------------------------------------------------------------------------------------------------------------------+
; Slow 1200mV 85C Model Hold: 'CLK'                                                                                                           ;
+--------+-------------------------+-------------------------+-------------------------+-------------+--------------+------------+------------+
; Slack  ; From Node               ; To Node                 ; Launch Clock            ; Latch Clock ; Relationship ; Clock Skew ; Data Delay ;
+--------+-------------------------+-------------------------+-------------------------+-------------+--------------+------------+------------+
; -0.075 ; freg_div_23:freg1|q[18] ; freg_div_23:freg1|q[18] ; freg_div_23:freg1|q[18] ; CLK         ; 0.000        ; 2.419      ; 2.730      ;
; 0.361  ; freg_div_23:freg1|q[0]  ; freg_div_23:freg1|q[0]  ; CLK                     ; CLK         ; 0.000        ; 0.062      ; 0.580      ;
; 0.464  ; freg_div_23:freg1|q[18] ; freg_div_23:freg1|q[18] ; freg_div_23:freg1|q[18] ; CLK         ; -0.500       ; 2.419      ; 2.769      ;
; 0.549  ; freg_div_23:freg1|q[9]  ; freg_div_23:freg1|q[9]  ; CLK                     ; CLK         ; 0.000        ; 0.062      ; 0.768      ;
; 0.549  ; freg_div_23:freg1|q[7]  ; freg_div_23:freg1|q[7]  ; CLK                     ; CLK         ; 0.000        ; 0.062      ; 0.768      ;
; 0.550  ; freg_div_23:freg1|q[5]  ; freg_div_23:freg1|q[5]  ; CLK                     ; CLK         ; 0.000        ; 0.062      ; 0.769      ;
; 0.551  ; freg_div_23:freg1|q[13] ; freg_div_23:freg1|q[13] ; CLK                     ; CLK         ; 0.000        ; 0.061      ; 0.769      ;
; 0.551  ; freg_div_23:freg1|q[10] ; freg_div_23:freg1|q[10] ; CLK                     ; CLK         ; 0.000        ; 0.061      ; 0.769      ;
; 0.551  ; freg_div_23:freg1|q[8]  ; freg_div_23:freg1|q[8]  ; CLK                     ; CLK         ; 0.000        ; 0.062      ; 0.770      ;
; 0.551  ; freg_div_23:freg1|q[6]  ; freg_div_23:freg1|q[6]  ; CLK                     ; CLK         ; 0.000        ; 0.062      ; 0.770      ;
; 0.552  ; freg_div_23:freg1|q[16] ; freg_div_23:freg1|q[16] ; CLK                     ; CLK         ; 0.000        ; 0.061      ; 0.770      ;
; 0.552  ; freg_div_23:freg1|q[12] ; freg_div_23:freg1|q[12] ; CLK                     ; CLK         ; 0.000        ; 0.061      ; 0.770      ;
; 0.552  ; freg_div_23:freg1|q[4]  ; freg_div_23:freg1|q[4]  ; CLK                     ; CLK         ; 0.000        ; 0.062      ; 0.771      ;
; 0.552  ; freg_div_23:freg1|q[2]  ; freg_div_23:freg1|q[2]  ; CLK                     ; CLK         ; 0.000        ; 0.062      ; 0.771      ;
; 0.553  ; freg_div_23:freg1|q[15] ; freg_div_23:freg1|q[15] ; CLK                     ; CLK         ; 0.000        ; 0.061      ; 0.771      ;
; 0.553  ; freg_div_23:freg1|q[14] ; freg_div_23:freg1|q[14] ; CLK                     ; CLK         ; 0.000        ; 0.061      ; 0.771      ;
; 0.553  ; freg_div_23:freg1|q[11] ; freg_div_23:freg1|q[11] ; CLK                     ; CLK         ; 0.000        ; 0.061      ; 0.771      ;
; 0.554  ; freg_div_23:freg1|q[3]  ; freg_div_23:freg1|q[3]  ; CLK                     ; CLK         ; 0.000        ; 0.062      ; 0.773      ;
; 0.556  ; freg_div_23:freg1|q[17] ; freg_div_23:freg1|q[17] ; CLK                     ; CLK         ; 0.000        ; 0.061      ; 0.774      ;
; 0.563  ; freg_div_23:freg1|q[1]  ; freg_div_23:freg1|q[1]  ; CLK                     ; CLK         ; 0.000        ; 0.062      ; 0.782      ;
; 0.565  ; freg_div_23:freg1|q[0]  ; freg_div_23:freg1|q[1]  ; CLK                     ; CLK         ; 0.000        ; 0.062      ; 0.784      ;
; 0.825  ; freg_div_23:freg1|q[8]  ; freg_div_23:freg1|q[9]  ; CLK                     ; CLK         ; 0.000        ; 0.062      ; 1.044      ;
; 0.825  ; freg_div_23:freg1|q[6]  ; freg_div_23:freg1|q[7]  ; CLK                     ; CLK         ; 0.000        ; 0.062      ; 1.044      ;
; 0.825  ; freg_div_23:freg1|q[10] ; freg_div_23:freg1|q[11] ; CLK                     ; CLK         ; 0.000        ; 0.061      ; 1.043      ;
; 0.826  ; freg_div_23:freg1|q[4]  ; freg_div_23:freg1|q[5]  ; CLK                     ; CLK         ; 0.000        ; 0.062      ; 1.045      ;
; 0.826  ; freg_div_23:freg1|q[12] ; freg_div_23:freg1|q[13] ; CLK                     ; CLK         ; 0.000        ; 0.061      ; 1.044      ;
; 0.826  ; freg_div_23:freg1|q[2]  ; freg_div_23:freg1|q[3]  ; CLK                     ; CLK         ; 0.000        ; 0.062      ; 1.045      ;
; 0.827  ; freg_div_23:freg1|q[14] ; freg_div_23:freg1|q[15] ; CLK                     ; CLK         ; 0.000        ; 0.061      ; 1.045      ;
; 0.827  ; freg_div_23:freg1|q[16] ; freg_div_23:freg1|q[17] ; CLK                     ; CLK         ; 0.000        ; 0.061      ; 1.045      ;
; 0.837  ; freg_div_23:freg1|q[7]  ; freg_div_23:freg1|q[8]  ; CLK                     ; CLK         ; 0.000        ; 0.062      ; 1.056      ;
; 0.838  ; freg_div_23:freg1|q[9]  ; freg_div_23:freg1|q[10] ; CLK                     ; CLK         ; 0.000        ; 0.061      ; 1.056      ;
; 0.838  ; freg_div_23:freg1|q[5]  ; freg_div_23:freg1|q[6]  ; CLK                     ; CLK         ; 0.000        ; 0.062      ; 1.057      ;
; 0.839  ; freg_div_23:freg1|q[0]  ; freg_div_23:freg1|q[2]  ; CLK                     ; CLK         ; 0.000        ; 0.062      ; 1.058      ;
; 0.839  ; freg_div_23:freg1|q[13] ; freg_div_23:freg1|q[14] ; CLK                     ; CLK         ; 0.000        ; 0.061      ; 1.057      ;
; 0.839  ; freg_div_23:freg1|q[7]  ; freg_div_23:freg1|q[9]  ; CLK                     ; CLK         ; 0.000        ; 0.062      ; 1.058      ;
; 0.840  ; freg_div_23:freg1|q[11] ; freg_div_23:freg1|q[12] ; CLK                     ; CLK         ; 0.000        ; 0.061      ; 1.058      ;
; 0.840  ; freg_div_23:freg1|q[5]  ; freg_div_23:freg1|q[7]  ; CLK                     ; CLK         ; 0.000        ; 0.062      ; 1.059      ;
; 0.840  ; freg_div_23:freg1|q[9]  ; freg_div_23:freg1|q[11] ; CLK                     ; CLK         ; 0.000        ; 0.061      ; 1.058      ;
; 0.841  ; freg_div_23:freg1|q[15] ; freg_div_23:freg1|q[16] ; CLK                     ; CLK         ; 0.000        ; 0.061      ; 1.059      ;
; 0.841  ; freg_div_23:freg1|q[3]  ; freg_div_23:freg1|q[4]  ; CLK                     ; CLK         ; 0.000        ; 0.062      ; 1.060      ;
; 0.841  ; freg_div_23:freg1|q[0]  ; freg_div_23:freg1|q[3]  ; CLK                     ; CLK         ; 0.000        ; 0.062      ; 1.060      ;
; 0.841  ; freg_div_23:freg1|q[13] ; freg_div_23:freg1|q[15] ; CLK                     ; CLK         ; 0.000        ; 0.061      ; 1.059      ;
; 0.841  ; freg_div_23:freg1|q[1]  ; freg_div_23:freg1|q[2]  ; CLK                     ; CLK         ; 0.000        ; 0.062      ; 1.060      ;
; 0.842  ; freg_div_23:freg1|q[11] ; freg_div_23:freg1|q[13] ; CLK                     ; CLK         ; 0.000        ; 0.061      ; 1.060      ;
; 0.843  ; freg_div_23:freg1|q[17] ; freg_div_23:freg1|q[18] ; CLK                     ; CLK         ; 0.000        ; 0.061      ; 1.061      ;
; 0.843  ; freg_div_23:freg1|q[3]  ; freg_div_23:freg1|q[5]  ; CLK                     ; CLK         ; 0.000        ; 0.062      ; 1.062      ;
; 0.843  ; freg_div_23:freg1|q[15] ; freg_div_23:freg1|q[17] ; CLK                     ; CLK         ; 0.000        ; 0.061      ; 1.061      ;
; 0.843  ; freg_div_23:freg1|q[1]  ; freg_div_23:freg1|q[3]  ; CLK                     ; CLK         ; 0.000        ; 0.062      ; 1.062      ;
; 0.935  ; freg_div_23:freg1|q[6]  ; freg_div_23:freg1|q[8]  ; CLK                     ; CLK         ; 0.000        ; 0.062      ; 1.154      ;
; 0.935  ; freg_div_23:freg1|q[10] ; freg_div_23:freg1|q[12] ; CLK                     ; CLK         ; 0.000        ; 0.061      ; 1.153      ;
; 0.936  ; freg_div_23:freg1|q[8]  ; freg_div_23:freg1|q[10] ; CLK                     ; CLK         ; 0.000        ; 0.061      ; 1.154      ;
; 0.936  ; freg_div_23:freg1|q[4]  ; freg_div_23:freg1|q[6]  ; CLK                     ; CLK         ; 0.000        ; 0.062      ; 1.155      ;
; 0.936  ; freg_div_23:freg1|q[12] ; freg_div_23:freg1|q[14] ; CLK                     ; CLK         ; 0.000        ; 0.061      ; 1.154      ;
; 0.936  ; freg_div_23:freg1|q[2]  ; freg_div_23:freg1|q[4]  ; CLK                     ; CLK         ; 0.000        ; 0.062      ; 1.155      ;
; 0.937  ; freg_div_23:freg1|q[6]  ; freg_div_23:freg1|q[9]  ; CLK                     ; CLK         ; 0.000        ; 0.062      ; 1.156      ;
; 0.937  ; freg_div_23:freg1|q[14] ; freg_div_23:freg1|q[16] ; CLK                     ; CLK         ; 0.000        ; 0.061      ; 1.155      ;
; 0.937  ; freg_div_23:freg1|q[10] ; freg_div_23:freg1|q[13] ; CLK                     ; CLK         ; 0.000        ; 0.061      ; 1.155      ;
; 0.937  ; freg_div_23:freg1|q[16] ; freg_div_23:freg1|q[18] ; CLK                     ; CLK         ; 0.000        ; 0.061      ; 1.155      ;
; 0.938  ; freg_div_23:freg1|q[4]  ; freg_div_23:freg1|q[7]  ; CLK                     ; CLK         ; 0.000        ; 0.062      ; 1.157      ;
; 0.938  ; freg_div_23:freg1|q[8]  ; freg_div_23:freg1|q[11] ; CLK                     ; CLK         ; 0.000        ; 0.061      ; 1.156      ;
; 0.938  ; freg_div_23:freg1|q[12] ; freg_div_23:freg1|q[15] ; CLK                     ; CLK         ; 0.000        ; 0.061      ; 1.156      ;
; 0.938  ; freg_div_23:freg1|q[2]  ; freg_div_23:freg1|q[5]  ; CLK                     ; CLK         ; 0.000        ; 0.062      ; 1.157      ;
; 0.939  ; freg_div_23:freg1|q[14] ; freg_div_23:freg1|q[17] ; CLK                     ; CLK         ; 0.000        ; 0.061      ; 1.157      ;
; 0.950  ; freg_div_23:freg1|q[5]  ; freg_div_23:freg1|q[8]  ; CLK                     ; CLK         ; 0.000        ; 0.062      ; 1.169      ;
; 0.950  ; freg_div_23:freg1|q[9]  ; freg_div_23:freg1|q[12] ; CLK                     ; CLK         ; 0.000        ; 0.061      ; 1.168      ;
; 0.950  ; freg_div_23:freg1|q[7]  ; freg_div_23:freg1|q[10] ; CLK                     ; CLK         ; 0.000        ; 0.061      ; 1.168      ;
; 0.951  ; freg_div_23:freg1|q[0]  ; freg_div_23:freg1|q[4]  ; CLK                     ; CLK         ; 0.000        ; 0.062      ; 1.170      ;
; 0.951  ; freg_div_23:freg1|q[13] ; freg_div_23:freg1|q[16] ; CLK                     ; CLK         ; 0.000        ; 0.061      ; 1.169      ;
; 0.952  ; freg_div_23:freg1|q[11] ; freg_div_23:freg1|q[14] ; CLK                     ; CLK         ; 0.000        ; 0.061      ; 1.170      ;
; 0.952  ; freg_div_23:freg1|q[5]  ; freg_div_23:freg1|q[9]  ; CLK                     ; CLK         ; 0.000        ; 0.062      ; 1.171      ;
; 0.952  ; freg_div_23:freg1|q[9]  ; freg_div_23:freg1|q[13] ; CLK                     ; CLK         ; 0.000        ; 0.061      ; 1.170      ;
; 0.952  ; freg_div_23:freg1|q[7]  ; freg_div_23:freg1|q[11] ; CLK                     ; CLK         ; 0.000        ; 0.061      ; 1.170      ;
; 0.953  ; freg_div_23:freg1|q[3]  ; freg_div_23:freg1|q[6]  ; CLK                     ; CLK         ; 0.000        ; 0.062      ; 1.172      ;
; 0.953  ; freg_div_23:freg1|q[15] ; freg_div_23:freg1|q[18] ; CLK                     ; CLK         ; 0.000        ; 0.061      ; 1.171      ;
; 0.953  ; freg_div_23:freg1|q[0]  ; freg_div_23:freg1|q[5]  ; CLK                     ; CLK         ; 0.000        ; 0.062      ; 1.172      ;
; 0.953  ; freg_div_23:freg1|q[13] ; freg_div_23:freg1|q[17] ; CLK                     ; CLK         ; 0.000        ; 0.061      ; 1.171      ;
; 0.953  ; freg_div_23:freg1|q[1]  ; freg_div_23:freg1|q[4]  ; CLK                     ; CLK         ; 0.000        ; 0.062      ; 1.172      ;
; 0.954  ; freg_div_23:freg1|q[11] ; freg_div_23:freg1|q[15] ; CLK                     ; CLK         ; 0.000        ; 0.061      ; 1.172      ;
; 0.955  ; freg_div_23:freg1|q[3]  ; freg_div_23:freg1|q[7]  ; CLK                     ; CLK         ; 0.000        ; 0.062      ; 1.174      ;
; 0.955  ; freg_div_23:freg1|q[1]  ; freg_div_23:freg1|q[5]  ; CLK                     ; CLK         ; 0.000        ; 0.062      ; 1.174      ;
; 1.047  ; freg_div_23:freg1|q[10] ; freg_div_23:freg1|q[14] ; CLK                     ; CLK         ; 0.000        ; 0.061      ; 1.265      ;
; 1.048  ; freg_div_23:freg1|q[4]  ; freg_div_23:freg1|q[8]  ; CLK                     ; CLK         ; 0.000        ; 0.062      ; 1.267      ;
; 1.048  ; freg_div_23:freg1|q[8]  ; freg_div_23:freg1|q[12] ; CLK                     ; CLK         ; 0.000        ; 0.061      ; 1.266      ;
; 1.048  ; freg_div_23:freg1|q[6]  ; freg_div_23:freg1|q[10] ; CLK                     ; CLK         ; 0.000        ; 0.061      ; 1.266      ;
; 1.048  ; freg_div_23:freg1|q[12] ; freg_div_23:freg1|q[16] ; CLK                     ; CLK         ; 0.000        ; 0.061      ; 1.266      ;
; 1.048  ; freg_div_23:freg1|q[2]  ; freg_div_23:freg1|q[6]  ; CLK                     ; CLK         ; 0.000        ; 0.062      ; 1.267      ;
; 1.049  ; freg_div_23:freg1|q[14] ; freg_div_23:freg1|q[18] ; CLK                     ; CLK         ; 0.000        ; 0.061      ; 1.267      ;
; 1.049  ; freg_div_23:freg1|q[10] ; freg_div_23:freg1|q[15] ; CLK                     ; CLK         ; 0.000        ; 0.061      ; 1.267      ;
; 1.050  ; freg_div_23:freg1|q[4]  ; freg_div_23:freg1|q[9]  ; CLK                     ; CLK         ; 0.000        ; 0.062      ; 1.269      ;
; 1.050  ; freg_div_23:freg1|q[8]  ; freg_div_23:freg1|q[13] ; CLK                     ; CLK         ; 0.000        ; 0.061      ; 1.268      ;
; 1.050  ; freg_div_23:freg1|q[6]  ; freg_div_23:freg1|q[11] ; CLK                     ; CLK         ; 0.000        ; 0.061      ; 1.268      ;
; 1.050  ; freg_div_23:freg1|q[12] ; freg_div_23:freg1|q[17] ; CLK                     ; CLK         ; 0.000        ; 0.061      ; 1.268      ;
; 1.050  ; freg_div_23:freg1|q[2]  ; freg_div_23:freg1|q[7]  ; CLK                     ; CLK         ; 0.000        ; 0.062      ; 1.269      ;
; 1.062  ; freg_div_23:freg1|q[9]  ; freg_div_23:freg1|q[14] ; CLK                     ; CLK         ; 0.000        ; 0.061      ; 1.280      ;
; 1.062  ; freg_div_23:freg1|q[7]  ; freg_div_23:freg1|q[12] ; CLK                     ; CLK         ; 0.000        ; 0.061      ; 1.280      ;
; 1.063  ; freg_div_23:freg1|q[5]  ; freg_div_23:freg1|q[10] ; CLK                     ; CLK         ; 0.000        ; 0.061      ; 1.281      ;
; 1.063  ; freg_div_23:freg1|q[0]  ; freg_div_23:freg1|q[6]  ; CLK                     ; CLK         ; 0.000        ; 0.062      ; 1.282      ;
; 1.063  ; freg_div_23:freg1|q[13] ; freg_div_23:freg1|q[18] ; CLK                     ; CLK         ; 0.000        ; 0.061      ; 1.281      ;
; 1.064  ; freg_div_23:freg1|q[11] ; freg_div_23:freg1|q[16] ; CLK                     ; CLK         ; 0.000        ; 0.061      ; 1.282      ;
; 1.064  ; freg_div_23:freg1|q[9]  ; freg_div_23:freg1|q[15] ; CLK                     ; CLK         ; 0.000        ; 0.061      ; 1.282      ;
+--------+-------------------------+-------------------------+-------------------------+-------------+--------------+------------+------------+


+----------------------------------------------------------------------------------------------------------------------------------------------------------------------------------------------------------------+
; Slow 1200mV 85C Model Hold: 'freg_div_23:freg1|q[18]'                                                                                                                                                          ;
+-------+-----------------------------------------------------+-----------------------------------------------------+-------------------------+-------------------------+--------------+------------+------------+
; Slack ; From Node                                           ; To Node                                             ; Launch Clock            ; Latch Clock             ; Relationship ; Clock Skew ; Data Delay ;
+-------+-----------------------------------------------------+-----------------------------------------------------+-------------------------+-------------------------+--------------+------------+------------+
; 0.358 ; day_timer:timer2|unit:sec_unit|dflipflop:dff2|q     ; day_timer:timer2|unit:sec_unit|dflipflop:dff2|q     ; freg_div_23:freg1|q[18] ; freg_div_23:freg1|q[18] ; 0.000        ; 0.062      ; 0.577      ;
; 0.358 ; day_timer:timer2|ten_digit:min_ten|dflipflop:dff1|q ; day_timer:timer2|ten_digit:min_ten|dflipflop:dff1|q ; freg_div_23:freg1|q[18] ; freg_div_23:freg1|q[18] ; 0.000        ; 0.062      ; 0.577      ;
; 0.358 ; day_timer:timer2|ten_digit:min_ten|dflipflop:dff2|q ; day_timer:timer2|ten_digit:min_ten|dflipflop:dff2|q ; freg_div_23:freg1|q[18] ; freg_div_23:freg1|q[18] ; 0.000        ; 0.062      ; 0.577      ;
; 0.358 ; day_timer:timer2|unit:min_unit|dflipflop:dff4|q     ; day_timer:timer2|unit:min_unit|dflipflop:dff4|q     ; freg_div_23:freg1|q[18] ; freg_div_23:freg1|q[18] ; 0.000        ; 0.062      ; 0.577      ;
; 0.358 ; day_timer:timer2|unit:min_unit|dflipflop:dff2|q     ; day_timer:timer2|unit:min_unit|dflipflop:dff2|q     ; freg_div_23:freg1|q[18] ; freg_div_23:freg1|q[18] ; 0.000        ; 0.062      ; 0.577      ;
; 0.358 ; day_timer:timer2|unit:min_unit|dflipflop:dff3|q     ; day_timer:timer2|unit:min_unit|dflipflop:dff3|q     ; freg_div_23:freg1|q[18] ; freg_div_23:freg1|q[18] ; 0.000        ; 0.062      ; 0.577      ;
; 0.358 ; day_timer:timer2|unit:min_unit|dflipflop:dff1|q     ; day_timer:timer2|unit:min_unit|dflipflop:dff1|q     ; freg_div_23:freg1|q[18] ; freg_div_23:freg1|q[18] ; 0.000        ; 0.062      ; 0.577      ;
; 0.358 ; day_timer:timer2|ten_digit:sec_ten|dflipflop:dff3|q ; day_timer:timer2|ten_digit:sec_ten|dflipflop:dff3|q ; freg_div_23:freg1|q[18] ; freg_div_23:freg1|q[18] ; 0.000        ; 0.062      ; 0.577      ;
; 0.358 ; day_timer:timer2|ten_digit:sec_ten|dflipflop:dff2|q ; day_timer:timer2|ten_digit:sec_ten|dflipflop:dff2|q ; freg_div_23:freg1|q[18] ; freg_div_23:freg1|q[18] ; 0.000        ; 0.062      ; 0.577      ;
; 0.358 ; day_timer:timer2|ten_digit:sec_ten|dflipflop:dff1|q ; day_timer:timer2|ten_digit:sec_ten|dflipflop:dff1|q ; freg_div_23:freg1|q[18] ; freg_div_23:freg1|q[18] ; 0.000        ; 0.062      ; 0.577      ;
; 0.358 ; day_timer:timer2|ten_digit:min_ten|dflipflop:dff3|q ; day_timer:timer2|ten_digit:min_ten|dflipflop:dff3|q ; freg_div_23:freg1|q[18] ; freg_div_23:freg1|q[18] ; 0.000        ; 0.062      ; 0.577      ;
; 0.361 ; day_timer:timer2|unit:sec_unit|dflipflop:dff3|q     ; day_timer:timer2|unit:sec_unit|dflipflop:dff3|q     ; freg_div_23:freg1|q[18] ; freg_div_23:freg1|q[18] ; 0.000        ; 0.062      ; 0.580      ;
; 0.583 ; day_timer:timer2|ten_digit:min_ten|dflipflop:dff2|q ; day_timer:timer2|ten_digit:min_ten|dflipflop:dff1|q ; freg_div_23:freg1|q[18] ; freg_div_23:freg1|q[18] ; 0.000        ; 0.062      ; 0.802      ;
; 0.605 ; day_timer:timer2|unit:min_unit|dflipflop:dff1|q     ; day_timer:timer2|ten_digit:min_ten|dflipflop:dff3|q ; freg_div_23:freg1|q[18] ; freg_div_23:freg1|q[18] ; 0.000        ; 0.062      ; 0.824      ;
; 0.612 ; day_timer:timer2|unit:min_unit|dflipflop:dff1|q     ; day_timer:timer2|unit:min_unit|dflipflop:dff3|q     ; freg_div_23:freg1|q[18] ; freg_div_23:freg1|q[18] ; 0.000        ; 0.062      ; 0.831      ;
; 0.632 ; day_timer:timer2|unit:sec_unit|dflipflop:dff3|q     ; day_timer:timer2|unit:sec_unit|dflipflop:dff1|q     ; freg_div_23:freg1|q[18] ; freg_div_23:freg1|q[18] ; 0.000        ; 0.062      ; 0.851      ;
; 0.700 ; day_timer:timer2|ten_digit:sec_ten|dflipflop:dff2|q ; day_timer:timer2|ten_digit:sec_ten|dflipflop:dff1|q ; freg_div_23:freg1|q[18] ; freg_div_23:freg1|q[18] ; 0.000        ; 0.061      ; 0.918      ;
; 0.710 ; day_timer:timer2|unit:sec_unit|dflipflop:dff1|q     ; day_timer:timer2|ten_digit:sec_ten|dflipflop:dff1|q ; freg_div_23:freg1|q[18] ; freg_div_23:freg1|q[18] ; 0.000        ; 0.062      ; 0.929      ;
; 0.732 ; day_timer:timer2|ten_digit:min_ten|dflipflop:dff1|q ; day_timer:timer2|ten_digit:min_ten|dflipflop:dff2|q ; freg_div_23:freg1|q[18] ; freg_div_23:freg1|q[18] ; 0.000        ; 0.062      ; 0.951      ;
; 0.745 ; day_timer:timer2|unit:min_unit|dflipflop:dff3|q     ; day_timer:timer2|unit:min_unit|dflipflop:dff2|q     ; freg_div_23:freg1|q[18] ; freg_div_23:freg1|q[18] ; 0.000        ; 0.062      ; 0.964      ;
; 0.749 ; day_timer:timer2|unit:sec_unit|dflipflop:dff3|q     ; day_timer:timer2|unit:sec_unit|dflipflop:dff2|q     ; freg_div_23:freg1|q[18] ; freg_div_23:freg1|q[18] ; 0.000        ; 0.063      ; 0.969      ;
; 0.764 ; day_timer:timer2|unit:sec_unit|dflipflop:dff2|q     ; day_timer:timer2|unit:sec_unit|dflipflop:dff1|q     ; freg_div_23:freg1|q[18] ; freg_div_23:freg1|q[18] ; 0.000        ; 0.061      ; 0.982      ;
; 0.767 ; day_timer:timer2|unit:sec_unit|dflipflop:dff4|q     ; day_timer:timer2|ten_digit:sec_ten|dflipflop:dff3|q ; freg_div_23:freg1|q[18] ; freg_div_23:freg1|q[18] ; 0.000        ; 0.062      ; 0.986      ;
; 0.777 ; day_timer:timer2|unit:sec_unit|dflipflop:dff1|q     ; day_timer:timer2|ten_digit:sec_ten|dflipflop:dff3|q ; freg_div_23:freg1|q[18] ; freg_div_23:freg1|q[18] ; 0.000        ; 0.062      ; 0.996      ;
; 0.807 ; day_timer:timer2|unit:sec_unit|dflipflop:dff4|q     ; day_timer:timer2|unit:sec_unit|dflipflop:dff4|q     ; freg_div_23:freg1|q[18] ; freg_div_23:freg1|q[18] ; 0.000        ; 0.062      ; 1.026      ;
; 0.808 ; day_timer:timer2|unit:sec_unit|dflipflop:dff4|q     ; day_timer:timer2|unit:sec_unit|dflipflop:dff2|q     ; freg_div_23:freg1|q[18] ; freg_div_23:freg1|q[18] ; 0.000        ; 0.063      ; 1.028      ;
; 0.810 ; day_timer:timer2|unit:sec_unit|dflipflop:dff1|q     ; day_timer:timer2|unit:sec_unit|dflipflop:dff3|q     ; freg_div_23:freg1|q[18] ; freg_div_23:freg1|q[18] ; 0.000        ; 0.062      ; 1.029      ;
; 0.858 ; day_timer:timer2|ten_digit:min_ten|dflipflop:dff2|q ; day_timer:timer2|unit:sec_unit|dflipflop:dff4|q     ; freg_div_23:freg1|q[18] ; freg_div_23:freg1|q[18] ; 0.000        ; 0.061      ; 1.076      ;
; 0.868 ; day_timer:timer2|unit:min_unit|dflipflop:dff4|q     ; day_timer:timer2|ten_digit:min_ten|dflipflop:dff1|q ; freg_div_23:freg1|q[18] ; freg_div_23:freg1|q[18] ; 0.000        ; 0.062      ; 1.087      ;
; 0.868 ; day_timer:timer2|unit:min_unit|dflipflop:dff4|q     ; day_timer:timer2|ten_digit:min_ten|dflipflop:dff2|q ; freg_div_23:freg1|q[18] ; freg_div_23:freg1|q[18] ; 0.000        ; 0.062      ; 1.087      ;
; 0.890 ; day_timer:timer2|unit:min_unit|dflipflop:dff2|q     ; day_timer:timer2|unit:sec_unit|dflipflop:dff4|q     ; freg_div_23:freg1|q[18] ; freg_div_23:freg1|q[18] ; 0.000        ; 0.062      ; 1.109      ;
; 0.901 ; day_timer:timer2|unit:sec_unit|dflipflop:dff4|q     ; day_timer:timer2|ten_digit:sec_ten|dflipflop:dff1|q ; freg_div_23:freg1|q[18] ; freg_div_23:freg1|q[18] ; 0.000        ; 0.062      ; 1.120      ;
; 0.903 ; day_timer:timer2|unit:min_unit|dflipflop:dff2|q     ; day_timer:timer2|unit:min_unit|dflipflop:dff1|q     ; freg_div_23:freg1|q[18] ; freg_div_23:freg1|q[18] ; 0.000        ; 0.062      ; 1.122      ;
; 0.950 ; day_timer:timer2|ten_digit:sec_ten|dflipflop:dff3|q ; day_timer:timer2|ten_digit:sec_ten|dflipflop:dff1|q ; freg_div_23:freg1|q[18] ; freg_div_23:freg1|q[18] ; 0.000        ; 0.062      ; 1.169      ;
; 0.965 ; day_timer:timer2|unit:min_unit|dflipflop:dff1|q     ; day_timer:timer2|ten_digit:min_ten|dflipflop:dff1|q ; freg_div_23:freg1|q[18] ; freg_div_23:freg1|q[18] ; 0.000        ; 0.063      ; 1.185      ;
; 0.965 ; day_timer:timer2|unit:min_unit|dflipflop:dff1|q     ; day_timer:timer2|ten_digit:min_ten|dflipflop:dff2|q ; freg_div_23:freg1|q[18] ; freg_div_23:freg1|q[18] ; 0.000        ; 0.063      ; 1.185      ;
; 1.010 ; day_timer:timer2|unit:min_unit|dflipflop:dff3|q     ; day_timer:timer2|unit:min_unit|dflipflop:dff1|q     ; freg_div_23:freg1|q[18] ; freg_div_23:freg1|q[18] ; 0.000        ; 0.062      ; 1.229      ;
; 1.025 ; day_timer:timer2|unit:sec_unit|dflipflop:dff1|q     ; day_timer:timer2|unit:min_unit|dflipflop:dff3|q     ; freg_div_23:freg1|q[18] ; freg_div_23:freg1|q[18] ; 0.000        ; 0.062      ; 1.244      ;
; 1.026 ; day_timer:timer2|unit:sec_unit|dflipflop:dff1|q     ; day_timer:timer2|unit:min_unit|dflipflop:dff1|q     ; freg_div_23:freg1|q[18] ; freg_div_23:freg1|q[18] ; 0.000        ; 0.062      ; 1.245      ;
; 1.027 ; day_timer:timer2|unit:sec_unit|dflipflop:dff1|q     ; day_timer:timer2|unit:min_unit|dflipflop:dff2|q     ; freg_div_23:freg1|q[18] ; freg_div_23:freg1|q[18] ; 0.000        ; 0.062      ; 1.246      ;
; 1.027 ; day_timer:timer2|unit:sec_unit|dflipflop:dff1|q     ; day_timer:timer2|ten_digit:min_ten|dflipflop:dff3|q ; freg_div_23:freg1|q[18] ; freg_div_23:freg1|q[18] ; 0.000        ; 0.062      ; 1.246      ;
; 1.028 ; day_timer:timer2|ten_digit:min_ten|dflipflop:dff2|q ; day_timer:timer2|ten_digit:sec_ten|dflipflop:dff3|q ; freg_div_23:freg1|q[18] ; freg_div_23:freg1|q[18] ; 0.000        ; 0.061      ; 1.246      ;
; 1.028 ; day_timer:timer2|ten_digit:min_ten|dflipflop:dff2|q ; day_timer:timer2|unit:sec_unit|dflipflop:dff1|q     ; freg_div_23:freg1|q[18] ; freg_div_23:freg1|q[18] ; 0.000        ; 0.061      ; 1.246      ;
; 1.030 ; day_timer:timer2|ten_digit:min_ten|dflipflop:dff2|q ; day_timer:timer2|unit:sec_unit|dflipflop:dff3|q     ; freg_div_23:freg1|q[18] ; freg_div_23:freg1|q[18] ; 0.000        ; 0.061      ; 1.248      ;
; 1.033 ; day_timer:timer2|unit:min_unit|dflipflop:dff4|q     ; day_timer:timer2|unit:min_unit|dflipflop:dff3|q     ; freg_div_23:freg1|q[18] ; freg_div_23:freg1|q[18] ; 0.000        ; 0.061      ; 1.251      ;
; 1.034 ; day_timer:timer2|ten_digit:sec_ten|dflipflop:dff1|q ; day_timer:timer2|ten_digit:sec_ten|dflipflop:dff2|q ; freg_div_23:freg1|q[18] ; freg_div_23:freg1|q[18] ; 0.000        ; 0.063      ; 1.254      ;
; 1.034 ; day_timer:timer2|unit:min_unit|dflipflop:dff4|q     ; day_timer:timer2|unit:min_unit|dflipflop:dff1|q     ; freg_div_23:freg1|q[18] ; freg_div_23:freg1|q[18] ; 0.000        ; 0.061      ; 1.252      ;
; 1.035 ; day_timer:timer2|unit:min_unit|dflipflop:dff4|q     ; day_timer:timer2|unit:min_unit|dflipflop:dff2|q     ; freg_div_23:freg1|q[18] ; freg_div_23:freg1|q[18] ; 0.000        ; 0.061      ; 1.253      ;
; 1.035 ; day_timer:timer2|unit:min_unit|dflipflop:dff4|q     ; day_timer:timer2|ten_digit:min_ten|dflipflop:dff3|q ; freg_div_23:freg1|q[18] ; freg_div_23:freg1|q[18] ; 0.000        ; 0.061      ; 1.253      ;
; 1.061 ; day_timer:timer2|unit:min_unit|dflipflop:dff2|q     ; day_timer:timer2|ten_digit:sec_ten|dflipflop:dff3|q ; freg_div_23:freg1|q[18] ; freg_div_23:freg1|q[18] ; 0.000        ; 0.062      ; 1.280      ;
; 1.061 ; day_timer:timer2|unit:min_unit|dflipflop:dff2|q     ; day_timer:timer2|unit:sec_unit|dflipflop:dff1|q     ; freg_div_23:freg1|q[18] ; freg_div_23:freg1|q[18] ; 0.000        ; 0.062      ; 1.280      ;
; 1.063 ; day_timer:timer2|unit:min_unit|dflipflop:dff2|q     ; day_timer:timer2|unit:sec_unit|dflipflop:dff3|q     ; freg_div_23:freg1|q[18] ; freg_div_23:freg1|q[18] ; 0.000        ; 0.062      ; 1.282      ;
; 1.071 ; day_timer:timer2|ten_digit:min_ten|dflipflop:dff2|q ; day_timer:timer2|unit:sec_unit|dflipflop:dff2|q     ; freg_div_23:freg1|q[18] ; freg_div_23:freg1|q[18] ; 0.000        ; 0.062      ; 1.290      ;
; 1.071 ; day_timer:timer2|ten_digit:min_ten|dflipflop:dff2|q ; day_timer:timer2|unit:min_unit|dflipflop:dff4|q     ; freg_div_23:freg1|q[18] ; freg_div_23:freg1|q[18] ; 0.000        ; 0.062      ; 1.290      ;
; 1.073 ; day_timer:timer2|ten_digit:min_ten|dflipflop:dff2|q ; day_timer:timer2|ten_digit:sec_ten|dflipflop:dff2|q ; freg_div_23:freg1|q[18] ; freg_div_23:freg1|q[18] ; 0.000        ; 0.062      ; 1.292      ;
; 1.104 ; day_timer:timer2|unit:min_unit|dflipflop:dff2|q     ; day_timer:timer2|unit:sec_unit|dflipflop:dff2|q     ; freg_div_23:freg1|q[18] ; freg_div_23:freg1|q[18] ; 0.000        ; 0.063      ; 1.324      ;
; 1.104 ; day_timer:timer2|unit:min_unit|dflipflop:dff2|q     ; day_timer:timer2|unit:min_unit|dflipflop:dff4|q     ; freg_div_23:freg1|q[18] ; freg_div_23:freg1|q[18] ; 0.000        ; 0.063      ; 1.324      ;
; 1.106 ; day_timer:timer2|unit:min_unit|dflipflop:dff2|q     ; day_timer:timer2|ten_digit:sec_ten|dflipflop:dff2|q ; freg_div_23:freg1|q[18] ; freg_div_23:freg1|q[18] ; 0.000        ; 0.063      ; 1.326      ;
; 1.119 ; day_timer:timer2|unit:sec_unit|dflipflop:dff1|q     ; day_timer:timer2|unit:min_unit|dflipflop:dff4|q     ; freg_div_23:freg1|q[18] ; freg_div_23:freg1|q[18] ; 0.000        ; 0.063      ; 1.339      ;
; 1.120 ; day_timer:timer2|unit:sec_unit|dflipflop:dff1|q     ; day_timer:timer2|ten_digit:sec_ten|dflipflop:dff2|q ; freg_div_23:freg1|q[18] ; freg_div_23:freg1|q[18] ; 0.000        ; 0.063      ; 1.340      ;
; 1.121 ; day_timer:timer2|ten_digit:sec_ten|dflipflop:dff1|q ; day_timer:timer2|unit:min_unit|dflipflop:dff3|q     ; freg_div_23:freg1|q[18] ; freg_div_23:freg1|q[18] ; 0.000        ; 0.062      ; 1.340      ;
; 1.122 ; day_timer:timer2|ten_digit:sec_ten|dflipflop:dff1|q ; day_timer:timer2|unit:min_unit|dflipflop:dff1|q     ; freg_div_23:freg1|q[18] ; freg_div_23:freg1|q[18] ; 0.000        ; 0.062      ; 1.341      ;
; 1.123 ; day_timer:timer2|ten_digit:sec_ten|dflipflop:dff1|q ; day_timer:timer2|unit:min_unit|dflipflop:dff2|q     ; freg_div_23:freg1|q[18] ; freg_div_23:freg1|q[18] ; 0.000        ; 0.062      ; 1.342      ;
; 1.123 ; day_timer:timer2|ten_digit:sec_ten|dflipflop:dff1|q ; day_timer:timer2|ten_digit:min_ten|dflipflop:dff3|q ; freg_div_23:freg1|q[18] ; freg_div_23:freg1|q[18] ; 0.000        ; 0.062      ; 1.342      ;
; 1.175 ; day_timer:timer2|unit:sec_unit|dflipflop:dff1|q     ; day_timer:timer2|ten_digit:min_ten|dflipflop:dff1|q ; freg_div_23:freg1|q[18] ; freg_div_23:freg1|q[18] ; 0.000        ; 0.063      ; 1.395      ;
; 1.175 ; day_timer:timer2|unit:sec_unit|dflipflop:dff1|q     ; day_timer:timer2|ten_digit:min_ten|dflipflop:dff2|q ; freg_div_23:freg1|q[18] ; freg_div_23:freg1|q[18] ; 0.000        ; 0.063      ; 1.395      ;
; 1.196 ; day_timer:timer2|ten_digit:sec_ten|dflipflop:dff3|q ; day_timer:timer2|unit:min_unit|dflipflop:dff3|q     ; freg_div_23:freg1|q[18] ; freg_div_23:freg1|q[18] ; 0.000        ; 0.062      ; 1.415      ;
; 1.197 ; day_timer:timer2|ten_digit:sec_ten|dflipflop:dff3|q ; day_timer:timer2|unit:min_unit|dflipflop:dff1|q     ; freg_div_23:freg1|q[18] ; freg_div_23:freg1|q[18] ; 0.000        ; 0.062      ; 1.416      ;
; 1.198 ; day_timer:timer2|ten_digit:sec_ten|dflipflop:dff3|q ; day_timer:timer2|unit:min_unit|dflipflop:dff2|q     ; freg_div_23:freg1|q[18] ; freg_div_23:freg1|q[18] ; 0.000        ; 0.062      ; 1.417      ;
; 1.198 ; day_timer:timer2|ten_digit:sec_ten|dflipflop:dff3|q ; day_timer:timer2|ten_digit:min_ten|dflipflop:dff3|q ; freg_div_23:freg1|q[18] ; freg_div_23:freg1|q[18] ; 0.000        ; 0.062      ; 1.417      ;
; 1.215 ; day_timer:timer2|ten_digit:sec_ten|dflipflop:dff1|q ; day_timer:timer2|unit:min_unit|dflipflop:dff4|q     ; freg_div_23:freg1|q[18] ; freg_div_23:freg1|q[18] ; 0.000        ; 0.063      ; 1.435      ;
; 1.216 ; day_timer:timer2|ten_digit:min_ten|dflipflop:dff3|q ; day_timer:timer2|ten_digit:min_ten|dflipflop:dff1|q ; freg_div_23:freg1|q[18] ; freg_div_23:freg1|q[18] ; 0.000        ; 0.063      ; 1.436      ;
; 1.216 ; day_timer:timer2|ten_digit:min_ten|dflipflop:dff3|q ; day_timer:timer2|ten_digit:min_ten|dflipflop:dff2|q ; freg_div_23:freg1|q[18] ; freg_div_23:freg1|q[18] ; 0.000        ; 0.063      ; 1.436      ;
; 1.216 ; day_timer:timer2|unit:sec_unit|dflipflop:dff4|q     ; day_timer:timer2|unit:min_unit|dflipflop:dff3|q     ; freg_div_23:freg1|q[18] ; freg_div_23:freg1|q[18] ; 0.000        ; 0.062      ; 1.435      ;
; 1.217 ; day_timer:timer2|unit:sec_unit|dflipflop:dff4|q     ; day_timer:timer2|unit:min_unit|dflipflop:dff1|q     ; freg_div_23:freg1|q[18] ; freg_div_23:freg1|q[18] ; 0.000        ; 0.062      ; 1.436      ;
; 1.218 ; day_timer:timer2|unit:sec_unit|dflipflop:dff4|q     ; day_timer:timer2|unit:min_unit|dflipflop:dff2|q     ; freg_div_23:freg1|q[18] ; freg_div_23:freg1|q[18] ; 0.000        ; 0.062      ; 1.437      ;
; 1.218 ; day_timer:timer2|unit:sec_unit|dflipflop:dff4|q     ; day_timer:timer2|ten_digit:min_ten|dflipflop:dff3|q ; freg_div_23:freg1|q[18] ; freg_div_23:freg1|q[18] ; 0.000        ; 0.062      ; 1.437      ;
; 1.244 ; day_timer:timer2|ten_digit:min_ten|dflipflop:dff2|q ; day_timer:timer2|unit:min_unit|dflipflop:dff2|q     ; freg_div_23:freg1|q[18] ; freg_div_23:freg1|q[18] ; 0.000        ; 0.061      ; 1.462      ;
; 1.244 ; day_timer:timer2|ten_digit:min_ten|dflipflop:dff2|q ; day_timer:timer2|ten_digit:min_ten|dflipflop:dff3|q ; freg_div_23:freg1|q[18] ; freg_div_23:freg1|q[18] ; 0.000        ; 0.061      ; 1.462      ;
; 1.248 ; day_timer:timer2|ten_digit:min_ten|dflipflop:dff2|q ; day_timer:timer2|unit:min_unit|dflipflop:dff3|q     ; freg_div_23:freg1|q[18] ; freg_div_23:freg1|q[18] ; 0.000        ; 0.061      ; 1.466      ;
; 1.250 ; day_timer:timer2|ten_digit:min_ten|dflipflop:dff2|q ; day_timer:timer2|ten_digit:sec_ten|dflipflop:dff1|q ; freg_div_23:freg1|q[18] ; freg_div_23:freg1|q[18] ; 0.000        ; 0.061      ; 1.468      ;
; 1.266 ; day_timer:timer2|ten_digit:min_ten|dflipflop:dff2|q ; day_timer:timer2|unit:min_unit|dflipflop:dff1|q     ; freg_div_23:freg1|q[18] ; freg_div_23:freg1|q[18] ; 0.000        ; 0.061      ; 1.484      ;
; 1.271 ; day_timer:timer2|ten_digit:sec_ten|dflipflop:dff1|q ; day_timer:timer2|ten_digit:min_ten|dflipflop:dff1|q ; freg_div_23:freg1|q[18] ; freg_div_23:freg1|q[18] ; 0.000        ; 0.063      ; 1.491      ;
; 1.271 ; day_timer:timer2|ten_digit:sec_ten|dflipflop:dff1|q ; day_timer:timer2|ten_digit:min_ten|dflipflop:dff2|q ; freg_div_23:freg1|q[18] ; freg_div_23:freg1|q[18] ; 0.000        ; 0.063      ; 1.491      ;
; 1.277 ; day_timer:timer2|unit:min_unit|dflipflop:dff2|q     ; day_timer:timer2|ten_digit:min_ten|dflipflop:dff3|q ; freg_div_23:freg1|q[18] ; freg_div_23:freg1|q[18] ; 0.000        ; 0.062      ; 1.496      ;
; 1.281 ; day_timer:timer2|unit:min_unit|dflipflop:dff2|q     ; day_timer:timer2|unit:min_unit|dflipflop:dff3|q     ; freg_div_23:freg1|q[18] ; freg_div_23:freg1|q[18] ; 0.000        ; 0.062      ; 1.500      ;
; 1.283 ; day_timer:timer2|unit:min_unit|dflipflop:dff2|q     ; day_timer:timer2|ten_digit:sec_ten|dflipflop:dff1|q ; freg_div_23:freg1|q[18] ; freg_div_23:freg1|q[18] ; 0.000        ; 0.062      ; 1.502      ;
; 1.290 ; day_timer:timer2|ten_digit:sec_ten|dflipflop:dff3|q ; day_timer:timer2|unit:min_unit|dflipflop:dff4|q     ; freg_div_23:freg1|q[18] ; freg_div_23:freg1|q[18] ; 0.000        ; 0.063      ; 1.510      ;
; 1.310 ; day_timer:timer2|unit:sec_unit|dflipflop:dff4|q     ; day_timer:timer2|unit:min_unit|dflipflop:dff4|q     ; freg_div_23:freg1|q[18] ; freg_div_23:freg1|q[18] ; 0.000        ; 0.063      ; 1.530      ;
; 1.311 ; day_timer:timer2|unit:sec_unit|dflipflop:dff4|q     ; day_timer:timer2|ten_digit:sec_ten|dflipflop:dff2|q ; freg_div_23:freg1|q[18] ; freg_div_23:freg1|q[18] ; 0.000        ; 0.063      ; 1.531      ;
; 1.325 ; day_timer:timer2|unit:min_unit|dflipflop:dff2|q     ; day_timer:timer2|ten_digit:min_ten|dflipflop:dff2|q ; freg_div_23:freg1|q[18] ; freg_div_23:freg1|q[18] ; 0.000        ; 0.063      ; 1.545      ;
; 1.328 ; day_timer:timer2|unit:sec_unit|dflipflop:dff4|q     ; day_timer:timer2|unit:sec_unit|dflipflop:dff3|q     ; freg_div_23:freg1|q[18] ; freg_div_23:freg1|q[18] ; 0.000        ; 0.062      ; 1.547      ;
; 1.328 ; day_timer:timer2|unit:sec_unit|dflipflop:dff4|q     ; day_timer:timer2|unit:sec_unit|dflipflop:dff1|q     ; freg_div_23:freg1|q[18] ; freg_div_23:freg1|q[18] ; 0.000        ; 0.062      ; 1.547      ;
; 1.338 ; day_timer:timer2|unit:min_unit|dflipflop:dff2|q     ; day_timer:timer2|ten_digit:min_ten|dflipflop:dff1|q ; freg_div_23:freg1|q[18] ; freg_div_23:freg1|q[18] ; 0.000        ; 0.063      ; 1.558      ;
; 1.346 ; day_timer:timer2|ten_digit:sec_ten|dflipflop:dff3|q ; day_timer:timer2|ten_digit:min_ten|dflipflop:dff1|q ; freg_div_23:freg1|q[18] ; freg_div_23:freg1|q[18] ; 0.000        ; 0.063      ; 1.566      ;
; 1.346 ; day_timer:timer2|ten_digit:sec_ten|dflipflop:dff3|q ; day_timer:timer2|ten_digit:min_ten|dflipflop:dff2|q ; freg_div_23:freg1|q[18] ; freg_div_23:freg1|q[18] ; 0.000        ; 0.063      ; 1.566      ;
; 1.360 ; day_timer:timer2|ten_digit:sec_ten|dflipflop:dff3|q ; day_timer:timer2|ten_digit:sec_ten|dflipflop:dff2|q ; freg_div_23:freg1|q[18] ; freg_div_23:freg1|q[18] ; 0.000        ; 0.063      ; 1.580      ;
; 1.366 ; day_timer:timer2|unit:sec_unit|dflipflop:dff4|q     ; day_timer:timer2|ten_digit:min_ten|dflipflop:dff1|q ; freg_div_23:freg1|q[18] ; freg_div_23:freg1|q[18] ; 0.000        ; 0.063      ; 1.586      ;
; 1.366 ; day_timer:timer2|unit:sec_unit|dflipflop:dff4|q     ; day_timer:timer2|ten_digit:min_ten|dflipflop:dff2|q ; freg_div_23:freg1|q[18] ; freg_div_23:freg1|q[18] ; 0.000        ; 0.063      ; 1.586      ;
+-------+-----------------------------------------------------+-----------------------------------------------------+-------------------------+-------------------------+--------------+------------+------------+


+------------------------------------------------------------------------------------------------------------+
; Slow 1200mV 85C Model Minimum Pulse Width: 'CLK'                                                           ;
+--------+--------------+----------------+------------------+-------+------------+---------------------------+
; Slack  ; Actual Width ; Required Width ; Type             ; Clock ; Clock Edge ; Target                    ;
+--------+--------------+----------------+------------------+-------+------------+---------------------------+
; -3.000 ; 1.000        ; 4.000          ; Port Rate        ; CLK   ; Rise       ; CLK                       ;
; -1.000 ; 1.000        ; 2.000          ; Min Period       ; CLK   ; Rise       ; freg_div_23:freg1|q[0]    ;
; -1.000 ; 1.000        ; 2.000          ; Min Period       ; CLK   ; Rise       ; freg_div_23:freg1|q[10]   ;
; -1.000 ; 1.000        ; 2.000          ; Min Period       ; CLK   ; Rise       ; freg_div_23:freg1|q[11]   ;
; -1.000 ; 1.000        ; 2.000          ; Min Period       ; CLK   ; Rise       ; freg_div_23:freg1|q[12]   ;
; -1.000 ; 1.000        ; 2.000          ; Min Period       ; CLK   ; Rise       ; freg_div_23:freg1|q[13]   ;
; -1.000 ; 1.000        ; 2.000          ; Min Period       ; CLK   ; Rise       ; freg_div_23:freg1|q[14]   ;
; -1.000 ; 1.000        ; 2.000          ; Min Period       ; CLK   ; Rise       ; freg_div_23:freg1|q[15]   ;
; -1.000 ; 1.000        ; 2.000          ; Min Period       ; CLK   ; Rise       ; freg_div_23:freg1|q[16]   ;
; -1.000 ; 1.000        ; 2.000          ; Min Period       ; CLK   ; Rise       ; freg_div_23:freg1|q[17]   ;
; -1.000 ; 1.000        ; 2.000          ; Min Period       ; CLK   ; Rise       ; freg_div_23:freg1|q[18]   ;
; -1.000 ; 1.000        ; 2.000          ; Min Period       ; CLK   ; Rise       ; freg_div_23:freg1|q[1]    ;
; -1.000 ; 1.000        ; 2.000          ; Min Period       ; CLK   ; Rise       ; freg_div_23:freg1|q[2]    ;
; -1.000 ; 1.000        ; 2.000          ; Min Period       ; CLK   ; Rise       ; freg_div_23:freg1|q[3]    ;
; -1.000 ; 1.000        ; 2.000          ; Min Period       ; CLK   ; Rise       ; freg_div_23:freg1|q[4]    ;
; -1.000 ; 1.000        ; 2.000          ; Min Period       ; CLK   ; Rise       ; freg_div_23:freg1|q[5]    ;
; -1.000 ; 1.000        ; 2.000          ; Min Period       ; CLK   ; Rise       ; freg_div_23:freg1|q[6]    ;
; -1.000 ; 1.000        ; 2.000          ; Min Period       ; CLK   ; Rise       ; freg_div_23:freg1|q[7]    ;
; -1.000 ; 1.000        ; 2.000          ; Min Period       ; CLK   ; Rise       ; freg_div_23:freg1|q[8]    ;
; -1.000 ; 1.000        ; 2.000          ; Min Period       ; CLK   ; Rise       ; freg_div_23:freg1|q[9]    ;
; 0.189  ; 0.373        ; 0.184          ; Low Pulse Width  ; CLK   ; Rise       ; freg_div_23:freg1|q[10]   ;
; 0.189  ; 0.373        ; 0.184          ; Low Pulse Width  ; CLK   ; Rise       ; freg_div_23:freg1|q[11]   ;
; 0.189  ; 0.373        ; 0.184          ; Low Pulse Width  ; CLK   ; Rise       ; freg_div_23:freg1|q[12]   ;
; 0.189  ; 0.373        ; 0.184          ; Low Pulse Width  ; CLK   ; Rise       ; freg_div_23:freg1|q[13]   ;
; 0.189  ; 0.373        ; 0.184          ; Low Pulse Width  ; CLK   ; Rise       ; freg_div_23:freg1|q[14]   ;
; 0.189  ; 0.373        ; 0.184          ; Low Pulse Width  ; CLK   ; Rise       ; freg_div_23:freg1|q[15]   ;
; 0.189  ; 0.373        ; 0.184          ; Low Pulse Width  ; CLK   ; Rise       ; freg_div_23:freg1|q[16]   ;
; 0.189  ; 0.373        ; 0.184          ; Low Pulse Width  ; CLK   ; Rise       ; freg_div_23:freg1|q[17]   ;
; 0.189  ; 0.373        ; 0.184          ; Low Pulse Width  ; CLK   ; Rise       ; freg_div_23:freg1|q[18]   ;
; 0.190  ; 0.374        ; 0.184          ; Low Pulse Width  ; CLK   ; Rise       ; freg_div_23:freg1|q[0]    ;
; 0.190  ; 0.374        ; 0.184          ; Low Pulse Width  ; CLK   ; Rise       ; freg_div_23:freg1|q[1]    ;
; 0.190  ; 0.374        ; 0.184          ; Low Pulse Width  ; CLK   ; Rise       ; freg_div_23:freg1|q[2]    ;
; 0.190  ; 0.374        ; 0.184          ; Low Pulse Width  ; CLK   ; Rise       ; freg_div_23:freg1|q[3]    ;
; 0.190  ; 0.374        ; 0.184          ; Low Pulse Width  ; CLK   ; Rise       ; freg_div_23:freg1|q[4]    ;
; 0.190  ; 0.374        ; 0.184          ; Low Pulse Width  ; CLK   ; Rise       ; freg_div_23:freg1|q[5]    ;
; 0.190  ; 0.374        ; 0.184          ; Low Pulse Width  ; CLK   ; Rise       ; freg_div_23:freg1|q[6]    ;
; 0.190  ; 0.374        ; 0.184          ; Low Pulse Width  ; CLK   ; Rise       ; freg_div_23:freg1|q[7]    ;
; 0.190  ; 0.374        ; 0.184          ; Low Pulse Width  ; CLK   ; Rise       ; freg_div_23:freg1|q[8]    ;
; 0.190  ; 0.374        ; 0.184          ; Low Pulse Width  ; CLK   ; Rise       ; freg_div_23:freg1|q[9]    ;
; 0.339  ; 0.339        ; 0.000          ; Low Pulse Width  ; CLK   ; Rise       ; CLK~input|o               ;
; 0.351  ; 0.351        ; 0.000          ; Low Pulse Width  ; CLK   ; Rise       ; freg1|q[0]|clk            ;
; 0.351  ; 0.351        ; 0.000          ; Low Pulse Width  ; CLK   ; Rise       ; freg1|q[10]|clk           ;
; 0.351  ; 0.351        ; 0.000          ; Low Pulse Width  ; CLK   ; Rise       ; freg1|q[11]|clk           ;
; 0.351  ; 0.351        ; 0.000          ; Low Pulse Width  ; CLK   ; Rise       ; freg1|q[12]|clk           ;
; 0.351  ; 0.351        ; 0.000          ; Low Pulse Width  ; CLK   ; Rise       ; freg1|q[13]|clk           ;
; 0.351  ; 0.351        ; 0.000          ; Low Pulse Width  ; CLK   ; Rise       ; freg1|q[14]|clk           ;
; 0.351  ; 0.351        ; 0.000          ; Low Pulse Width  ; CLK   ; Rise       ; freg1|q[15]|clk           ;
; 0.351  ; 0.351        ; 0.000          ; Low Pulse Width  ; CLK   ; Rise       ; freg1|q[16]|clk           ;
; 0.351  ; 0.351        ; 0.000          ; Low Pulse Width  ; CLK   ; Rise       ; freg1|q[17]|clk           ;
; 0.351  ; 0.351        ; 0.000          ; Low Pulse Width  ; CLK   ; Rise       ; freg1|q[18]|clk           ;
; 0.351  ; 0.351        ; 0.000          ; Low Pulse Width  ; CLK   ; Rise       ; freg1|q[1]|clk            ;
; 0.351  ; 0.351        ; 0.000          ; Low Pulse Width  ; CLK   ; Rise       ; freg1|q[2]|clk            ;
; 0.351  ; 0.351        ; 0.000          ; Low Pulse Width  ; CLK   ; Rise       ; freg1|q[3]|clk            ;
; 0.351  ; 0.351        ; 0.000          ; Low Pulse Width  ; CLK   ; Rise       ; freg1|q[4]|clk            ;
; 0.351  ; 0.351        ; 0.000          ; Low Pulse Width  ; CLK   ; Rise       ; freg1|q[5]|clk            ;
; 0.351  ; 0.351        ; 0.000          ; Low Pulse Width  ; CLK   ; Rise       ; freg1|q[6]|clk            ;
; 0.351  ; 0.351        ; 0.000          ; Low Pulse Width  ; CLK   ; Rise       ; freg1|q[7]|clk            ;
; 0.351  ; 0.351        ; 0.000          ; Low Pulse Width  ; CLK   ; Rise       ; freg1|q[8]|clk            ;
; 0.351  ; 0.351        ; 0.000          ; Low Pulse Width  ; CLK   ; Rise       ; freg1|q[9]|clk            ;
; 0.356  ; 0.356        ; 0.000          ; Low Pulse Width  ; CLK   ; Rise       ; CLK~inputclkctrl|inclk[0] ;
; 0.356  ; 0.356        ; 0.000          ; Low Pulse Width  ; CLK   ; Rise       ; CLK~inputclkctrl|outclk   ;
; 0.409  ; 0.625        ; 0.216          ; High Pulse Width ; CLK   ; Rise       ; freg_div_23:freg1|q[0]    ;
; 0.409  ; 0.625        ; 0.216          ; High Pulse Width ; CLK   ; Rise       ; freg_div_23:freg1|q[10]   ;
; 0.409  ; 0.625        ; 0.216          ; High Pulse Width ; CLK   ; Rise       ; freg_div_23:freg1|q[11]   ;
; 0.409  ; 0.625        ; 0.216          ; High Pulse Width ; CLK   ; Rise       ; freg_div_23:freg1|q[12]   ;
; 0.409  ; 0.625        ; 0.216          ; High Pulse Width ; CLK   ; Rise       ; freg_div_23:freg1|q[13]   ;
; 0.409  ; 0.625        ; 0.216          ; High Pulse Width ; CLK   ; Rise       ; freg_div_23:freg1|q[14]   ;
; 0.409  ; 0.625        ; 0.216          ; High Pulse Width ; CLK   ; Rise       ; freg_div_23:freg1|q[15]   ;
; 0.409  ; 0.625        ; 0.216          ; High Pulse Width ; CLK   ; Rise       ; freg_div_23:freg1|q[16]   ;
; 0.409  ; 0.625        ; 0.216          ; High Pulse Width ; CLK   ; Rise       ; freg_div_23:freg1|q[17]   ;
; 0.409  ; 0.625        ; 0.216          ; High Pulse Width ; CLK   ; Rise       ; freg_div_23:freg1|q[18]   ;
; 0.409  ; 0.625        ; 0.216          ; High Pulse Width ; CLK   ; Rise       ; freg_div_23:freg1|q[1]    ;
; 0.409  ; 0.625        ; 0.216          ; High Pulse Width ; CLK   ; Rise       ; freg_div_23:freg1|q[2]    ;
; 0.409  ; 0.625        ; 0.216          ; High Pulse Width ; CLK   ; Rise       ; freg_div_23:freg1|q[3]    ;
; 0.409  ; 0.625        ; 0.216          ; High Pulse Width ; CLK   ; Rise       ; freg_div_23:freg1|q[4]    ;
; 0.409  ; 0.625        ; 0.216          ; High Pulse Width ; CLK   ; Rise       ; freg_div_23:freg1|q[5]    ;
; 0.409  ; 0.625        ; 0.216          ; High Pulse Width ; CLK   ; Rise       ; freg_div_23:freg1|q[6]    ;
; 0.409  ; 0.625        ; 0.216          ; High Pulse Width ; CLK   ; Rise       ; freg_div_23:freg1|q[7]    ;
; 0.409  ; 0.625        ; 0.216          ; High Pulse Width ; CLK   ; Rise       ; freg_div_23:freg1|q[8]    ;
; 0.409  ; 0.625        ; 0.216          ; High Pulse Width ; CLK   ; Rise       ; freg_div_23:freg1|q[9]    ;
; 0.500  ; 0.500        ; 0.000          ; High Pulse Width ; CLK   ; Rise       ; CLK~input|i               ;
; 0.500  ; 0.500        ; 0.000          ; Low Pulse Width  ; CLK   ; Rise       ; CLK~input|i               ;
; 0.643  ; 0.643        ; 0.000          ; High Pulse Width ; CLK   ; Rise       ; CLK~inputclkctrl|inclk[0] ;
; 0.643  ; 0.643        ; 0.000          ; High Pulse Width ; CLK   ; Rise       ; CLK~inputclkctrl|outclk   ;
; 0.648  ; 0.648        ; 0.000          ; High Pulse Width ; CLK   ; Rise       ; freg1|q[0]|clk            ;
; 0.648  ; 0.648        ; 0.000          ; High Pulse Width ; CLK   ; Rise       ; freg1|q[1]|clk            ;
; 0.648  ; 0.648        ; 0.000          ; High Pulse Width ; CLK   ; Rise       ; freg1|q[2]|clk            ;
; 0.648  ; 0.648        ; 0.000          ; High Pulse Width ; CLK   ; Rise       ; freg1|q[3]|clk            ;
; 0.648  ; 0.648        ; 0.000          ; High Pulse Width ; CLK   ; Rise       ; freg1|q[4]|clk            ;
; 0.648  ; 0.648        ; 0.000          ; High Pulse Width ; CLK   ; Rise       ; freg1|q[5]|clk            ;
; 0.648  ; 0.648        ; 0.000          ; High Pulse Width ; CLK   ; Rise       ; freg1|q[6]|clk            ;
; 0.648  ; 0.648        ; 0.000          ; High Pulse Width ; CLK   ; Rise       ; freg1|q[7]|clk            ;
; 0.648  ; 0.648        ; 0.000          ; High Pulse Width ; CLK   ; Rise       ; freg1|q[8]|clk            ;
; 0.648  ; 0.648        ; 0.000          ; High Pulse Width ; CLK   ; Rise       ; freg1|q[9]|clk            ;
; 0.649  ; 0.649        ; 0.000          ; High Pulse Width ; CLK   ; Rise       ; freg1|q[10]|clk           ;
; 0.649  ; 0.649        ; 0.000          ; High Pulse Width ; CLK   ; Rise       ; freg1|q[11]|clk           ;
; 0.649  ; 0.649        ; 0.000          ; High Pulse Width ; CLK   ; Rise       ; freg1|q[12]|clk           ;
; 0.649  ; 0.649        ; 0.000          ; High Pulse Width ; CLK   ; Rise       ; freg1|q[13]|clk           ;
; 0.649  ; 0.649        ; 0.000          ; High Pulse Width ; CLK   ; Rise       ; freg1|q[14]|clk           ;
; 0.649  ; 0.649        ; 0.000          ; High Pulse Width ; CLK   ; Rise       ; freg1|q[15]|clk           ;
+--------+--------------+----------------+------------------+-------+------------+---------------------------+


+--------------------------------------------------------------------------------------------------------------------------------------------------------+
; Slow 1200mV 85C Model Minimum Pulse Width: 'freg_div_23:freg1|q[18]'                                                                                   ;
+--------+--------------+----------------+------------------+-------------------------+------------+-----------------------------------------------------+
; Slack  ; Actual Width ; Required Width ; Type             ; Clock                   ; Clock Edge ; Target                                              ;
+--------+--------------+----------------+------------------+-------------------------+------------+-----------------------------------------------------+
; -1.000 ; 1.000        ; 2.000          ; Min Period       ; freg_div_23:freg1|q[18] ; Rise       ; day_timer:timer2|ten_digit:min_ten|dflipflop:dff1|q ;
; -1.000 ; 1.000        ; 2.000          ; Min Period       ; freg_div_23:freg1|q[18] ; Rise       ; day_timer:timer2|ten_digit:min_ten|dflipflop:dff2|q ;
; -1.000 ; 1.000        ; 2.000          ; Min Period       ; freg_div_23:freg1|q[18] ; Rise       ; day_timer:timer2|ten_digit:min_ten|dflipflop:dff3|q ;
; -1.000 ; 1.000        ; 2.000          ; Min Period       ; freg_div_23:freg1|q[18] ; Rise       ; day_timer:timer2|ten_digit:sec_ten|dflipflop:dff1|q ;
; -1.000 ; 1.000        ; 2.000          ; Min Period       ; freg_div_23:freg1|q[18] ; Rise       ; day_timer:timer2|ten_digit:sec_ten|dflipflop:dff2|q ;
; -1.000 ; 1.000        ; 2.000          ; Min Period       ; freg_div_23:freg1|q[18] ; Rise       ; day_timer:timer2|ten_digit:sec_ten|dflipflop:dff3|q ;
; -1.000 ; 1.000        ; 2.000          ; Min Period       ; freg_div_23:freg1|q[18] ; Rise       ; day_timer:timer2|unit:min_unit|dflipflop:dff1|q     ;
; -1.000 ; 1.000        ; 2.000          ; Min Period       ; freg_div_23:freg1|q[18] ; Rise       ; day_timer:timer2|unit:min_unit|dflipflop:dff2|q     ;
; -1.000 ; 1.000        ; 2.000          ; Min Period       ; freg_div_23:freg1|q[18] ; Rise       ; day_timer:timer2|unit:min_unit|dflipflop:dff3|q     ;
; -1.000 ; 1.000        ; 2.000          ; Min Period       ; freg_div_23:freg1|q[18] ; Rise       ; day_timer:timer2|unit:min_unit|dflipflop:dff4|q     ;
; -1.000 ; 1.000        ; 2.000          ; Min Period       ; freg_div_23:freg1|q[18] ; Rise       ; day_timer:timer2|unit:sec_unit|dflipflop:dff1|q     ;
; -1.000 ; 1.000        ; 2.000          ; Min Period       ; freg_div_23:freg1|q[18] ; Rise       ; day_timer:timer2|unit:sec_unit|dflipflop:dff2|q     ;
; -1.000 ; 1.000        ; 2.000          ; Min Period       ; freg_div_23:freg1|q[18] ; Rise       ; day_timer:timer2|unit:sec_unit|dflipflop:dff3|q     ;
; -1.000 ; 1.000        ; 2.000          ; Min Period       ; freg_div_23:freg1|q[18] ; Rise       ; day_timer:timer2|unit:sec_unit|dflipflop:dff4|q     ;
; 0.277  ; 0.461        ; 0.184          ; Low Pulse Width  ; freg_div_23:freg1|q[18] ; Rise       ; day_timer:timer2|ten_digit:min_ten|dflipflop:dff1|q ;
; 0.277  ; 0.461        ; 0.184          ; Low Pulse Width  ; freg_div_23:freg1|q[18] ; Rise       ; day_timer:timer2|ten_digit:min_ten|dflipflop:dff2|q ;
; 0.277  ; 0.461        ; 0.184          ; Low Pulse Width  ; freg_div_23:freg1|q[18] ; Rise       ; day_timer:timer2|ten_digit:min_ten|dflipflop:dff3|q ;
; 0.277  ; 0.461        ; 0.184          ; Low Pulse Width  ; freg_div_23:freg1|q[18] ; Rise       ; day_timer:timer2|ten_digit:sec_ten|dflipflop:dff1|q ;
; 0.277  ; 0.461        ; 0.184          ; Low Pulse Width  ; freg_div_23:freg1|q[18] ; Rise       ; day_timer:timer2|ten_digit:sec_ten|dflipflop:dff2|q ;
; 0.277  ; 0.461        ; 0.184          ; Low Pulse Width  ; freg_div_23:freg1|q[18] ; Rise       ; day_timer:timer2|ten_digit:sec_ten|dflipflop:dff3|q ;
; 0.277  ; 0.461        ; 0.184          ; Low Pulse Width  ; freg_div_23:freg1|q[18] ; Rise       ; day_timer:timer2|unit:min_unit|dflipflop:dff1|q     ;
; 0.277  ; 0.461        ; 0.184          ; Low Pulse Width  ; freg_div_23:freg1|q[18] ; Rise       ; day_timer:timer2|unit:min_unit|dflipflop:dff2|q     ;
; 0.277  ; 0.461        ; 0.184          ; Low Pulse Width  ; freg_div_23:freg1|q[18] ; Rise       ; day_timer:timer2|unit:min_unit|dflipflop:dff3|q     ;
; 0.277  ; 0.461        ; 0.184          ; Low Pulse Width  ; freg_div_23:freg1|q[18] ; Rise       ; day_timer:timer2|unit:min_unit|dflipflop:dff4|q     ;
; 0.277  ; 0.461        ; 0.184          ; Low Pulse Width  ; freg_div_23:freg1|q[18] ; Rise       ; day_timer:timer2|unit:sec_unit|dflipflop:dff1|q     ;
; 0.277  ; 0.461        ; 0.184          ; Low Pulse Width  ; freg_div_23:freg1|q[18] ; Rise       ; day_timer:timer2|unit:sec_unit|dflipflop:dff2|q     ;
; 0.277  ; 0.461        ; 0.184          ; Low Pulse Width  ; freg_div_23:freg1|q[18] ; Rise       ; day_timer:timer2|unit:sec_unit|dflipflop:dff3|q     ;
; 0.277  ; 0.461        ; 0.184          ; Low Pulse Width  ; freg_div_23:freg1|q[18] ; Rise       ; day_timer:timer2|unit:sec_unit|dflipflop:dff4|q     ;
; 0.318  ; 0.534        ; 0.216          ; High Pulse Width ; freg_div_23:freg1|q[18] ; Rise       ; day_timer:timer2|ten_digit:min_ten|dflipflop:dff1|q ;
; 0.318  ; 0.534        ; 0.216          ; High Pulse Width ; freg_div_23:freg1|q[18] ; Rise       ; day_timer:timer2|ten_digit:min_ten|dflipflop:dff2|q ;
; 0.318  ; 0.534        ; 0.216          ; High Pulse Width ; freg_div_23:freg1|q[18] ; Rise       ; day_timer:timer2|ten_digit:min_ten|dflipflop:dff3|q ;
; 0.318  ; 0.534        ; 0.216          ; High Pulse Width ; freg_div_23:freg1|q[18] ; Rise       ; day_timer:timer2|ten_digit:sec_ten|dflipflop:dff1|q ;
; 0.318  ; 0.534        ; 0.216          ; High Pulse Width ; freg_div_23:freg1|q[18] ; Rise       ; day_timer:timer2|ten_digit:sec_ten|dflipflop:dff2|q ;
; 0.318  ; 0.534        ; 0.216          ; High Pulse Width ; freg_div_23:freg1|q[18] ; Rise       ; day_timer:timer2|ten_digit:sec_ten|dflipflop:dff3|q ;
; 0.318  ; 0.534        ; 0.216          ; High Pulse Width ; freg_div_23:freg1|q[18] ; Rise       ; day_timer:timer2|unit:min_unit|dflipflop:dff1|q     ;
; 0.318  ; 0.534        ; 0.216          ; High Pulse Width ; freg_div_23:freg1|q[18] ; Rise       ; day_timer:timer2|unit:min_unit|dflipflop:dff2|q     ;
; 0.318  ; 0.534        ; 0.216          ; High Pulse Width ; freg_div_23:freg1|q[18] ; Rise       ; day_timer:timer2|unit:min_unit|dflipflop:dff3|q     ;
; 0.318  ; 0.534        ; 0.216          ; High Pulse Width ; freg_div_23:freg1|q[18] ; Rise       ; day_timer:timer2|unit:min_unit|dflipflop:dff4|q     ;
; 0.318  ; 0.534        ; 0.216          ; High Pulse Width ; freg_div_23:freg1|q[18] ; Rise       ; day_timer:timer2|unit:sec_unit|dflipflop:dff1|q     ;
; 0.318  ; 0.534        ; 0.216          ; High Pulse Width ; freg_div_23:freg1|q[18] ; Rise       ; day_timer:timer2|unit:sec_unit|dflipflop:dff2|q     ;
; 0.318  ; 0.534        ; 0.216          ; High Pulse Width ; freg_div_23:freg1|q[18] ; Rise       ; day_timer:timer2|unit:sec_unit|dflipflop:dff3|q     ;
; 0.318  ; 0.534        ; 0.216          ; High Pulse Width ; freg_div_23:freg1|q[18] ; Rise       ; day_timer:timer2|unit:sec_unit|dflipflop:dff4|q     ;
; 0.439  ; 0.439        ; 0.000          ; Low Pulse Width  ; freg_div_23:freg1|q[18] ; Rise       ; timer2|min_ten|dff1|q|clk                           ;
; 0.439  ; 0.439        ; 0.000          ; Low Pulse Width  ; freg_div_23:freg1|q[18] ; Rise       ; timer2|min_ten|dff2|q|clk                           ;
; 0.439  ; 0.439        ; 0.000          ; Low Pulse Width  ; freg_div_23:freg1|q[18] ; Rise       ; timer2|min_ten|dff3|q|clk                           ;
; 0.439  ; 0.439        ; 0.000          ; Low Pulse Width  ; freg_div_23:freg1|q[18] ; Rise       ; timer2|min_unit|dff1|q|clk                          ;
; 0.439  ; 0.439        ; 0.000          ; Low Pulse Width  ; freg_div_23:freg1|q[18] ; Rise       ; timer2|min_unit|dff2|q|clk                          ;
; 0.439  ; 0.439        ; 0.000          ; Low Pulse Width  ; freg_div_23:freg1|q[18] ; Rise       ; timer2|min_unit|dff3|q|clk                          ;
; 0.439  ; 0.439        ; 0.000          ; Low Pulse Width  ; freg_div_23:freg1|q[18] ; Rise       ; timer2|min_unit|dff4|q|clk                          ;
; 0.439  ; 0.439        ; 0.000          ; Low Pulse Width  ; freg_div_23:freg1|q[18] ; Rise       ; timer2|sec_ten|dff1|q|clk                           ;
; 0.439  ; 0.439        ; 0.000          ; Low Pulse Width  ; freg_div_23:freg1|q[18] ; Rise       ; timer2|sec_ten|dff2|q|clk                           ;
; 0.439  ; 0.439        ; 0.000          ; Low Pulse Width  ; freg_div_23:freg1|q[18] ; Rise       ; timer2|sec_ten|dff3|q|clk                           ;
; 0.439  ; 0.439        ; 0.000          ; Low Pulse Width  ; freg_div_23:freg1|q[18] ; Rise       ; timer2|sec_unit|dff1|q|clk                          ;
; 0.439  ; 0.439        ; 0.000          ; Low Pulse Width  ; freg_div_23:freg1|q[18] ; Rise       ; timer2|sec_unit|dff2|q|clk                          ;
; 0.439  ; 0.439        ; 0.000          ; Low Pulse Width  ; freg_div_23:freg1|q[18] ; Rise       ; timer2|sec_unit|dff3|q|clk                          ;
; 0.439  ; 0.439        ; 0.000          ; Low Pulse Width  ; freg_div_23:freg1|q[18] ; Rise       ; timer2|sec_unit|dff4|q|clk                          ;
; 0.446  ; 0.446        ; 0.000          ; Low Pulse Width  ; freg_div_23:freg1|q[18] ; Rise       ; freg1|q[18]~clkctrl|inclk[0]                        ;
; 0.446  ; 0.446        ; 0.000          ; Low Pulse Width  ; freg_div_23:freg1|q[18] ; Rise       ; freg1|q[18]~clkctrl|outclk                          ;
; 0.500  ; 0.500        ; 0.000          ; High Pulse Width ; freg_div_23:freg1|q[18] ; Rise       ; freg1|q[18]|q                                       ;
; 0.500  ; 0.500        ; 0.000          ; Low Pulse Width  ; freg_div_23:freg1|q[18] ; Rise       ; freg1|q[18]|q                                       ;
; 0.551  ; 0.551        ; 0.000          ; High Pulse Width ; freg_div_23:freg1|q[18] ; Rise       ; freg1|q[18]~clkctrl|inclk[0]                        ;
; 0.551  ; 0.551        ; 0.000          ; High Pulse Width ; freg_div_23:freg1|q[18] ; Rise       ; freg1|q[18]~clkctrl|outclk                          ;
; 0.558  ; 0.558        ; 0.000          ; High Pulse Width ; freg_div_23:freg1|q[18] ; Rise       ; timer2|min_ten|dff1|q|clk                           ;
; 0.558  ; 0.558        ; 0.000          ; High Pulse Width ; freg_div_23:freg1|q[18] ; Rise       ; timer2|min_ten|dff2|q|clk                           ;
; 0.558  ; 0.558        ; 0.000          ; High Pulse Width ; freg_div_23:freg1|q[18] ; Rise       ; timer2|min_ten|dff3|q|clk                           ;
; 0.558  ; 0.558        ; 0.000          ; High Pulse Width ; freg_div_23:freg1|q[18] ; Rise       ; timer2|min_unit|dff1|q|clk                          ;
; 0.558  ; 0.558        ; 0.000          ; High Pulse Width ; freg_div_23:freg1|q[18] ; Rise       ; timer2|min_unit|dff2|q|clk                          ;
; 0.558  ; 0.558        ; 0.000          ; High Pulse Width ; freg_div_23:freg1|q[18] ; Rise       ; timer2|min_unit|dff3|q|clk                          ;
; 0.558  ; 0.558        ; 0.000          ; High Pulse Width ; freg_div_23:freg1|q[18] ; Rise       ; timer2|min_unit|dff4|q|clk                          ;
; 0.558  ; 0.558        ; 0.000          ; High Pulse Width ; freg_div_23:freg1|q[18] ; Rise       ; timer2|sec_ten|dff1|q|clk                           ;
; 0.558  ; 0.558        ; 0.000          ; High Pulse Width ; freg_div_23:freg1|q[18] ; Rise       ; timer2|sec_ten|dff2|q|clk                           ;
; 0.558  ; 0.558        ; 0.000          ; High Pulse Width ; freg_div_23:freg1|q[18] ; Rise       ; timer2|sec_ten|dff3|q|clk                           ;
; 0.558  ; 0.558        ; 0.000          ; High Pulse Width ; freg_div_23:freg1|q[18] ; Rise       ; timer2|sec_unit|dff1|q|clk                          ;
; 0.558  ; 0.558        ; 0.000          ; High Pulse Width ; freg_div_23:freg1|q[18] ; Rise       ; timer2|sec_unit|dff2|q|clk                          ;
; 0.558  ; 0.558        ; 0.000          ; High Pulse Width ; freg_div_23:freg1|q[18] ; Rise       ; timer2|sec_unit|dff3|q|clk                          ;
; 0.558  ; 0.558        ; 0.000          ; High Pulse Width ; freg_div_23:freg1|q[18] ; Rise       ; timer2|sec_unit|dff4|q|clk                          ;
+--------+--------------+----------------+------------------+-------------------------+------------+-----------------------------------------------------+


+--------------------------------------------------------------------------------------------+
; Setup Times                                                                                ;
+-----------+-------------------------+-------+-------+------------+-------------------------+
; Data Port ; Clock Port              ; Rise  ; Fall  ; Clock Edge ; Clock Reference         ;
+-----------+-------------------------+-------+-------+------------+-------------------------+
; BTN[*]    ; freg_div_23:freg1|q[18] ; 2.929 ; 3.377 ; Rise       ; freg_div_23:freg1|q[18] ;
;  BTN[0]   ; freg_div_23:freg1|q[18] ; 2.929 ; 3.377 ; Rise       ; freg_div_23:freg1|q[18] ;
+-----------+-------------------------+-------+-------+------------+-------------------------+


+----------------------------------------------------------------------------------------------+
; Hold Times                                                                                   ;
+-----------+-------------------------+--------+--------+------------+-------------------------+
; Data Port ; Clock Port              ; Rise   ; Fall   ; Clock Edge ; Clock Reference         ;
+-----------+-------------------------+--------+--------+------------+-------------------------+
; BTN[*]    ; freg_div_23:freg1|q[18] ; -2.017 ; -2.418 ; Rise       ; freg_div_23:freg1|q[18] ;
;  BTN[0]   ; freg_div_23:freg1|q[18] ; -2.017 ; -2.418 ; Rise       ; freg_div_23:freg1|q[18] ;
+-----------+-------------------------+--------+--------+------------+-------------------------+


+--------------------------------------------------------------------------------------------+
; Clock to Output Times                                                                      ;
+-----------+-------------------------+-------+-------+------------+-------------------------+
; Data Port ; Clock Port              ; Rise  ; Fall  ; Clock Edge ; Clock Reference         ;
+-----------+-------------------------+-------+-------+------------+-------------------------+
; HEX0[*]   ; freg_div_23:freg1|q[18] ; 7.065 ; 7.189 ; Rise       ; freg_div_23:freg1|q[18] ;
;  HEX0[0]  ; freg_div_23:freg1|q[18] ; 7.008 ; 7.066 ; Rise       ; freg_div_23:freg1|q[18] ;
;  HEX0[1]  ; freg_div_23:freg1|q[18] ; 6.970 ; 7.062 ; Rise       ; freg_div_23:freg1|q[18] ;
;  HEX0[2]  ; freg_div_23:freg1|q[18] ; 7.065 ; 7.089 ; Rise       ; freg_div_23:freg1|q[18] ;
;  HEX0[3]  ; freg_div_23:freg1|q[18] ; 7.053 ; 7.154 ; Rise       ; freg_div_23:freg1|q[18] ;
;  HEX0[4]  ; freg_div_23:freg1|q[18] ; 7.064 ; 7.189 ; Rise       ; freg_div_23:freg1|q[18] ;
;  HEX0[5]  ; freg_div_23:freg1|q[18] ; 7.046 ; 7.172 ; Rise       ; freg_div_23:freg1|q[18] ;
;  HEX0[6]  ; freg_div_23:freg1|q[18] ; 7.056 ; 7.112 ; Rise       ; freg_div_23:freg1|q[18] ;
; HEX1[*]   ; freg_div_23:freg1|q[18] ; 7.004 ; 7.118 ; Rise       ; freg_div_23:freg1|q[18] ;
;  HEX1[0]  ; freg_div_23:freg1|q[18] ; 7.004 ; 7.117 ; Rise       ; freg_div_23:freg1|q[18] ;
;  HEX1[1]  ; freg_div_23:freg1|q[18] ; 6.985 ; 7.118 ; Rise       ; freg_div_23:freg1|q[18] ;
;  HEX1[2]  ; freg_div_23:freg1|q[18] ; 6.790 ; 6.780 ; Rise       ; freg_div_23:freg1|q[18] ;
;  HEX1[3]  ; freg_div_23:freg1|q[18] ; 6.819 ; 6.923 ; Rise       ; freg_div_23:freg1|q[18] ;
;  HEX1[4]  ; freg_div_23:freg1|q[18] ; 6.802 ; 6.925 ; Rise       ; freg_div_23:freg1|q[18] ;
;  HEX1[5]  ; freg_div_23:freg1|q[18] ; 6.903 ; 7.013 ; Rise       ; freg_div_23:freg1|q[18] ;
;  HEX1[6]  ; freg_div_23:freg1|q[18] ; 6.773 ; 6.801 ; Rise       ; freg_div_23:freg1|q[18] ;
; HEX2[*]   ; freg_div_23:freg1|q[18] ; 7.129 ; 7.166 ; Rise       ; freg_div_23:freg1|q[18] ;
;  HEX2[0]  ; freg_div_23:freg1|q[18] ; 6.700 ; 6.805 ; Rise       ; freg_div_23:freg1|q[18] ;
;  HEX2[1]  ; freg_div_23:freg1|q[18] ; 6.724 ; 6.836 ; Rise       ; freg_div_23:freg1|q[18] ;
;  HEX2[2]  ; freg_div_23:freg1|q[18] ; 6.277 ; 6.283 ; Rise       ; freg_div_23:freg1|q[18] ;
;  HEX2[3]  ; freg_div_23:freg1|q[18] ; 6.721 ; 6.837 ; Rise       ; freg_div_23:freg1|q[18] ;
;  HEX2[4]  ; freg_div_23:freg1|q[18] ; 6.771 ; 6.753 ; Rise       ; freg_div_23:freg1|q[18] ;
;  HEX2[5]  ; freg_div_23:freg1|q[18] ; 6.826 ; 6.863 ; Rise       ; freg_div_23:freg1|q[18] ;
;  HEX2[6]  ; freg_div_23:freg1|q[18] ; 7.129 ; 7.166 ; Rise       ; freg_div_23:freg1|q[18] ;
; HEX3[*]   ; freg_div_23:freg1|q[18] ; 7.153 ; 7.227 ; Rise       ; freg_div_23:freg1|q[18] ;
;  HEX3[0]  ; freg_div_23:freg1|q[18] ; 6.750 ; 6.752 ; Rise       ; freg_div_23:freg1|q[18] ;
;  HEX3[1]  ; freg_div_23:freg1|q[18] ; 7.099 ; 7.227 ; Rise       ; freg_div_23:freg1|q[18] ;
;  HEX3[2]  ; freg_div_23:freg1|q[18] ; 6.975 ; 7.110 ; Rise       ; freg_div_23:freg1|q[18] ;
;  HEX3[3]  ; freg_div_23:freg1|q[18] ; 6.973 ; 7.028 ; Rise       ; freg_div_23:freg1|q[18] ;
;  HEX3[4]  ; freg_div_23:freg1|q[18] ; 7.115 ; 7.132 ; Rise       ; freg_div_23:freg1|q[18] ;
;  HEX3[5]  ; freg_div_23:freg1|q[18] ; 7.081 ; 7.220 ; Rise       ; freg_div_23:freg1|q[18] ;
;  HEX3[6]  ; freg_div_23:freg1|q[18] ; 7.153 ; 7.198 ; Rise       ; freg_div_23:freg1|q[18] ;
+-----------+-------------------------+-------+-------+------------+-------------------------+


+--------------------------------------------------------------------------------------------+
; Minimum Clock to Output Times                                                              ;
+-----------+-------------------------+-------+-------+------------+-------------------------+
; Data Port ; Clock Port              ; Rise  ; Fall  ; Clock Edge ; Clock Reference         ;
+-----------+-------------------------+-------+-------+------------+-------------------------+
; HEX0[*]   ; freg_div_23:freg1|q[18] ; 5.978 ; 6.051 ; Rise       ; freg_div_23:freg1|q[18] ;
;  HEX0[0]  ; freg_div_23:freg1|q[18] ; 6.385 ; 6.463 ; Rise       ; freg_div_23:freg1|q[18] ;
;  HEX0[1]  ; freg_div_23:freg1|q[18] ; 6.366 ; 6.443 ; Rise       ; freg_div_23:freg1|q[18] ;
;  HEX0[2]  ; freg_div_23:freg1|q[18] ; 6.114 ; 6.235 ; Rise       ; freg_div_23:freg1|q[18] ;
;  HEX0[3]  ; freg_div_23:freg1|q[18] ; 5.978 ; 6.051 ; Rise       ; freg_div_23:freg1|q[18] ;
;  HEX0[4]  ; freg_div_23:freg1|q[18] ; 6.193 ; 6.197 ; Rise       ; freg_div_23:freg1|q[18] ;
;  HEX0[5]  ; freg_div_23:freg1|q[18] ; 5.989 ; 6.068 ; Rise       ; freg_div_23:freg1|q[18] ;
;  HEX0[6]  ; freg_div_23:freg1|q[18] ; 6.118 ; 6.189 ; Rise       ; freg_div_23:freg1|q[18] ;
; HEX1[*]   ; freg_div_23:freg1|q[18] ; 6.208 ; 6.288 ; Rise       ; freg_div_23:freg1|q[18] ;
;  HEX1[0]  ; freg_div_23:freg1|q[18] ; 6.494 ; 6.533 ; Rise       ; freg_div_23:freg1|q[18] ;
;  HEX1[1]  ; freg_div_23:freg1|q[18] ; 6.463 ; 6.549 ; Rise       ; freg_div_23:freg1|q[18] ;
;  HEX1[2]  ; freg_div_23:freg1|q[18] ; 6.273 ; 6.397 ; Rise       ; freg_div_23:freg1|q[18] ;
;  HEX1[3]  ; freg_div_23:freg1|q[18] ; 6.278 ; 6.352 ; Rise       ; freg_div_23:freg1|q[18] ;
;  HEX1[4]  ; freg_div_23:freg1|q[18] ; 6.325 ; 6.356 ; Rise       ; freg_div_23:freg1|q[18] ;
;  HEX1[5]  ; freg_div_23:freg1|q[18] ; 6.377 ; 6.499 ; Rise       ; freg_div_23:freg1|q[18] ;
;  HEX1[6]  ; freg_div_23:freg1|q[18] ; 6.208 ; 6.288 ; Rise       ; freg_div_23:freg1|q[18] ;
; HEX2[*]   ; freg_div_23:freg1|q[18] ; 5.691 ; 5.755 ; Rise       ; freg_div_23:freg1|q[18] ;
;  HEX2[0]  ; freg_div_23:freg1|q[18] ; 5.968 ; 6.042 ; Rise       ; freg_div_23:freg1|q[18] ;
;  HEX2[1]  ; freg_div_23:freg1|q[18] ; 6.003 ; 6.132 ; Rise       ; freg_div_23:freg1|q[18] ;
;  HEX2[2]  ; freg_div_23:freg1|q[18] ; 5.691 ; 5.755 ; Rise       ; freg_div_23:freg1|q[18] ;
;  HEX2[3]  ; freg_div_23:freg1|q[18] ; 5.986 ; 6.060 ; Rise       ; freg_div_23:freg1|q[18] ;
;  HEX2[4]  ; freg_div_23:freg1|q[18] ; 6.011 ; 6.086 ; Rise       ; freg_div_23:freg1|q[18] ;
;  HEX2[5]  ; freg_div_23:freg1|q[18] ; 6.047 ; 6.124 ; Rise       ; freg_div_23:freg1|q[18] ;
;  HEX2[6]  ; freg_div_23:freg1|q[18] ; 6.351 ; 6.446 ; Rise       ; freg_div_23:freg1|q[18] ;
; HEX3[*]   ; freg_div_23:freg1|q[18] ; 6.216 ; 6.292 ; Rise       ; freg_div_23:freg1|q[18] ;
;  HEX3[0]  ; freg_div_23:freg1|q[18] ; 6.216 ; 6.292 ; Rise       ; freg_div_23:freg1|q[18] ;
;  HEX3[1]  ; freg_div_23:freg1|q[18] ; 6.586 ; 6.675 ; Rise       ; freg_div_23:freg1|q[18] ;
;  HEX3[2]  ; freg_div_23:freg1|q[18] ; 6.505 ; 6.545 ; Rise       ; freg_div_23:freg1|q[18] ;
;  HEX3[3]  ; freg_div_23:freg1|q[18] ; 6.426 ; 6.512 ; Rise       ; freg_div_23:freg1|q[18] ;
;  HEX3[4]  ; freg_div_23:freg1|q[18] ; 6.561 ; 6.711 ; Rise       ; freg_div_23:freg1|q[18] ;
;  HEX3[5]  ; freg_div_23:freg1|q[18] ; 6.562 ; 6.703 ; Rise       ; freg_div_23:freg1|q[18] ;
;  HEX3[6]  ; freg_div_23:freg1|q[18] ; 6.581 ; 6.727 ; Rise       ; freg_div_23:freg1|q[18] ;
+-----------+-------------------------+-------+-------+------------+-------------------------+


----------------------------------------------
; Slow 1200mV 85C Model Metastability Report ;
----------------------------------------------
No synchronizer chains to report.


+------------------------------------------------------------------------------------------------------------------------+
; Slow 1200mV 0C Model Fmax Summary                                                                                      ;
+------------+-----------------+-------------------------+---------------------------------------------------------------+
; Fmax       ; Restricted Fmax ; Clock Name              ; Note                                                          ;
+------------+-----------------+-------------------------+---------------------------------------------------------------+
; 478.01 MHz ; 250.0 MHz       ; CLK                     ; limit due to minimum period restriction (max I/O toggle rate) ;
; 602.05 MHz ; 500.0 MHz       ; freg_div_23:freg1|q[18] ; limit due to minimum period restriction (tmin)                ;
+------------+-----------------+-------------------------+---------------------------------------------------------------+
This panel reports FMAX for every clock in the design, regardless of the user-specified clock periods.  FMAX is only computed for paths where the source and destination registers or ports are driven by the same clock.  Paths of different clocks, including generated clocks, are ignored.  For paths between a clock and its inversion, FMAX is computed as if the rising and falling edges are scaled along with FMAX, such that the duty cycle (in terms of a percentage) is maintained. Altera recommends that you always use clock constraints and other slack reports for sign-off analysis.


+--------------------------------------------------+
; Slow 1200mV 0C Model Setup Summary               ;
+-------------------------+--------+---------------+
; Clock                   ; Slack  ; End Point TNS ;
+-------------------------+--------+---------------+
; CLK                     ; -1.092 ; -12.156       ;
; freg_div_23:freg1|q[18] ; -0.661 ; -7.808        ;
+-------------------------+--------+---------------+


+--------------------------------------------------+
; Slow 1200mV 0C Model Hold Summary                ;
+-------------------------+--------+---------------+
; Clock                   ; Slack  ; End Point TNS ;
+-------------------------+--------+---------------+
; CLK                     ; -0.047 ; -0.047        ;
; freg_div_23:freg1|q[18] ; 0.313  ; 0.000         ;
+-------------------------+--------+---------------+


-----------------------------------------
; Slow 1200mV 0C Model Recovery Summary ;
-----------------------------------------
No paths to report.


----------------------------------------
; Slow 1200mV 0C Model Removal Summary ;
----------------------------------------
No paths to report.


+--------------------------------------------------+
; Slow 1200mV 0C Model Minimum Pulse Width Summary ;
+-------------------------+--------+---------------+
; Clock                   ; Slack  ; End Point TNS ;
+-------------------------+--------+---------------+
; CLK                     ; -3.000 ; -22.000       ;
; freg_div_23:freg1|q[18] ; -1.000 ; -14.000       ;
+-------------------------+--------+---------------+


+----------------------------------------------------------------------------------------------------------------------------------+
; Slow 1200mV 0C Model Setup: 'CLK'                                                                                                ;
+--------+-------------------------+-------------------------+--------------+-------------+--------------+------------+------------+
; Slack  ; From Node               ; To Node                 ; Launch Clock ; Latch Clock ; Relationship ; Clock Skew ; Data Delay ;
+--------+-------------------------+-------------------------+--------------+-------------+--------------+------------+------------+
; -1.092 ; freg_div_23:freg1|q[1]  ; freg_div_23:freg1|q[18] ; CLK          ; CLK         ; 1.000        ; -0.056     ; 2.031      ;
; -1.092 ; freg_div_23:freg1|q[2]  ; freg_div_23:freg1|q[17] ; CLK          ; CLK         ; 1.000        ; -0.056     ; 2.031      ;
; -1.088 ; freg_div_23:freg1|q[0]  ; freg_div_23:freg1|q[18] ; CLK          ; CLK         ; 1.000        ; -0.056     ; 2.027      ;
; -1.074 ; freg_div_23:freg1|q[2]  ; freg_div_23:freg1|q[18] ; CLK          ; CLK         ; 1.000        ; -0.056     ; 2.013      ;
; -1.026 ; freg_div_23:freg1|q[0]  ; freg_div_23:freg1|q[17] ; CLK          ; CLK         ; 1.000        ; -0.056     ; 1.965      ;
; -1.022 ; freg_div_23:freg1|q[1]  ; freg_div_23:freg1|q[17] ; CLK          ; CLK         ; 1.000        ; -0.056     ; 1.961      ;
; -0.992 ; freg_div_23:freg1|q[1]  ; freg_div_23:freg1|q[16] ; CLK          ; CLK         ; 1.000        ; -0.056     ; 1.931      ;
; -0.992 ; freg_div_23:freg1|q[2]  ; freg_div_23:freg1|q[15] ; CLK          ; CLK         ; 1.000        ; -0.056     ; 1.931      ;
; -0.992 ; freg_div_23:freg1|q[4]  ; freg_div_23:freg1|q[17] ; CLK          ; CLK         ; 1.000        ; -0.056     ; 1.931      ;
; -0.991 ; freg_div_23:freg1|q[3]  ; freg_div_23:freg1|q[18] ; CLK          ; CLK         ; 1.000        ; -0.056     ; 1.930      ;
; -0.988 ; freg_div_23:freg1|q[0]  ; freg_div_23:freg1|q[16] ; CLK          ; CLK         ; 1.000        ; -0.056     ; 1.927      ;
; -0.974 ; freg_div_23:freg1|q[4]  ; freg_div_23:freg1|q[18] ; CLK          ; CLK         ; 1.000        ; -0.056     ; 1.913      ;
; -0.974 ; freg_div_23:freg1|q[2]  ; freg_div_23:freg1|q[16] ; CLK          ; CLK         ; 1.000        ; -0.056     ; 1.913      ;
; -0.926 ; freg_div_23:freg1|q[0]  ; freg_div_23:freg1|q[15] ; CLK          ; CLK         ; 1.000        ; -0.056     ; 1.865      ;
; -0.922 ; freg_div_23:freg1|q[3]  ; freg_div_23:freg1|q[17] ; CLK          ; CLK         ; 1.000        ; -0.056     ; 1.861      ;
; -0.922 ; freg_div_23:freg1|q[1]  ; freg_div_23:freg1|q[15] ; CLK          ; CLK         ; 1.000        ; -0.056     ; 1.861      ;
; -0.892 ; freg_div_23:freg1|q[1]  ; freg_div_23:freg1|q[14] ; CLK          ; CLK         ; 1.000        ; -0.056     ; 1.831      ;
; -0.892 ; freg_div_23:freg1|q[2]  ; freg_div_23:freg1|q[13] ; CLK          ; CLK         ; 1.000        ; -0.056     ; 1.831      ;
; -0.892 ; freg_div_23:freg1|q[4]  ; freg_div_23:freg1|q[15] ; CLK          ; CLK         ; 1.000        ; -0.056     ; 1.831      ;
; -0.891 ; freg_div_23:freg1|q[3]  ; freg_div_23:freg1|q[16] ; CLK          ; CLK         ; 1.000        ; -0.056     ; 1.830      ;
; -0.890 ; freg_div_23:freg1|q[6]  ; freg_div_23:freg1|q[17] ; CLK          ; CLK         ; 1.000        ; -0.056     ; 1.829      ;
; -0.888 ; freg_div_23:freg1|q[5]  ; freg_div_23:freg1|q[18] ; CLK          ; CLK         ; 1.000        ; -0.056     ; 1.827      ;
; -0.888 ; freg_div_23:freg1|q[0]  ; freg_div_23:freg1|q[14] ; CLK          ; CLK         ; 1.000        ; -0.056     ; 1.827      ;
; -0.874 ; freg_div_23:freg1|q[4]  ; freg_div_23:freg1|q[16] ; CLK          ; CLK         ; 1.000        ; -0.056     ; 1.813      ;
; -0.874 ; freg_div_23:freg1|q[2]  ; freg_div_23:freg1|q[14] ; CLK          ; CLK         ; 1.000        ; -0.056     ; 1.813      ;
; -0.872 ; freg_div_23:freg1|q[6]  ; freg_div_23:freg1|q[18] ; CLK          ; CLK         ; 1.000        ; -0.056     ; 1.811      ;
; -0.826 ; freg_div_23:freg1|q[0]  ; freg_div_23:freg1|q[13] ; CLK          ; CLK         ; 1.000        ; -0.056     ; 1.765      ;
; -0.825 ; freg_div_23:freg1|q[5]  ; freg_div_23:freg1|q[17] ; CLK          ; CLK         ; 1.000        ; -0.056     ; 1.764      ;
; -0.822 ; freg_div_23:freg1|q[3]  ; freg_div_23:freg1|q[15] ; CLK          ; CLK         ; 1.000        ; -0.056     ; 1.761      ;
; -0.822 ; freg_div_23:freg1|q[1]  ; freg_div_23:freg1|q[13] ; CLK          ; CLK         ; 1.000        ; -0.056     ; 1.761      ;
; -0.792 ; freg_div_23:freg1|q[1]  ; freg_div_23:freg1|q[12] ; CLK          ; CLK         ; 1.000        ; -0.056     ; 1.731      ;
; -0.792 ; freg_div_23:freg1|q[2]  ; freg_div_23:freg1|q[11] ; CLK          ; CLK         ; 1.000        ; -0.056     ; 1.731      ;
; -0.792 ; freg_div_23:freg1|q[4]  ; freg_div_23:freg1|q[13] ; CLK          ; CLK         ; 1.000        ; -0.056     ; 1.731      ;
; -0.791 ; freg_div_23:freg1|q[3]  ; freg_div_23:freg1|q[14] ; CLK          ; CLK         ; 1.000        ; -0.056     ; 1.730      ;
; -0.790 ; freg_div_23:freg1|q[8]  ; freg_div_23:freg1|q[17] ; CLK          ; CLK         ; 1.000        ; -0.056     ; 1.729      ;
; -0.790 ; freg_div_23:freg1|q[6]  ; freg_div_23:freg1|q[15] ; CLK          ; CLK         ; 1.000        ; -0.056     ; 1.729      ;
; -0.788 ; freg_div_23:freg1|q[5]  ; freg_div_23:freg1|q[16] ; CLK          ; CLK         ; 1.000        ; -0.056     ; 1.727      ;
; -0.788 ; freg_div_23:freg1|q[0]  ; freg_div_23:freg1|q[12] ; CLK          ; CLK         ; 1.000        ; -0.056     ; 1.727      ;
; -0.786 ; freg_div_23:freg1|q[7]  ; freg_div_23:freg1|q[18] ; CLK          ; CLK         ; 1.000        ; -0.056     ; 1.725      ;
; -0.774 ; freg_div_23:freg1|q[4]  ; freg_div_23:freg1|q[14] ; CLK          ; CLK         ; 1.000        ; -0.056     ; 1.713      ;
; -0.774 ; freg_div_23:freg1|q[2]  ; freg_div_23:freg1|q[12] ; CLK          ; CLK         ; 1.000        ; -0.056     ; 1.713      ;
; -0.772 ; freg_div_23:freg1|q[8]  ; freg_div_23:freg1|q[18] ; CLK          ; CLK         ; 1.000        ; -0.056     ; 1.711      ;
; -0.772 ; freg_div_23:freg1|q[6]  ; freg_div_23:freg1|q[16] ; CLK          ; CLK         ; 1.000        ; -0.056     ; 1.711      ;
; -0.726 ; freg_div_23:freg1|q[0]  ; freg_div_23:freg1|q[11] ; CLK          ; CLK         ; 1.000        ; -0.056     ; 1.665      ;
; -0.725 ; freg_div_23:freg1|q[5]  ; freg_div_23:freg1|q[15] ; CLK          ; CLK         ; 1.000        ; -0.056     ; 1.664      ;
; -0.724 ; freg_div_23:freg1|q[7]  ; freg_div_23:freg1|q[17] ; CLK          ; CLK         ; 1.000        ; -0.056     ; 1.663      ;
; -0.722 ; freg_div_23:freg1|q[3]  ; freg_div_23:freg1|q[13] ; CLK          ; CLK         ; 1.000        ; -0.056     ; 1.661      ;
; -0.722 ; freg_div_23:freg1|q[1]  ; freg_div_23:freg1|q[11] ; CLK          ; CLK         ; 1.000        ; -0.056     ; 1.661      ;
; -0.692 ; freg_div_23:freg1|q[1]  ; freg_div_23:freg1|q[10] ; CLK          ; CLK         ; 1.000        ; -0.056     ; 1.631      ;
; -0.692 ; freg_div_23:freg1|q[4]  ; freg_div_23:freg1|q[11] ; CLK          ; CLK         ; 1.000        ; -0.056     ; 1.631      ;
; -0.691 ; freg_div_23:freg1|q[2]  ; freg_div_23:freg1|q[9]  ; CLK          ; CLK         ; 1.000        ; -0.055     ; 1.631      ;
; -0.691 ; freg_div_23:freg1|q[3]  ; freg_div_23:freg1|q[12] ; CLK          ; CLK         ; 1.000        ; -0.056     ; 1.630      ;
; -0.690 ; freg_div_23:freg1|q[8]  ; freg_div_23:freg1|q[15] ; CLK          ; CLK         ; 1.000        ; -0.056     ; 1.629      ;
; -0.690 ; freg_div_23:freg1|q[6]  ; freg_div_23:freg1|q[13] ; CLK          ; CLK         ; 1.000        ; -0.056     ; 1.629      ;
; -0.688 ; freg_div_23:freg1|q[10] ; freg_div_23:freg1|q[17] ; CLK          ; CLK         ; 1.000        ; -0.055     ; 1.628      ;
; -0.688 ; freg_div_23:freg1|q[5]  ; freg_div_23:freg1|q[14] ; CLK          ; CLK         ; 1.000        ; -0.056     ; 1.627      ;
; -0.688 ; freg_div_23:freg1|q[0]  ; freg_div_23:freg1|q[10] ; CLK          ; CLK         ; 1.000        ; -0.056     ; 1.627      ;
; -0.686 ; freg_div_23:freg1|q[9]  ; freg_div_23:freg1|q[18] ; CLK          ; CLK         ; 1.000        ; -0.056     ; 1.625      ;
; -0.686 ; freg_div_23:freg1|q[7]  ; freg_div_23:freg1|q[16] ; CLK          ; CLK         ; 1.000        ; -0.056     ; 1.625      ;
; -0.674 ; freg_div_23:freg1|q[4]  ; freg_div_23:freg1|q[12] ; CLK          ; CLK         ; 1.000        ; -0.056     ; 1.613      ;
; -0.674 ; freg_div_23:freg1|q[2]  ; freg_div_23:freg1|q[10] ; CLK          ; CLK         ; 1.000        ; -0.056     ; 1.613      ;
; -0.672 ; freg_div_23:freg1|q[8]  ; freg_div_23:freg1|q[16] ; CLK          ; CLK         ; 1.000        ; -0.056     ; 1.611      ;
; -0.672 ; freg_div_23:freg1|q[6]  ; freg_div_23:freg1|q[14] ; CLK          ; CLK         ; 1.000        ; -0.056     ; 1.611      ;
; -0.670 ; freg_div_23:freg1|q[10] ; freg_div_23:freg1|q[18] ; CLK          ; CLK         ; 1.000        ; -0.055     ; 1.610      ;
; -0.625 ; freg_div_23:freg1|q[5]  ; freg_div_23:freg1|q[13] ; CLK          ; CLK         ; 1.000        ; -0.056     ; 1.564      ;
; -0.625 ; freg_div_23:freg1|q[0]  ; freg_div_23:freg1|q[9]  ; CLK          ; CLK         ; 1.000        ; -0.055     ; 1.565      ;
; -0.624 ; freg_div_23:freg1|q[9]  ; freg_div_23:freg1|q[17] ; CLK          ; CLK         ; 1.000        ; -0.056     ; 1.563      ;
; -0.624 ; freg_div_23:freg1|q[7]  ; freg_div_23:freg1|q[15] ; CLK          ; CLK         ; 1.000        ; -0.056     ; 1.563      ;
; -0.622 ; freg_div_23:freg1|q[3]  ; freg_div_23:freg1|q[11] ; CLK          ; CLK         ; 1.000        ; -0.056     ; 1.561      ;
; -0.621 ; freg_div_23:freg1|q[1]  ; freg_div_23:freg1|q[9]  ; CLK          ; CLK         ; 1.000        ; -0.055     ; 1.561      ;
; -0.591 ; freg_div_23:freg1|q[1]  ; freg_div_23:freg1|q[8]  ; CLK          ; CLK         ; 1.000        ; -0.055     ; 1.531      ;
; -0.591 ; freg_div_23:freg1|q[2]  ; freg_div_23:freg1|q[7]  ; CLK          ; CLK         ; 1.000        ; -0.055     ; 1.531      ;
; -0.591 ; freg_div_23:freg1|q[3]  ; freg_div_23:freg1|q[10] ; CLK          ; CLK         ; 1.000        ; -0.056     ; 1.530      ;
; -0.591 ; freg_div_23:freg1|q[4]  ; freg_div_23:freg1|q[9]  ; CLK          ; CLK         ; 1.000        ; -0.055     ; 1.531      ;
; -0.590 ; freg_div_23:freg1|q[8]  ; freg_div_23:freg1|q[13] ; CLK          ; CLK         ; 1.000        ; -0.056     ; 1.529      ;
; -0.590 ; freg_div_23:freg1|q[6]  ; freg_div_23:freg1|q[11] ; CLK          ; CLK         ; 1.000        ; -0.056     ; 1.529      ;
; -0.589 ; freg_div_23:freg1|q[11] ; freg_div_23:freg1|q[18] ; CLK          ; CLK         ; 1.000        ; -0.055     ; 1.529      ;
; -0.589 ; freg_div_23:freg1|q[12] ; freg_div_23:freg1|q[17] ; CLK          ; CLK         ; 1.000        ; -0.055     ; 1.529      ;
; -0.588 ; freg_div_23:freg1|q[10] ; freg_div_23:freg1|q[15] ; CLK          ; CLK         ; 1.000        ; -0.055     ; 1.528      ;
; -0.588 ; freg_div_23:freg1|q[5]  ; freg_div_23:freg1|q[12] ; CLK          ; CLK         ; 1.000        ; -0.056     ; 1.527      ;
; -0.587 ; freg_div_23:freg1|q[0]  ; freg_div_23:freg1|q[8]  ; CLK          ; CLK         ; 1.000        ; -0.055     ; 1.527      ;
; -0.586 ; freg_div_23:freg1|q[9]  ; freg_div_23:freg1|q[16] ; CLK          ; CLK         ; 1.000        ; -0.056     ; 1.525      ;
; -0.586 ; freg_div_23:freg1|q[7]  ; freg_div_23:freg1|q[14] ; CLK          ; CLK         ; 1.000        ; -0.056     ; 1.525      ;
; -0.574 ; freg_div_23:freg1|q[4]  ; freg_div_23:freg1|q[10] ; CLK          ; CLK         ; 1.000        ; -0.056     ; 1.513      ;
; -0.573 ; freg_div_23:freg1|q[2]  ; freg_div_23:freg1|q[8]  ; CLK          ; CLK         ; 1.000        ; -0.055     ; 1.513      ;
; -0.572 ; freg_div_23:freg1|q[8]  ; freg_div_23:freg1|q[14] ; CLK          ; CLK         ; 1.000        ; -0.056     ; 1.511      ;
; -0.572 ; freg_div_23:freg1|q[6]  ; freg_div_23:freg1|q[12] ; CLK          ; CLK         ; 1.000        ; -0.056     ; 1.511      ;
; -0.571 ; freg_div_23:freg1|q[12] ; freg_div_23:freg1|q[18] ; CLK          ; CLK         ; 1.000        ; -0.055     ; 1.511      ;
; -0.570 ; freg_div_23:freg1|q[10] ; freg_div_23:freg1|q[16] ; CLK          ; CLK         ; 1.000        ; -0.055     ; 1.510      ;
; -0.525 ; freg_div_23:freg1|q[5]  ; freg_div_23:freg1|q[11] ; CLK          ; CLK         ; 1.000        ; -0.056     ; 1.464      ;
; -0.525 ; freg_div_23:freg1|q[0]  ; freg_div_23:freg1|q[7]  ; CLK          ; CLK         ; 1.000        ; -0.055     ; 1.465      ;
; -0.524 ; freg_div_23:freg1|q[9]  ; freg_div_23:freg1|q[15] ; CLK          ; CLK         ; 1.000        ; -0.056     ; 1.463      ;
; -0.524 ; freg_div_23:freg1|q[7]  ; freg_div_23:freg1|q[13] ; CLK          ; CLK         ; 1.000        ; -0.056     ; 1.463      ;
; -0.521 ; freg_div_23:freg1|q[3]  ; freg_div_23:freg1|q[9]  ; CLK          ; CLK         ; 1.000        ; -0.055     ; 1.461      ;
; -0.521 ; freg_div_23:freg1|q[1]  ; freg_div_23:freg1|q[7]  ; CLK          ; CLK         ; 1.000        ; -0.055     ; 1.461      ;
; -0.518 ; freg_div_23:freg1|q[11] ; freg_div_23:freg1|q[17] ; CLK          ; CLK         ; 1.000        ; -0.055     ; 1.458      ;
; -0.491 ; freg_div_23:freg1|q[1]  ; freg_div_23:freg1|q[6]  ; CLK          ; CLK         ; 1.000        ; -0.055     ; 1.431      ;
; -0.491 ; freg_div_23:freg1|q[2]  ; freg_div_23:freg1|q[5]  ; CLK          ; CLK         ; 1.000        ; -0.055     ; 1.431      ;
; -0.491 ; freg_div_23:freg1|q[4]  ; freg_div_23:freg1|q[7]  ; CLK          ; CLK         ; 1.000        ; -0.055     ; 1.431      ;
; -0.490 ; freg_div_23:freg1|q[14] ; freg_div_23:freg1|q[17] ; CLK          ; CLK         ; 1.000        ; -0.055     ; 1.430      ;
+--------+-------------------------+-------------------------+--------------+-------------+--------------+------------+------------+


+-----------------------------------------------------------------------------------------------------------------------------------------------------------------------------------------------------------------+
; Slow 1200mV 0C Model Setup: 'freg_div_23:freg1|q[18]'                                                                                                                                                           ;
+--------+-----------------------------------------------------+-----------------------------------------------------+-------------------------+-------------------------+--------------+------------+------------+
; Slack  ; From Node                                           ; To Node                                             ; Launch Clock            ; Latch Clock             ; Relationship ; Clock Skew ; Data Delay ;
+--------+-----------------------------------------------------+-----------------------------------------------------+-------------------------+-------------------------+--------------+------------+------------+
; -0.661 ; day_timer:timer2|unit:min_unit|dflipflop:dff2|q     ; day_timer:timer2|ten_digit:min_ten|dflipflop:dff1|q ; freg_div_23:freg1|q[18] ; freg_div_23:freg1|q[18] ; 1.000        ; -0.053     ; 1.603      ;
; -0.661 ; day_timer:timer2|unit:min_unit|dflipflop:dff2|q     ; day_timer:timer2|ten_digit:min_ten|dflipflop:dff2|q ; freg_div_23:freg1|q[18] ; freg_div_23:freg1|q[18] ; 1.000        ; -0.053     ; 1.603      ;
; -0.650 ; day_timer:timer2|unit:sec_unit|dflipflop:dff4|q     ; day_timer:timer2|ten_digit:min_ten|dflipflop:dff1|q ; freg_div_23:freg1|q[18] ; freg_div_23:freg1|q[18] ; 1.000        ; -0.053     ; 1.592      ;
; -0.650 ; day_timer:timer2|unit:sec_unit|dflipflop:dff4|q     ; day_timer:timer2|ten_digit:min_ten|dflipflop:dff2|q ; freg_div_23:freg1|q[18] ; freg_div_23:freg1|q[18] ; 1.000        ; -0.053     ; 1.592      ;
; -0.637 ; day_timer:timer2|ten_digit:sec_ten|dflipflop:dff3|q ; day_timer:timer2|ten_digit:min_ten|dflipflop:dff1|q ; freg_div_23:freg1|q[18] ; freg_div_23:freg1|q[18] ; 1.000        ; -0.053     ; 1.579      ;
; -0.637 ; day_timer:timer2|ten_digit:sec_ten|dflipflop:dff3|q ; day_timer:timer2|ten_digit:min_ten|dflipflop:dff2|q ; freg_div_23:freg1|q[18] ; freg_div_23:freg1|q[18] ; 1.000        ; -0.053     ; 1.579      ;
; -0.626 ; day_timer:timer2|unit:min_unit|dflipflop:dff2|q     ; day_timer:timer2|unit:min_unit|dflipflop:dff1|q     ; freg_div_23:freg1|q[18] ; freg_div_23:freg1|q[18] ; 1.000        ; -0.054     ; 1.567      ;
; -0.623 ; day_timer:timer2|unit:min_unit|dflipflop:dff2|q     ; day_timer:timer2|unit:min_unit|dflipflop:dff3|q     ; freg_div_23:freg1|q[18] ; freg_div_23:freg1|q[18] ; 1.000        ; -0.054     ; 1.564      ;
; -0.622 ; day_timer:timer2|ten_digit:sec_ten|dflipflop:dff3|q ; day_timer:timer2|ten_digit:sec_ten|dflipflop:dff2|q ; freg_div_23:freg1|q[18] ; freg_div_23:freg1|q[18] ; 1.000        ; -0.053     ; 1.564      ;
; -0.621 ; day_timer:timer2|unit:min_unit|dflipflop:dff2|q     ; day_timer:timer2|unit:min_unit|dflipflop:dff2|q     ; freg_div_23:freg1|q[18] ; freg_div_23:freg1|q[18] ; 1.000        ; -0.054     ; 1.562      ;
; -0.621 ; day_timer:timer2|unit:min_unit|dflipflop:dff2|q     ; day_timer:timer2|ten_digit:min_ten|dflipflop:dff3|q ; freg_div_23:freg1|q[18] ; freg_div_23:freg1|q[18] ; 1.000        ; -0.054     ; 1.562      ;
; -0.618 ; day_timer:timer2|unit:sec_unit|dflipflop:dff4|q     ; day_timer:timer2|unit:min_unit|dflipflop:dff4|q     ; freg_div_23:freg1|q[18] ; freg_div_23:freg1|q[18] ; 1.000        ; -0.053     ; 1.560      ;
; -0.611 ; day_timer:timer2|unit:min_unit|dflipflop:dff2|q     ; day_timer:timer2|ten_digit:sec_ten|dflipflop:dff1|q ; freg_div_23:freg1|q[18] ; freg_div_23:freg1|q[18] ; 1.000        ; -0.054     ; 1.552      ;
; -0.605 ; day_timer:timer2|ten_digit:sec_ten|dflipflop:dff3|q ; day_timer:timer2|unit:min_unit|dflipflop:dff4|q     ; freg_div_23:freg1|q[18] ; freg_div_23:freg1|q[18] ; 1.000        ; -0.053     ; 1.547      ;
; -0.596 ; day_timer:timer2|unit:sec_unit|dflipflop:dff4|q     ; day_timer:timer2|ten_digit:sec_ten|dflipflop:dff2|q ; freg_div_23:freg1|q[18] ; freg_div_23:freg1|q[18] ; 1.000        ; -0.053     ; 1.538      ;
; -0.579 ; day_timer:timer2|ten_digit:min_ten|dflipflop:dff2|q ; day_timer:timer2|ten_digit:min_ten|dflipflop:dff1|q ; freg_div_23:freg1|q[18] ; freg_div_23:freg1|q[18] ; 1.000        ; -0.054     ; 1.520      ;
; -0.579 ; day_timer:timer2|ten_digit:min_ten|dflipflop:dff2|q ; day_timer:timer2|ten_digit:min_ten|dflipflop:dff2|q ; freg_div_23:freg1|q[18] ; freg_div_23:freg1|q[18] ; 1.000        ; -0.054     ; 1.520      ;
; -0.571 ; day_timer:timer2|unit:min_unit|dflipflop:dff2|q     ; day_timer:timer2|unit:sec_unit|dflipflop:dff3|q     ; freg_div_23:freg1|q[18] ; freg_div_23:freg1|q[18] ; 1.000        ; -0.054     ; 1.512      ;
; -0.571 ; day_timer:timer2|unit:min_unit|dflipflop:dff2|q     ; day_timer:timer2|unit:sec_unit|dflipflop:dff1|q     ; freg_div_23:freg1|q[18] ; freg_div_23:freg1|q[18] ; 1.000        ; -0.054     ; 1.512      ;
; -0.549 ; day_timer:timer2|ten_digit:sec_ten|dflipflop:dff1|q ; day_timer:timer2|ten_digit:min_ten|dflipflop:dff1|q ; freg_div_23:freg1|q[18] ; freg_div_23:freg1|q[18] ; 1.000        ; -0.053     ; 1.491      ;
; -0.549 ; day_timer:timer2|ten_digit:sec_ten|dflipflop:dff1|q ; day_timer:timer2|ten_digit:min_ten|dflipflop:dff2|q ; freg_div_23:freg1|q[18] ; freg_div_23:freg1|q[18] ; 1.000        ; -0.053     ; 1.491      ;
; -0.544 ; day_timer:timer2|ten_digit:min_ten|dflipflop:dff2|q ; day_timer:timer2|unit:min_unit|dflipflop:dff1|q     ; freg_div_23:freg1|q[18] ; freg_div_23:freg1|q[18] ; 1.000        ; -0.055     ; 1.484      ;
; -0.541 ; day_timer:timer2|ten_digit:min_ten|dflipflop:dff2|q ; day_timer:timer2|unit:min_unit|dflipflop:dff3|q     ; freg_div_23:freg1|q[18] ; freg_div_23:freg1|q[18] ; 1.000        ; -0.055     ; 1.481      ;
; -0.539 ; day_timer:timer2|ten_digit:min_ten|dflipflop:dff2|q ; day_timer:timer2|unit:min_unit|dflipflop:dff2|q     ; freg_div_23:freg1|q[18] ; freg_div_23:freg1|q[18] ; 1.000        ; -0.055     ; 1.479      ;
; -0.539 ; day_timer:timer2|ten_digit:min_ten|dflipflop:dff2|q ; day_timer:timer2|ten_digit:min_ten|dflipflop:dff3|q ; freg_div_23:freg1|q[18] ; freg_div_23:freg1|q[18] ; 1.000        ; -0.055     ; 1.479      ;
; -0.529 ; day_timer:timer2|ten_digit:min_ten|dflipflop:dff2|q ; day_timer:timer2|ten_digit:sec_ten|dflipflop:dff1|q ; freg_div_23:freg1|q[18] ; freg_div_23:freg1|q[18] ; 1.000        ; -0.055     ; 1.469      ;
; -0.527 ; day_timer:timer2|unit:sec_unit|dflipflop:dff4|q     ; day_timer:timer2|unit:min_unit|dflipflop:dff2|q     ; freg_div_23:freg1|q[18] ; freg_div_23:freg1|q[18] ; 1.000        ; -0.054     ; 1.468      ;
; -0.527 ; day_timer:timer2|unit:sec_unit|dflipflop:dff4|q     ; day_timer:timer2|ten_digit:min_ten|dflipflop:dff3|q ; freg_div_23:freg1|q[18] ; freg_div_23:freg1|q[18] ; 1.000        ; -0.054     ; 1.468      ;
; -0.525 ; day_timer:timer2|unit:sec_unit|dflipflop:dff4|q     ; day_timer:timer2|unit:min_unit|dflipflop:dff3|q     ; freg_div_23:freg1|q[18] ; freg_div_23:freg1|q[18] ; 1.000        ; -0.054     ; 1.466      ;
; -0.523 ; day_timer:timer2|unit:sec_unit|dflipflop:dff4|q     ; day_timer:timer2|unit:min_unit|dflipflop:dff1|q     ; freg_div_23:freg1|q[18] ; freg_div_23:freg1|q[18] ; 1.000        ; -0.054     ; 1.464      ;
; -0.517 ; day_timer:timer2|ten_digit:sec_ten|dflipflop:dff1|q ; day_timer:timer2|unit:min_unit|dflipflop:dff4|q     ; freg_div_23:freg1|q[18] ; freg_div_23:freg1|q[18] ; 1.000        ; -0.053     ; 1.459      ;
; -0.514 ; day_timer:timer2|ten_digit:sec_ten|dflipflop:dff3|q ; day_timer:timer2|unit:min_unit|dflipflop:dff2|q     ; freg_div_23:freg1|q[18] ; freg_div_23:freg1|q[18] ; 1.000        ; -0.054     ; 1.455      ;
; -0.514 ; day_timer:timer2|ten_digit:sec_ten|dflipflop:dff3|q ; day_timer:timer2|ten_digit:min_ten|dflipflop:dff3|q ; freg_div_23:freg1|q[18] ; freg_div_23:freg1|q[18] ; 1.000        ; -0.054     ; 1.455      ;
; -0.512 ; day_timer:timer2|ten_digit:sec_ten|dflipflop:dff3|q ; day_timer:timer2|unit:min_unit|dflipflop:dff3|q     ; freg_div_23:freg1|q[18] ; freg_div_23:freg1|q[18] ; 1.000        ; -0.054     ; 1.453      ;
; -0.510 ; day_timer:timer2|ten_digit:sec_ten|dflipflop:dff3|q ; day_timer:timer2|unit:min_unit|dflipflop:dff1|q     ; freg_div_23:freg1|q[18] ; freg_div_23:freg1|q[18] ; 1.000        ; -0.054     ; 1.451      ;
; -0.487 ; day_timer:timer2|ten_digit:min_ten|dflipflop:dff3|q ; day_timer:timer2|ten_digit:min_ten|dflipflop:dff1|q ; freg_div_23:freg1|q[18] ; freg_div_23:freg1|q[18] ; 1.000        ; -0.053     ; 1.429      ;
; -0.487 ; day_timer:timer2|ten_digit:min_ten|dflipflop:dff3|q ; day_timer:timer2|ten_digit:min_ten|dflipflop:dff2|q ; freg_div_23:freg1|q[18] ; freg_div_23:freg1|q[18] ; 1.000        ; -0.053     ; 1.429      ;
; -0.484 ; day_timer:timer2|ten_digit:min_ten|dflipflop:dff2|q ; day_timer:timer2|unit:sec_unit|dflipflop:dff3|q     ; freg_div_23:freg1|q[18] ; freg_div_23:freg1|q[18] ; 1.000        ; -0.055     ; 1.424      ;
; -0.484 ; day_timer:timer2|ten_digit:min_ten|dflipflop:dff2|q ; day_timer:timer2|unit:sec_unit|dflipflop:dff1|q     ; freg_div_23:freg1|q[18] ; freg_div_23:freg1|q[18] ; 1.000        ; -0.055     ; 1.424      ;
; -0.479 ; day_timer:timer2|unit:sec_unit|dflipflop:dff4|q     ; day_timer:timer2|unit:sec_unit|dflipflop:dff3|q     ; freg_div_23:freg1|q[18] ; freg_div_23:freg1|q[18] ; 1.000        ; -0.054     ; 1.420      ;
; -0.479 ; day_timer:timer2|unit:sec_unit|dflipflop:dff4|q     ; day_timer:timer2|unit:sec_unit|dflipflop:dff1|q     ; freg_div_23:freg1|q[18] ; freg_div_23:freg1|q[18] ; 1.000        ; -0.054     ; 1.420      ;
; -0.432 ; day_timer:timer2|unit:sec_unit|dflipflop:dff1|q     ; day_timer:timer2|ten_digit:min_ten|dflipflop:dff1|q ; freg_div_23:freg1|q[18] ; freg_div_23:freg1|q[18] ; 1.000        ; -0.053     ; 1.374      ;
; -0.432 ; day_timer:timer2|unit:sec_unit|dflipflop:dff1|q     ; day_timer:timer2|ten_digit:min_ten|dflipflop:dff2|q ; freg_div_23:freg1|q[18] ; freg_div_23:freg1|q[18] ; 1.000        ; -0.053     ; 1.374      ;
; -0.426 ; day_timer:timer2|ten_digit:sec_ten|dflipflop:dff1|q ; day_timer:timer2|unit:min_unit|dflipflop:dff2|q     ; freg_div_23:freg1|q[18] ; freg_div_23:freg1|q[18] ; 1.000        ; -0.054     ; 1.367      ;
; -0.426 ; day_timer:timer2|ten_digit:sec_ten|dflipflop:dff1|q ; day_timer:timer2|ten_digit:min_ten|dflipflop:dff3|q ; freg_div_23:freg1|q[18] ; freg_div_23:freg1|q[18] ; 1.000        ; -0.054     ; 1.367      ;
; -0.424 ; day_timer:timer2|ten_digit:sec_ten|dflipflop:dff1|q ; day_timer:timer2|unit:min_unit|dflipflop:dff3|q     ; freg_div_23:freg1|q[18] ; freg_div_23:freg1|q[18] ; 1.000        ; -0.054     ; 1.365      ;
; -0.422 ; day_timer:timer2|ten_digit:sec_ten|dflipflop:dff1|q ; day_timer:timer2|unit:min_unit|dflipflop:dff1|q     ; freg_div_23:freg1|q[18] ; freg_div_23:freg1|q[18] ; 1.000        ; -0.054     ; 1.363      ;
; -0.416 ; day_timer:timer2|unit:min_unit|dflipflop:dff2|q     ; day_timer:timer2|ten_digit:sec_ten|dflipflop:dff2|q ; freg_div_23:freg1|q[18] ; freg_div_23:freg1|q[18] ; 1.000        ; -0.053     ; 1.358      ;
; -0.414 ; day_timer:timer2|unit:min_unit|dflipflop:dff2|q     ; day_timer:timer2|unit:sec_unit|dflipflop:dff2|q     ; freg_div_23:freg1|q[18] ; freg_div_23:freg1|q[18] ; 1.000        ; -0.053     ; 1.356      ;
; -0.413 ; day_timer:timer2|unit:min_unit|dflipflop:dff2|q     ; day_timer:timer2|unit:min_unit|dflipflop:dff4|q     ; freg_div_23:freg1|q[18] ; freg_div_23:freg1|q[18] ; 1.000        ; -0.053     ; 1.355      ;
; -0.400 ; day_timer:timer2|unit:sec_unit|dflipflop:dff1|q     ; day_timer:timer2|unit:min_unit|dflipflop:dff4|q     ; freg_div_23:freg1|q[18] ; freg_div_23:freg1|q[18] ; 1.000        ; -0.053     ; 1.342      ;
; -0.378 ; day_timer:timer2|unit:sec_unit|dflipflop:dff1|q     ; day_timer:timer2|ten_digit:sec_ten|dflipflop:dff2|q ; freg_div_23:freg1|q[18] ; freg_div_23:freg1|q[18] ; 1.000        ; -0.053     ; 1.320      ;
; -0.369 ; day_timer:timer2|unit:min_unit|dflipflop:dff2|q     ; day_timer:timer2|ten_digit:sec_ten|dflipflop:dff3|q ; freg_div_23:freg1|q[18] ; freg_div_23:freg1|q[18] ; 1.000        ; -0.054     ; 1.310      ;
; -0.345 ; day_timer:timer2|unit:min_unit|dflipflop:dff4|q     ; day_timer:timer2|unit:min_unit|dflipflop:dff2|q     ; freg_div_23:freg1|q[18] ; freg_div_23:freg1|q[18] ; 1.000        ; -0.055     ; 1.285      ;
; -0.345 ; day_timer:timer2|unit:min_unit|dflipflop:dff4|q     ; day_timer:timer2|ten_digit:min_ten|dflipflop:dff3|q ; freg_div_23:freg1|q[18] ; freg_div_23:freg1|q[18] ; 1.000        ; -0.055     ; 1.285      ;
; -0.343 ; day_timer:timer2|unit:min_unit|dflipflop:dff4|q     ; day_timer:timer2|unit:min_unit|dflipflop:dff3|q     ; freg_div_23:freg1|q[18] ; freg_div_23:freg1|q[18] ; 1.000        ; -0.055     ; 1.283      ;
; -0.341 ; day_timer:timer2|unit:min_unit|dflipflop:dff4|q     ; day_timer:timer2|unit:min_unit|dflipflop:dff1|q     ; freg_div_23:freg1|q[18] ; freg_div_23:freg1|q[18] ; 1.000        ; -0.055     ; 1.281      ;
; -0.334 ; day_timer:timer2|ten_digit:min_ten|dflipflop:dff2|q ; day_timer:timer2|ten_digit:sec_ten|dflipflop:dff2|q ; freg_div_23:freg1|q[18] ; freg_div_23:freg1|q[18] ; 1.000        ; -0.054     ; 1.275      ;
; -0.332 ; day_timer:timer2|ten_digit:min_ten|dflipflop:dff2|q ; day_timer:timer2|unit:sec_unit|dflipflop:dff2|q     ; freg_div_23:freg1|q[18] ; freg_div_23:freg1|q[18] ; 1.000        ; -0.054     ; 1.273      ;
; -0.331 ; day_timer:timer2|ten_digit:min_ten|dflipflop:dff2|q ; day_timer:timer2|unit:min_unit|dflipflop:dff4|q     ; freg_div_23:freg1|q[18] ; freg_div_23:freg1|q[18] ; 1.000        ; -0.054     ; 1.272      ;
; -0.313 ; day_timer:timer2|unit:min_unit|dflipflop:dff3|q     ; day_timer:timer2|unit:min_unit|dflipflop:dff1|q     ; freg_div_23:freg1|q[18] ; freg_div_23:freg1|q[18] ; 1.000        ; -0.054     ; 1.254      ;
; -0.309 ; day_timer:timer2|unit:sec_unit|dflipflop:dff1|q     ; day_timer:timer2|unit:min_unit|dflipflop:dff2|q     ; freg_div_23:freg1|q[18] ; freg_div_23:freg1|q[18] ; 1.000        ; -0.054     ; 1.250      ;
; -0.309 ; day_timer:timer2|unit:sec_unit|dflipflop:dff1|q     ; day_timer:timer2|ten_digit:min_ten|dflipflop:dff3|q ; freg_div_23:freg1|q[18] ; freg_div_23:freg1|q[18] ; 1.000        ; -0.054     ; 1.250      ;
; -0.307 ; day_timer:timer2|unit:sec_unit|dflipflop:dff1|q     ; day_timer:timer2|unit:min_unit|dflipflop:dff3|q     ; freg_div_23:freg1|q[18] ; freg_div_23:freg1|q[18] ; 1.000        ; -0.054     ; 1.248      ;
; -0.305 ; day_timer:timer2|unit:sec_unit|dflipflop:dff1|q     ; day_timer:timer2|unit:min_unit|dflipflop:dff1|q     ; freg_div_23:freg1|q[18] ; freg_div_23:freg1|q[18] ; 1.000        ; -0.054     ; 1.246      ;
; -0.287 ; day_timer:timer2|ten_digit:min_ten|dflipflop:dff2|q ; day_timer:timer2|ten_digit:sec_ten|dflipflop:dff3|q ; freg_div_23:freg1|q[18] ; freg_div_23:freg1|q[18] ; 1.000        ; -0.055     ; 1.227      ;
; -0.268 ; day_timer:timer2|ten_digit:sec_ten|dflipflop:dff1|q ; day_timer:timer2|ten_digit:sec_ten|dflipflop:dff2|q ; freg_div_23:freg1|q[18] ; freg_div_23:freg1|q[18] ; 1.000        ; -0.053     ; 1.210      ;
; -0.254 ; day_timer:timer2|unit:min_unit|dflipflop:dff1|q     ; day_timer:timer2|ten_digit:min_ten|dflipflop:dff1|q ; freg_div_23:freg1|q[18] ; freg_div_23:freg1|q[18] ; 1.000        ; -0.053     ; 1.196      ;
; -0.254 ; day_timer:timer2|unit:min_unit|dflipflop:dff1|q     ; day_timer:timer2|ten_digit:min_ten|dflipflop:dff2|q ; freg_div_23:freg1|q[18] ; freg_div_23:freg1|q[18] ; 1.000        ; -0.053     ; 1.196      ;
; -0.244 ; day_timer:timer2|ten_digit:sec_ten|dflipflop:dff3|q ; day_timer:timer2|ten_digit:sec_ten|dflipflop:dff1|q ; freg_div_23:freg1|q[18] ; freg_div_23:freg1|q[18] ; 1.000        ; -0.054     ; 1.185      ;
; -0.219 ; day_timer:timer2|unit:min_unit|dflipflop:dff2|q     ; day_timer:timer2|unit:sec_unit|dflipflop:dff4|q     ; freg_div_23:freg1|q[18] ; freg_div_23:freg1|q[18] ; 1.000        ; -0.054     ; 1.160      ;
; -0.218 ; day_timer:timer2|unit:sec_unit|dflipflop:dff4|q     ; day_timer:timer2|ten_digit:sec_ten|dflipflop:dff1|q ; freg_div_23:freg1|q[18] ; freg_div_23:freg1|q[18] ; 1.000        ; -0.054     ; 1.159      ;
; -0.197 ; day_timer:timer2|unit:min_unit|dflipflop:dff4|q     ; day_timer:timer2|ten_digit:min_ten|dflipflop:dff1|q ; freg_div_23:freg1|q[18] ; freg_div_23:freg1|q[18] ; 1.000        ; -0.054     ; 1.138      ;
; -0.197 ; day_timer:timer2|unit:min_unit|dflipflop:dff4|q     ; day_timer:timer2|ten_digit:min_ten|dflipflop:dff2|q ; freg_div_23:freg1|q[18] ; freg_div_23:freg1|q[18] ; 1.000        ; -0.054     ; 1.138      ;
; -0.132 ; day_timer:timer2|ten_digit:min_ten|dflipflop:dff2|q ; day_timer:timer2|unit:sec_unit|dflipflop:dff4|q     ; freg_div_23:freg1|q[18] ; freg_div_23:freg1|q[18] ; 1.000        ; -0.055     ; 1.072      ;
; -0.127 ; day_timer:timer2|unit:sec_unit|dflipflop:dff4|q     ; day_timer:timer2|unit:sec_unit|dflipflop:dff4|q     ; freg_div_23:freg1|q[18] ; freg_div_23:freg1|q[18] ; 1.000        ; -0.054     ; 1.068      ;
; -0.103 ; day_timer:timer2|unit:sec_unit|dflipflop:dff4|q     ; day_timer:timer2|unit:sec_unit|dflipflop:dff2|q     ; freg_div_23:freg1|q[18] ; freg_div_23:freg1|q[18] ; 1.000        ; -0.053     ; 1.045      ;
; -0.085 ; day_timer:timer2|unit:sec_unit|dflipflop:dff1|q     ; day_timer:timer2|unit:sec_unit|dflipflop:dff3|q     ; freg_div_23:freg1|q[18] ; freg_div_23:freg1|q[18] ; 1.000        ; -0.054     ; 1.026      ;
; -0.082 ; day_timer:timer2|unit:sec_unit|dflipflop:dff4|q     ; day_timer:timer2|ten_digit:sec_ten|dflipflop:dff3|q ; freg_div_23:freg1|q[18] ; freg_div_23:freg1|q[18] ; 1.000        ; -0.054     ; 1.023      ;
; -0.082 ; day_timer:timer2|unit:sec_unit|dflipflop:dff1|q     ; day_timer:timer2|ten_digit:sec_ten|dflipflop:dff3|q ; freg_div_23:freg1|q[18] ; freg_div_23:freg1|q[18] ; 1.000        ; -0.054     ; 1.023      ;
; -0.069 ; day_timer:timer2|unit:sec_unit|dflipflop:dff3|q     ; day_timer:timer2|unit:sec_unit|dflipflop:dff2|q     ; freg_div_23:freg1|q[18] ; freg_div_23:freg1|q[18] ; 1.000        ; -0.053     ; 1.011      ;
; -0.051 ; day_timer:timer2|unit:sec_unit|dflipflop:dff2|q     ; day_timer:timer2|unit:sec_unit|dflipflop:dff1|q     ; freg_div_23:freg1|q[18] ; freg_div_23:freg1|q[18] ; 1.000        ; -0.055     ; 0.991      ;
; -0.014 ; day_timer:timer2|unit:min_unit|dflipflop:dff3|q     ; day_timer:timer2|unit:min_unit|dflipflop:dff2|q     ; freg_div_23:freg1|q[18] ; freg_div_23:freg1|q[18] ; 1.000        ; -0.054     ; 0.955      ;
; 0.000  ; day_timer:timer2|unit:sec_unit|dflipflop:dff1|q     ; day_timer:timer2|ten_digit:sec_ten|dflipflop:dff1|q ; freg_div_23:freg1|q[18] ; freg_div_23:freg1|q[18] ; 1.000        ; -0.054     ; 0.941      ;
; 0.007  ; day_timer:timer2|ten_digit:min_ten|dflipflop:dff1|q ; day_timer:timer2|ten_digit:min_ten|dflipflop:dff2|q ; freg_div_23:freg1|q[18] ; freg_div_23:freg1|q[18] ; 1.000        ; -0.054     ; 0.934      ;
; 0.026  ; day_timer:timer2|ten_digit:sec_ten|dflipflop:dff2|q ; day_timer:timer2|ten_digit:sec_ten|dflipflop:dff1|q ; freg_div_23:freg1|q[18] ; freg_div_23:freg1|q[18] ; 1.000        ; -0.055     ; 0.914      ;
; 0.075  ; day_timer:timer2|unit:sec_unit|dflipflop:dff3|q     ; day_timer:timer2|unit:sec_unit|dflipflop:dff1|q     ; freg_div_23:freg1|q[18] ; freg_div_23:freg1|q[18] ; 1.000        ; -0.054     ; 0.866      ;
; 0.083  ; day_timer:timer2|unit:min_unit|dflipflop:dff1|q     ; day_timer:timer2|ten_digit:min_ten|dflipflop:dff3|q ; freg_div_23:freg1|q[18] ; freg_div_23:freg1|q[18] ; 1.000        ; -0.054     ; 0.858      ;
; 0.088  ; day_timer:timer2|unit:min_unit|dflipflop:dff1|q     ; day_timer:timer2|unit:min_unit|dflipflop:dff3|q     ; freg_div_23:freg1|q[18] ; freg_div_23:freg1|q[18] ; 1.000        ; -0.054     ; 0.853      ;
; 0.358  ; day_timer:timer2|unit:min_unit|dflipflop:dff4|q     ; day_timer:timer2|unit:min_unit|dflipflop:dff4|q     ; freg_div_23:freg1|q[18] ; freg_div_23:freg1|q[18] ; 1.000        ; -0.054     ; 0.583      ;
; 0.358  ; day_timer:timer2|ten_digit:sec_ten|dflipflop:dff2|q ; day_timer:timer2|ten_digit:sec_ten|dflipflop:dff2|q ; freg_div_23:freg1|q[18] ; freg_div_23:freg1|q[18] ; 1.000        ; -0.054     ; 0.583      ;
; 0.358  ; day_timer:timer2|unit:min_unit|dflipflop:dff3|q     ; day_timer:timer2|unit:min_unit|dflipflop:dff3|q     ; freg_div_23:freg1|q[18] ; freg_div_23:freg1|q[18] ; 1.000        ; -0.054     ; 0.583      ;
; 0.358  ; day_timer:timer2|ten_digit:min_ten|dflipflop:dff3|q ; day_timer:timer2|ten_digit:min_ten|dflipflop:dff3|q ; freg_div_23:freg1|q[18] ; freg_div_23:freg1|q[18] ; 1.000        ; -0.054     ; 0.583      ;
; 0.358  ; day_timer:timer2|unit:sec_unit|dflipflop:dff2|q     ; day_timer:timer2|unit:sec_unit|dflipflop:dff2|q     ; freg_div_23:freg1|q[18] ; freg_div_23:freg1|q[18] ; 1.000        ; -0.054     ; 0.583      ;
; 0.358  ; day_timer:timer2|unit:sec_unit|dflipflop:dff3|q     ; day_timer:timer2|unit:sec_unit|dflipflop:dff3|q     ; freg_div_23:freg1|q[18] ; freg_div_23:freg1|q[18] ; 1.000        ; -0.054     ; 0.583      ;
; 0.358  ; day_timer:timer2|ten_digit:sec_ten|dflipflop:dff3|q ; day_timer:timer2|ten_digit:sec_ten|dflipflop:dff3|q ; freg_div_23:freg1|q[18] ; freg_div_23:freg1|q[18] ; 1.000        ; -0.054     ; 0.583      ;
; 0.379  ; day_timer:timer2|ten_digit:min_ten|dflipflop:dff1|q ; day_timer:timer2|ten_digit:min_ten|dflipflop:dff1|q ; freg_div_23:freg1|q[18] ; freg_div_23:freg1|q[18] ; 1.000        ; -0.054     ; 0.562      ;
; 0.379  ; day_timer:timer2|unit:min_unit|dflipflop:dff1|q     ; day_timer:timer2|unit:min_unit|dflipflop:dff1|q     ; freg_div_23:freg1|q[18] ; freg_div_23:freg1|q[18] ; 1.000        ; -0.054     ; 0.562      ;
; 0.379  ; day_timer:timer2|ten_digit:sec_ten|dflipflop:dff1|q ; day_timer:timer2|ten_digit:sec_ten|dflipflop:dff1|q ; freg_div_23:freg1|q[18] ; freg_div_23:freg1|q[18] ; 1.000        ; -0.054     ; 0.562      ;
+--------+-----------------------------------------------------+-----------------------------------------------------+-------------------------+-------------------------+--------------+------------+------------+


+---------------------------------------------------------------------------------------------------------------------------------------------+
; Slow 1200mV 0C Model Hold: 'CLK'                                                                                                            ;
+--------+-------------------------+-------------------------+-------------------------+-------------+--------------+------------+------------+
; Slack  ; From Node               ; To Node                 ; Launch Clock            ; Latch Clock ; Relationship ; Clock Skew ; Data Delay ;
+--------+-------------------------+-------------------------+-------------------------+-------------+--------------+------------+------------+
; -0.047 ; freg_div_23:freg1|q[18] ; freg_div_23:freg1|q[18] ; freg_div_23:freg1|q[18] ; CLK         ; 0.000        ; 2.230      ; 2.537      ;
; 0.320  ; freg_div_23:freg1|q[0]  ; freg_div_23:freg1|q[0]  ; CLK                     ; CLK         ; 0.000        ; 0.055      ; 0.519      ;
; 0.378  ; freg_div_23:freg1|q[18] ; freg_div_23:freg1|q[18] ; freg_div_23:freg1|q[18] ; CLK         ; -0.500       ; 2.230      ; 2.462      ;
; 0.494  ; freg_div_23:freg1|q[9]  ; freg_div_23:freg1|q[9]  ; CLK                     ; CLK         ; 0.000        ; 0.055      ; 0.693      ;
; 0.494  ; freg_div_23:freg1|q[7]  ; freg_div_23:freg1|q[7]  ; CLK                     ; CLK         ; 0.000        ; 0.055      ; 0.693      ;
; 0.495  ; freg_div_23:freg1|q[16] ; freg_div_23:freg1|q[16] ; CLK                     ; CLK         ; 0.000        ; 0.055      ; 0.694      ;
; 0.495  ; freg_div_23:freg1|q[13] ; freg_div_23:freg1|q[13] ; CLK                     ; CLK         ; 0.000        ; 0.055      ; 0.694      ;
; 0.495  ; freg_div_23:freg1|q[10] ; freg_div_23:freg1|q[10] ; CLK                     ; CLK         ; 0.000        ; 0.055      ; 0.694      ;
; 0.495  ; freg_div_23:freg1|q[8]  ; freg_div_23:freg1|q[8]  ; CLK                     ; CLK         ; 0.000        ; 0.055      ; 0.694      ;
; 0.495  ; freg_div_23:freg1|q[5]  ; freg_div_23:freg1|q[5]  ; CLK                     ; CLK         ; 0.000        ; 0.055      ; 0.694      ;
; 0.496  ; freg_div_23:freg1|q[15] ; freg_div_23:freg1|q[15] ; CLK                     ; CLK         ; 0.000        ; 0.055      ; 0.695      ;
; 0.496  ; freg_div_23:freg1|q[12] ; freg_div_23:freg1|q[12] ; CLK                     ; CLK         ; 0.000        ; 0.055      ; 0.695      ;
; 0.496  ; freg_div_23:freg1|q[6]  ; freg_div_23:freg1|q[6]  ; CLK                     ; CLK         ; 0.000        ; 0.055      ; 0.695      ;
; 0.497  ; freg_div_23:freg1|q[14] ; freg_div_23:freg1|q[14] ; CLK                     ; CLK         ; 0.000        ; 0.055      ; 0.696      ;
; 0.497  ; freg_div_23:freg1|q[11] ; freg_div_23:freg1|q[11] ; CLK                     ; CLK         ; 0.000        ; 0.055      ; 0.696      ;
; 0.497  ; freg_div_23:freg1|q[4]  ; freg_div_23:freg1|q[4]  ; CLK                     ; CLK         ; 0.000        ; 0.055      ; 0.696      ;
; 0.497  ; freg_div_23:freg1|q[2]  ; freg_div_23:freg1|q[2]  ; CLK                     ; CLK         ; 0.000        ; 0.055      ; 0.696      ;
; 0.499  ; freg_div_23:freg1|q[3]  ; freg_div_23:freg1|q[3]  ; CLK                     ; CLK         ; 0.000        ; 0.055      ; 0.698      ;
; 0.500  ; freg_div_23:freg1|q[17] ; freg_div_23:freg1|q[17] ; CLK                     ; CLK         ; 0.000        ; 0.055      ; 0.699      ;
; 0.509  ; freg_div_23:freg1|q[0]  ; freg_div_23:freg1|q[1]  ; CLK                     ; CLK         ; 0.000        ; 0.055      ; 0.708      ;
; 0.509  ; freg_div_23:freg1|q[1]  ; freg_div_23:freg1|q[1]  ; CLK                     ; CLK         ; 0.000        ; 0.055      ; 0.708      ;
; 0.739  ; freg_div_23:freg1|q[16] ; freg_div_23:freg1|q[17] ; CLK                     ; CLK         ; 0.000        ; 0.055      ; 0.938      ;
; 0.740  ; freg_div_23:freg1|q[8]  ; freg_div_23:freg1|q[9]  ; CLK                     ; CLK         ; 0.000        ; 0.055      ; 0.939      ;
; 0.740  ; freg_div_23:freg1|q[10] ; freg_div_23:freg1|q[11] ; CLK                     ; CLK         ; 0.000        ; 0.055      ; 0.939      ;
; 0.741  ; freg_div_23:freg1|q[6]  ; freg_div_23:freg1|q[7]  ; CLK                     ; CLK         ; 0.000        ; 0.055      ; 0.940      ;
; 0.741  ; freg_div_23:freg1|q[12] ; freg_div_23:freg1|q[13] ; CLK                     ; CLK         ; 0.000        ; 0.055      ; 0.940      ;
; 0.742  ; freg_div_23:freg1|q[4]  ; freg_div_23:freg1|q[5]  ; CLK                     ; CLK         ; 0.000        ; 0.055      ; 0.941      ;
; 0.742  ; freg_div_23:freg1|q[14] ; freg_div_23:freg1|q[15] ; CLK                     ; CLK         ; 0.000        ; 0.055      ; 0.941      ;
; 0.742  ; freg_div_23:freg1|q[2]  ; freg_div_23:freg1|q[3]  ; CLK                     ; CLK         ; 0.000        ; 0.055      ; 0.941      ;
; 0.743  ; freg_div_23:freg1|q[7]  ; freg_div_23:freg1|q[8]  ; CLK                     ; CLK         ; 0.000        ; 0.055      ; 0.942      ;
; 0.744  ; freg_div_23:freg1|q[9]  ; freg_div_23:freg1|q[10] ; CLK                     ; CLK         ; 0.000        ; 0.054      ; 0.942      ;
; 0.744  ; freg_div_23:freg1|q[5]  ; freg_div_23:freg1|q[6]  ; CLK                     ; CLK         ; 0.000        ; 0.055      ; 0.943      ;
; 0.744  ; freg_div_23:freg1|q[13] ; freg_div_23:freg1|q[14] ; CLK                     ; CLK         ; 0.000        ; 0.055      ; 0.943      ;
; 0.744  ; freg_div_23:freg1|q[0]  ; freg_div_23:freg1|q[2]  ; CLK                     ; CLK         ; 0.000        ; 0.055      ; 0.943      ;
; 0.745  ; freg_div_23:freg1|q[15] ; freg_div_23:freg1|q[16] ; CLK                     ; CLK         ; 0.000        ; 0.055      ; 0.944      ;
; 0.746  ; freg_div_23:freg1|q[11] ; freg_div_23:freg1|q[12] ; CLK                     ; CLK         ; 0.000        ; 0.055      ; 0.945      ;
; 0.748  ; freg_div_23:freg1|q[3]  ; freg_div_23:freg1|q[4]  ; CLK                     ; CLK         ; 0.000        ; 0.055      ; 0.947      ;
; 0.748  ; freg_div_23:freg1|q[1]  ; freg_div_23:freg1|q[2]  ; CLK                     ; CLK         ; 0.000        ; 0.055      ; 0.947      ;
; 0.749  ; freg_div_23:freg1|q[17] ; freg_div_23:freg1|q[18] ; CLK                     ; CLK         ; 0.000        ; 0.055      ; 0.948      ;
; 0.750  ; freg_div_23:freg1|q[7]  ; freg_div_23:freg1|q[9]  ; CLK                     ; CLK         ; 0.000        ; 0.055      ; 0.949      ;
; 0.751  ; freg_div_23:freg1|q[9]  ; freg_div_23:freg1|q[11] ; CLK                     ; CLK         ; 0.000        ; 0.054      ; 0.949      ;
; 0.751  ; freg_div_23:freg1|q[5]  ; freg_div_23:freg1|q[7]  ; CLK                     ; CLK         ; 0.000        ; 0.055      ; 0.950      ;
; 0.751  ; freg_div_23:freg1|q[13] ; freg_div_23:freg1|q[15] ; CLK                     ; CLK         ; 0.000        ; 0.055      ; 0.950      ;
; 0.751  ; freg_div_23:freg1|q[0]  ; freg_div_23:freg1|q[3]  ; CLK                     ; CLK         ; 0.000        ; 0.055      ; 0.950      ;
; 0.752  ; freg_div_23:freg1|q[15] ; freg_div_23:freg1|q[17] ; CLK                     ; CLK         ; 0.000        ; 0.055      ; 0.951      ;
; 0.753  ; freg_div_23:freg1|q[11] ; freg_div_23:freg1|q[13] ; CLK                     ; CLK         ; 0.000        ; 0.055      ; 0.952      ;
; 0.755  ; freg_div_23:freg1|q[3]  ; freg_div_23:freg1|q[5]  ; CLK                     ; CLK         ; 0.000        ; 0.055      ; 0.954      ;
; 0.755  ; freg_div_23:freg1|q[1]  ; freg_div_23:freg1|q[3]  ; CLK                     ; CLK         ; 0.000        ; 0.055      ; 0.954      ;
; 0.828  ; freg_div_23:freg1|q[16] ; freg_div_23:freg1|q[18] ; CLK                     ; CLK         ; 0.000        ; 0.055      ; 1.027      ;
; 0.829  ; freg_div_23:freg1|q[10] ; freg_div_23:freg1|q[12] ; CLK                     ; CLK         ; 0.000        ; 0.055      ; 1.028      ;
; 0.830  ; freg_div_23:freg1|q[6]  ; freg_div_23:freg1|q[8]  ; CLK                     ; CLK         ; 0.000        ; 0.055      ; 1.029      ;
; 0.830  ; freg_div_23:freg1|q[8]  ; freg_div_23:freg1|q[10] ; CLK                     ; CLK         ; 0.000        ; 0.054      ; 1.028      ;
; 0.830  ; freg_div_23:freg1|q[12] ; freg_div_23:freg1|q[14] ; CLK                     ; CLK         ; 0.000        ; 0.055      ; 1.029      ;
; 0.831  ; freg_div_23:freg1|q[4]  ; freg_div_23:freg1|q[6]  ; CLK                     ; CLK         ; 0.000        ; 0.055      ; 1.030      ;
; 0.831  ; freg_div_23:freg1|q[14] ; freg_div_23:freg1|q[16] ; CLK                     ; CLK         ; 0.000        ; 0.055      ; 1.030      ;
; 0.831  ; freg_div_23:freg1|q[2]  ; freg_div_23:freg1|q[4]  ; CLK                     ; CLK         ; 0.000        ; 0.055      ; 1.030      ;
; 0.836  ; freg_div_23:freg1|q[10] ; freg_div_23:freg1|q[13] ; CLK                     ; CLK         ; 0.000        ; 0.055      ; 1.035      ;
; 0.837  ; freg_div_23:freg1|q[6]  ; freg_div_23:freg1|q[9]  ; CLK                     ; CLK         ; 0.000        ; 0.055      ; 1.036      ;
; 0.837  ; freg_div_23:freg1|q[8]  ; freg_div_23:freg1|q[11] ; CLK                     ; CLK         ; 0.000        ; 0.054      ; 1.035      ;
; 0.837  ; freg_div_23:freg1|q[12] ; freg_div_23:freg1|q[15] ; CLK                     ; CLK         ; 0.000        ; 0.055      ; 1.036      ;
; 0.838  ; freg_div_23:freg1|q[4]  ; freg_div_23:freg1|q[7]  ; CLK                     ; CLK         ; 0.000        ; 0.055      ; 1.037      ;
; 0.838  ; freg_div_23:freg1|q[14] ; freg_div_23:freg1|q[17] ; CLK                     ; CLK         ; 0.000        ; 0.055      ; 1.037      ;
; 0.838  ; freg_div_23:freg1|q[2]  ; freg_div_23:freg1|q[5]  ; CLK                     ; CLK         ; 0.000        ; 0.055      ; 1.037      ;
; 0.840  ; freg_div_23:freg1|q[9]  ; freg_div_23:freg1|q[12] ; CLK                     ; CLK         ; 0.000        ; 0.054      ; 1.038      ;
; 0.840  ; freg_div_23:freg1|q[5]  ; freg_div_23:freg1|q[8]  ; CLK                     ; CLK         ; 0.000        ; 0.055      ; 1.039      ;
; 0.840  ; freg_div_23:freg1|q[7]  ; freg_div_23:freg1|q[10] ; CLK                     ; CLK         ; 0.000        ; 0.054      ; 1.038      ;
; 0.840  ; freg_div_23:freg1|q[13] ; freg_div_23:freg1|q[16] ; CLK                     ; CLK         ; 0.000        ; 0.055      ; 1.039      ;
; 0.840  ; freg_div_23:freg1|q[0]  ; freg_div_23:freg1|q[4]  ; CLK                     ; CLK         ; 0.000        ; 0.055      ; 1.039      ;
; 0.841  ; freg_div_23:freg1|q[15] ; freg_div_23:freg1|q[18] ; CLK                     ; CLK         ; 0.000        ; 0.055      ; 1.040      ;
; 0.842  ; freg_div_23:freg1|q[11] ; freg_div_23:freg1|q[14] ; CLK                     ; CLK         ; 0.000        ; 0.055      ; 1.041      ;
; 0.844  ; freg_div_23:freg1|q[3]  ; freg_div_23:freg1|q[6]  ; CLK                     ; CLK         ; 0.000        ; 0.055      ; 1.043      ;
; 0.844  ; freg_div_23:freg1|q[1]  ; freg_div_23:freg1|q[4]  ; CLK                     ; CLK         ; 0.000        ; 0.055      ; 1.043      ;
; 0.847  ; freg_div_23:freg1|q[9]  ; freg_div_23:freg1|q[13] ; CLK                     ; CLK         ; 0.000        ; 0.054      ; 1.045      ;
; 0.847  ; freg_div_23:freg1|q[5]  ; freg_div_23:freg1|q[9]  ; CLK                     ; CLK         ; 0.000        ; 0.055      ; 1.046      ;
; 0.847  ; freg_div_23:freg1|q[7]  ; freg_div_23:freg1|q[11] ; CLK                     ; CLK         ; 0.000        ; 0.054      ; 1.045      ;
; 0.847  ; freg_div_23:freg1|q[13] ; freg_div_23:freg1|q[17] ; CLK                     ; CLK         ; 0.000        ; 0.055      ; 1.046      ;
; 0.847  ; freg_div_23:freg1|q[0]  ; freg_div_23:freg1|q[5]  ; CLK                     ; CLK         ; 0.000        ; 0.055      ; 1.046      ;
; 0.849  ; freg_div_23:freg1|q[11] ; freg_div_23:freg1|q[15] ; CLK                     ; CLK         ; 0.000        ; 0.055      ; 1.048      ;
; 0.851  ; freg_div_23:freg1|q[3]  ; freg_div_23:freg1|q[7]  ; CLK                     ; CLK         ; 0.000        ; 0.055      ; 1.050      ;
; 0.851  ; freg_div_23:freg1|q[1]  ; freg_div_23:freg1|q[5]  ; CLK                     ; CLK         ; 0.000        ; 0.055      ; 1.050      ;
; 0.925  ; freg_div_23:freg1|q[10] ; freg_div_23:freg1|q[14] ; CLK                     ; CLK         ; 0.000        ; 0.055      ; 1.124      ;
; 0.926  ; freg_div_23:freg1|q[8]  ; freg_div_23:freg1|q[12] ; CLK                     ; CLK         ; 0.000        ; 0.054      ; 1.124      ;
; 0.926  ; freg_div_23:freg1|q[12] ; freg_div_23:freg1|q[16] ; CLK                     ; CLK         ; 0.000        ; 0.055      ; 1.125      ;
; 0.927  ; freg_div_23:freg1|q[4]  ; freg_div_23:freg1|q[8]  ; CLK                     ; CLK         ; 0.000        ; 0.055      ; 1.126      ;
; 0.927  ; freg_div_23:freg1|q[6]  ; freg_div_23:freg1|q[10] ; CLK                     ; CLK         ; 0.000        ; 0.054      ; 1.125      ;
; 0.927  ; freg_div_23:freg1|q[14] ; freg_div_23:freg1|q[18] ; CLK                     ; CLK         ; 0.000        ; 0.055      ; 1.126      ;
; 0.927  ; freg_div_23:freg1|q[2]  ; freg_div_23:freg1|q[6]  ; CLK                     ; CLK         ; 0.000        ; 0.055      ; 1.126      ;
; 0.932  ; freg_div_23:freg1|q[10] ; freg_div_23:freg1|q[15] ; CLK                     ; CLK         ; 0.000        ; 0.055      ; 1.131      ;
; 0.933  ; freg_div_23:freg1|q[8]  ; freg_div_23:freg1|q[13] ; CLK                     ; CLK         ; 0.000        ; 0.054      ; 1.131      ;
; 0.933  ; freg_div_23:freg1|q[12] ; freg_div_23:freg1|q[17] ; CLK                     ; CLK         ; 0.000        ; 0.055      ; 1.132      ;
; 0.934  ; freg_div_23:freg1|q[4]  ; freg_div_23:freg1|q[9]  ; CLK                     ; CLK         ; 0.000        ; 0.055      ; 1.133      ;
; 0.934  ; freg_div_23:freg1|q[6]  ; freg_div_23:freg1|q[11] ; CLK                     ; CLK         ; 0.000        ; 0.054      ; 1.132      ;
; 0.934  ; freg_div_23:freg1|q[2]  ; freg_div_23:freg1|q[7]  ; CLK                     ; CLK         ; 0.000        ; 0.055      ; 1.133      ;
; 0.936  ; freg_div_23:freg1|q[9]  ; freg_div_23:freg1|q[14] ; CLK                     ; CLK         ; 0.000        ; 0.054      ; 1.134      ;
; 0.936  ; freg_div_23:freg1|q[7]  ; freg_div_23:freg1|q[12] ; CLK                     ; CLK         ; 0.000        ; 0.054      ; 1.134      ;
; 0.936  ; freg_div_23:freg1|q[13] ; freg_div_23:freg1|q[18] ; CLK                     ; CLK         ; 0.000        ; 0.055      ; 1.135      ;
; 0.936  ; freg_div_23:freg1|q[0]  ; freg_div_23:freg1|q[6]  ; CLK                     ; CLK         ; 0.000        ; 0.055      ; 1.135      ;
; 0.937  ; freg_div_23:freg1|q[5]  ; freg_div_23:freg1|q[10] ; CLK                     ; CLK         ; 0.000        ; 0.054      ; 1.135      ;
; 0.938  ; freg_div_23:freg1|q[11] ; freg_div_23:freg1|q[16] ; CLK                     ; CLK         ; 0.000        ; 0.055      ; 1.137      ;
; 0.940  ; freg_div_23:freg1|q[3]  ; freg_div_23:freg1|q[8]  ; CLK                     ; CLK         ; 0.000        ; 0.055      ; 1.139      ;
+--------+-------------------------+-------------------------+-------------------------+-------------+--------------+------------+------------+


+----------------------------------------------------------------------------------------------------------------------------------------------------------------------------------------------------------------+
; Slow 1200mV 0C Model Hold: 'freg_div_23:freg1|q[18]'                                                                                                                                                           ;
+-------+-----------------------------------------------------+-----------------------------------------------------+-------------------------+-------------------------+--------------+------------+------------+
; Slack ; From Node                                           ; To Node                                             ; Launch Clock            ; Latch Clock             ; Relationship ; Clock Skew ; Data Delay ;
+-------+-----------------------------------------------------+-----------------------------------------------------+-------------------------+-------------------------+--------------+------------+------------+
; 0.313 ; day_timer:timer2|unit:sec_unit|dflipflop:dff2|q     ; day_timer:timer2|unit:sec_unit|dflipflop:dff2|q     ; freg_div_23:freg1|q[18] ; freg_div_23:freg1|q[18] ; 0.000        ; 0.054      ; 0.511      ;
; 0.313 ; day_timer:timer2|ten_digit:min_ten|dflipflop:dff1|q ; day_timer:timer2|ten_digit:min_ten|dflipflop:dff1|q ; freg_div_23:freg1|q[18] ; freg_div_23:freg1|q[18] ; 0.000        ; 0.054      ; 0.511      ;
; 0.313 ; day_timer:timer2|ten_digit:min_ten|dflipflop:dff2|q ; day_timer:timer2|ten_digit:min_ten|dflipflop:dff2|q ; freg_div_23:freg1|q[18] ; freg_div_23:freg1|q[18] ; 0.000        ; 0.054      ; 0.511      ;
; 0.313 ; day_timer:timer2|unit:min_unit|dflipflop:dff4|q     ; day_timer:timer2|unit:min_unit|dflipflop:dff4|q     ; freg_div_23:freg1|q[18] ; freg_div_23:freg1|q[18] ; 0.000        ; 0.054      ; 0.511      ;
; 0.313 ; day_timer:timer2|unit:min_unit|dflipflop:dff2|q     ; day_timer:timer2|unit:min_unit|dflipflop:dff2|q     ; freg_div_23:freg1|q[18] ; freg_div_23:freg1|q[18] ; 0.000        ; 0.054      ; 0.511      ;
; 0.313 ; day_timer:timer2|unit:min_unit|dflipflop:dff3|q     ; day_timer:timer2|unit:min_unit|dflipflop:dff3|q     ; freg_div_23:freg1|q[18] ; freg_div_23:freg1|q[18] ; 0.000        ; 0.054      ; 0.511      ;
; 0.313 ; day_timer:timer2|unit:min_unit|dflipflop:dff1|q     ; day_timer:timer2|unit:min_unit|dflipflop:dff1|q     ; freg_div_23:freg1|q[18] ; freg_div_23:freg1|q[18] ; 0.000        ; 0.054      ; 0.511      ;
; 0.313 ; day_timer:timer2|ten_digit:sec_ten|dflipflop:dff3|q ; day_timer:timer2|ten_digit:sec_ten|dflipflop:dff3|q ; freg_div_23:freg1|q[18] ; freg_div_23:freg1|q[18] ; 0.000        ; 0.054      ; 0.511      ;
; 0.313 ; day_timer:timer2|ten_digit:sec_ten|dflipflop:dff2|q ; day_timer:timer2|ten_digit:sec_ten|dflipflop:dff2|q ; freg_div_23:freg1|q[18] ; freg_div_23:freg1|q[18] ; 0.000        ; 0.054      ; 0.511      ;
; 0.313 ; day_timer:timer2|ten_digit:sec_ten|dflipflop:dff1|q ; day_timer:timer2|ten_digit:sec_ten|dflipflop:dff1|q ; freg_div_23:freg1|q[18] ; freg_div_23:freg1|q[18] ; 0.000        ; 0.054      ; 0.511      ;
; 0.313 ; day_timer:timer2|ten_digit:min_ten|dflipflop:dff3|q ; day_timer:timer2|ten_digit:min_ten|dflipflop:dff3|q ; freg_div_23:freg1|q[18] ; freg_div_23:freg1|q[18] ; 0.000        ; 0.054      ; 0.511      ;
; 0.321 ; day_timer:timer2|unit:sec_unit|dflipflop:dff3|q     ; day_timer:timer2|unit:sec_unit|dflipflop:dff3|q     ; freg_div_23:freg1|q[18] ; freg_div_23:freg1|q[18] ; 0.000        ; 0.054      ; 0.519      ;
; 0.527 ; day_timer:timer2|ten_digit:min_ten|dflipflop:dff2|q ; day_timer:timer2|ten_digit:min_ten|dflipflop:dff1|q ; freg_div_23:freg1|q[18] ; freg_div_23:freg1|q[18] ; 0.000        ; 0.054      ; 0.725      ;
; 0.546 ; day_timer:timer2|unit:min_unit|dflipflop:dff1|q     ; day_timer:timer2|ten_digit:min_ten|dflipflop:dff3|q ; freg_div_23:freg1|q[18] ; freg_div_23:freg1|q[18] ; 0.000        ; 0.054      ; 0.744      ;
; 0.549 ; day_timer:timer2|unit:min_unit|dflipflop:dff1|q     ; day_timer:timer2|unit:min_unit|dflipflop:dff3|q     ; freg_div_23:freg1|q[18] ; freg_div_23:freg1|q[18] ; 0.000        ; 0.054      ; 0.747      ;
; 0.578 ; day_timer:timer2|unit:sec_unit|dflipflop:dff3|q     ; day_timer:timer2|unit:sec_unit|dflipflop:dff1|q     ; freg_div_23:freg1|q[18] ; freg_div_23:freg1|q[18] ; 0.000        ; 0.054      ; 0.776      ;
; 0.640 ; day_timer:timer2|unit:sec_unit|dflipflop:dff1|q     ; day_timer:timer2|ten_digit:sec_ten|dflipflop:dff1|q ; freg_div_23:freg1|q[18] ; freg_div_23:freg1|q[18] ; 0.000        ; 0.054      ; 0.838      ;
; 0.640 ; day_timer:timer2|ten_digit:sec_ten|dflipflop:dff2|q ; day_timer:timer2|ten_digit:sec_ten|dflipflop:dff1|q ; freg_div_23:freg1|q[18] ; freg_div_23:freg1|q[18] ; 0.000        ; 0.053      ; 0.837      ;
; 0.669 ; day_timer:timer2|ten_digit:min_ten|dflipflop:dff1|q ; day_timer:timer2|ten_digit:min_ten|dflipflop:dff2|q ; freg_div_23:freg1|q[18] ; freg_div_23:freg1|q[18] ; 0.000        ; 0.054      ; 0.867      ;
; 0.681 ; day_timer:timer2|unit:sec_unit|dflipflop:dff3|q     ; day_timer:timer2|unit:sec_unit|dflipflop:dff2|q     ; freg_div_23:freg1|q[18] ; freg_div_23:freg1|q[18] ; 0.000        ; 0.055      ; 0.880      ;
; 0.681 ; day_timer:timer2|unit:min_unit|dflipflop:dff3|q     ; day_timer:timer2|unit:min_unit|dflipflop:dff2|q     ; freg_div_23:freg1|q[18] ; freg_div_23:freg1|q[18] ; 0.000        ; 0.054      ; 0.879      ;
; 0.695 ; day_timer:timer2|unit:sec_unit|dflipflop:dff4|q     ; day_timer:timer2|ten_digit:sec_ten|dflipflop:dff3|q ; freg_div_23:freg1|q[18] ; freg_div_23:freg1|q[18] ; 0.000        ; 0.054      ; 0.893      ;
; 0.698 ; day_timer:timer2|unit:sec_unit|dflipflop:dff2|q     ; day_timer:timer2|unit:sec_unit|dflipflop:dff1|q     ; freg_div_23:freg1|q[18] ; freg_div_23:freg1|q[18] ; 0.000        ; 0.053      ; 0.895      ;
; 0.706 ; day_timer:timer2|unit:sec_unit|dflipflop:dff1|q     ; day_timer:timer2|ten_digit:sec_ten|dflipflop:dff3|q ; freg_div_23:freg1|q[18] ; freg_div_23:freg1|q[18] ; 0.000        ; 0.054      ; 0.904      ;
; 0.725 ; day_timer:timer2|unit:sec_unit|dflipflop:dff4|q     ; day_timer:timer2|unit:sec_unit|dflipflop:dff4|q     ; freg_div_23:freg1|q[18] ; freg_div_23:freg1|q[18] ; 0.000        ; 0.054      ; 0.923      ;
; 0.733 ; day_timer:timer2|unit:sec_unit|dflipflop:dff1|q     ; day_timer:timer2|unit:sec_unit|dflipflop:dff3|q     ; freg_div_23:freg1|q[18] ; freg_div_23:freg1|q[18] ; 0.000        ; 0.054      ; 0.931      ;
; 0.738 ; day_timer:timer2|unit:sec_unit|dflipflop:dff4|q     ; day_timer:timer2|unit:sec_unit|dflipflop:dff2|q     ; freg_div_23:freg1|q[18] ; freg_div_23:freg1|q[18] ; 0.000        ; 0.055      ; 0.937      ;
; 0.780 ; day_timer:timer2|unit:min_unit|dflipflop:dff4|q     ; day_timer:timer2|ten_digit:min_ten|dflipflop:dff1|q ; freg_div_23:freg1|q[18] ; freg_div_23:freg1|q[18] ; 0.000        ; 0.054      ; 0.978      ;
; 0.780 ; day_timer:timer2|unit:min_unit|dflipflop:dff4|q     ; day_timer:timer2|ten_digit:min_ten|dflipflop:dff2|q ; freg_div_23:freg1|q[18] ; freg_div_23:freg1|q[18] ; 0.000        ; 0.054      ; 0.978      ;
; 0.782 ; day_timer:timer2|ten_digit:min_ten|dflipflop:dff2|q ; day_timer:timer2|unit:sec_unit|dflipflop:dff4|q     ; freg_div_23:freg1|q[18] ; freg_div_23:freg1|q[18] ; 0.000        ; 0.053      ; 0.979      ;
; 0.798 ; day_timer:timer2|unit:min_unit|dflipflop:dff2|q     ; day_timer:timer2|unit:sec_unit|dflipflop:dff4|q     ; freg_div_23:freg1|q[18] ; freg_div_23:freg1|q[18] ; 0.000        ; 0.054      ; 0.996      ;
; 0.806 ; day_timer:timer2|unit:sec_unit|dflipflop:dff4|q     ; day_timer:timer2|ten_digit:sec_ten|dflipflop:dff1|q ; freg_div_23:freg1|q[18] ; freg_div_23:freg1|q[18] ; 0.000        ; 0.054      ; 1.004      ;
; 0.816 ; day_timer:timer2|unit:min_unit|dflipflop:dff2|q     ; day_timer:timer2|unit:min_unit|dflipflop:dff1|q     ; freg_div_23:freg1|q[18] ; freg_div_23:freg1|q[18] ; 0.000        ; 0.054      ; 1.014      ;
; 0.867 ; day_timer:timer2|ten_digit:sec_ten|dflipflop:dff3|q ; day_timer:timer2|ten_digit:sec_ten|dflipflop:dff1|q ; freg_div_23:freg1|q[18] ; freg_div_23:freg1|q[18] ; 0.000        ; 0.054      ; 1.065      ;
; 0.882 ; day_timer:timer2|unit:min_unit|dflipflop:dff1|q     ; day_timer:timer2|ten_digit:min_ten|dflipflop:dff1|q ; freg_div_23:freg1|q[18] ; freg_div_23:freg1|q[18] ; 0.000        ; 0.055      ; 1.081      ;
; 0.882 ; day_timer:timer2|unit:min_unit|dflipflop:dff1|q     ; day_timer:timer2|ten_digit:min_ten|dflipflop:dff2|q ; freg_div_23:freg1|q[18] ; freg_div_23:freg1|q[18] ; 0.000        ; 0.055      ; 1.081      ;
; 0.913 ; day_timer:timer2|unit:min_unit|dflipflop:dff3|q     ; day_timer:timer2|unit:min_unit|dflipflop:dff1|q     ; freg_div_23:freg1|q[18] ; freg_div_23:freg1|q[18] ; 0.000        ; 0.054      ; 1.111      ;
; 0.927 ; day_timer:timer2|unit:sec_unit|dflipflop:dff1|q     ; day_timer:timer2|unit:min_unit|dflipflop:dff1|q     ; freg_div_23:freg1|q[18] ; freg_div_23:freg1|q[18] ; 0.000        ; 0.054      ; 1.125      ;
; 0.929 ; day_timer:timer2|unit:sec_unit|dflipflop:dff1|q     ; day_timer:timer2|unit:min_unit|dflipflop:dff3|q     ; freg_div_23:freg1|q[18] ; freg_div_23:freg1|q[18] ; 0.000        ; 0.054      ; 1.127      ;
; 0.929 ; day_timer:timer2|unit:sec_unit|dflipflop:dff1|q     ; day_timer:timer2|ten_digit:min_ten|dflipflop:dff3|q ; freg_div_23:freg1|q[18] ; freg_div_23:freg1|q[18] ; 0.000        ; 0.054      ; 1.127      ;
; 0.930 ; day_timer:timer2|unit:sec_unit|dflipflop:dff1|q     ; day_timer:timer2|unit:min_unit|dflipflop:dff2|q     ; freg_div_23:freg1|q[18] ; freg_div_23:freg1|q[18] ; 0.000        ; 0.054      ; 1.128      ;
; 0.933 ; day_timer:timer2|unit:min_unit|dflipflop:dff4|q     ; day_timer:timer2|unit:min_unit|dflipflop:dff1|q     ; freg_div_23:freg1|q[18] ; freg_div_23:freg1|q[18] ; 0.000        ; 0.053      ; 1.130      ;
; 0.935 ; day_timer:timer2|unit:min_unit|dflipflop:dff4|q     ; day_timer:timer2|unit:min_unit|dflipflop:dff3|q     ; freg_div_23:freg1|q[18] ; freg_div_23:freg1|q[18] ; 0.000        ; 0.053      ; 1.132      ;
; 0.935 ; day_timer:timer2|unit:min_unit|dflipflop:dff4|q     ; day_timer:timer2|ten_digit:min_ten|dflipflop:dff3|q ; freg_div_23:freg1|q[18] ; freg_div_23:freg1|q[18] ; 0.000        ; 0.053      ; 1.132      ;
; 0.936 ; day_timer:timer2|unit:min_unit|dflipflop:dff4|q     ; day_timer:timer2|unit:min_unit|dflipflop:dff2|q     ; freg_div_23:freg1|q[18] ; freg_div_23:freg1|q[18] ; 0.000        ; 0.053      ; 1.133      ;
; 0.942 ; day_timer:timer2|ten_digit:sec_ten|dflipflop:dff1|q ; day_timer:timer2|ten_digit:sec_ten|dflipflop:dff2|q ; freg_div_23:freg1|q[18] ; freg_div_23:freg1|q[18] ; 0.000        ; 0.055      ; 1.141      ;
; 0.949 ; day_timer:timer2|ten_digit:min_ten|dflipflop:dff2|q ; day_timer:timer2|ten_digit:sec_ten|dflipflop:dff3|q ; freg_div_23:freg1|q[18] ; freg_div_23:freg1|q[18] ; 0.000        ; 0.053      ; 1.146      ;
; 0.949 ; day_timer:timer2|ten_digit:min_ten|dflipflop:dff2|q ; day_timer:timer2|unit:sec_unit|dflipflop:dff1|q     ; freg_div_23:freg1|q[18] ; freg_div_23:freg1|q[18] ; 0.000        ; 0.053      ; 1.146      ;
; 0.952 ; day_timer:timer2|ten_digit:min_ten|dflipflop:dff2|q ; day_timer:timer2|unit:sec_unit|dflipflop:dff3|q     ; freg_div_23:freg1|q[18] ; freg_div_23:freg1|q[18] ; 0.000        ; 0.053      ; 1.149      ;
; 0.966 ; day_timer:timer2|unit:min_unit|dflipflop:dff2|q     ; day_timer:timer2|ten_digit:sec_ten|dflipflop:dff3|q ; freg_div_23:freg1|q[18] ; freg_div_23:freg1|q[18] ; 0.000        ; 0.054      ; 1.164      ;
; 0.966 ; day_timer:timer2|unit:min_unit|dflipflop:dff2|q     ; day_timer:timer2|unit:sec_unit|dflipflop:dff1|q     ; freg_div_23:freg1|q[18] ; freg_div_23:freg1|q[18] ; 0.000        ; 0.054      ; 1.164      ;
; 0.969 ; day_timer:timer2|unit:min_unit|dflipflop:dff2|q     ; day_timer:timer2|unit:sec_unit|dflipflop:dff3|q     ; freg_div_23:freg1|q[18] ; freg_div_23:freg1|q[18] ; 0.000        ; 0.054      ; 1.167      ;
; 0.979 ; day_timer:timer2|ten_digit:min_ten|dflipflop:dff2|q ; day_timer:timer2|unit:sec_unit|dflipflop:dff2|q     ; freg_div_23:freg1|q[18] ; freg_div_23:freg1|q[18] ; 0.000        ; 0.054      ; 1.177      ;
; 0.979 ; day_timer:timer2|ten_digit:min_ten|dflipflop:dff2|q ; day_timer:timer2|unit:min_unit|dflipflop:dff4|q     ; freg_div_23:freg1|q[18] ; freg_div_23:freg1|q[18] ; 0.000        ; 0.054      ; 1.177      ;
; 0.981 ; day_timer:timer2|ten_digit:min_ten|dflipflop:dff2|q ; day_timer:timer2|ten_digit:sec_ten|dflipflop:dff2|q ; freg_div_23:freg1|q[18] ; freg_div_23:freg1|q[18] ; 0.000        ; 0.054      ; 1.179      ;
; 0.996 ; day_timer:timer2|unit:min_unit|dflipflop:dff2|q     ; day_timer:timer2|unit:sec_unit|dflipflop:dff2|q     ; freg_div_23:freg1|q[18] ; freg_div_23:freg1|q[18] ; 0.000        ; 0.055      ; 1.195      ;
; 0.996 ; day_timer:timer2|unit:min_unit|dflipflop:dff2|q     ; day_timer:timer2|unit:min_unit|dflipflop:dff4|q     ; freg_div_23:freg1|q[18] ; freg_div_23:freg1|q[18] ; 0.000        ; 0.055      ; 1.195      ;
; 0.998 ; day_timer:timer2|unit:min_unit|dflipflop:dff2|q     ; day_timer:timer2|ten_digit:sec_ten|dflipflop:dff2|q ; freg_div_23:freg1|q[18] ; freg_div_23:freg1|q[18] ; 0.000        ; 0.055      ; 1.197      ;
; 1.011 ; day_timer:timer2|ten_digit:sec_ten|dflipflop:dff1|q ; day_timer:timer2|unit:min_unit|dflipflop:dff1|q     ; freg_div_23:freg1|q[18] ; freg_div_23:freg1|q[18] ; 0.000        ; 0.054      ; 1.209      ;
; 1.013 ; day_timer:timer2|ten_digit:sec_ten|dflipflop:dff1|q ; day_timer:timer2|unit:min_unit|dflipflop:dff3|q     ; freg_div_23:freg1|q[18] ; freg_div_23:freg1|q[18] ; 0.000        ; 0.054      ; 1.211      ;
; 1.013 ; day_timer:timer2|ten_digit:sec_ten|dflipflop:dff1|q ; day_timer:timer2|ten_digit:min_ten|dflipflop:dff3|q ; freg_div_23:freg1|q[18] ; freg_div_23:freg1|q[18] ; 0.000        ; 0.054      ; 1.211      ;
; 1.014 ; day_timer:timer2|ten_digit:sec_ten|dflipflop:dff1|q ; day_timer:timer2|unit:min_unit|dflipflop:dff2|q     ; freg_div_23:freg1|q[18] ; freg_div_23:freg1|q[18] ; 0.000        ; 0.054      ; 1.212      ;
; 1.023 ; day_timer:timer2|unit:sec_unit|dflipflop:dff1|q     ; day_timer:timer2|ten_digit:sec_ten|dflipflop:dff2|q ; freg_div_23:freg1|q[18] ; freg_div_23:freg1|q[18] ; 0.000        ; 0.055      ; 1.222      ;
; 1.023 ; day_timer:timer2|unit:sec_unit|dflipflop:dff1|q     ; day_timer:timer2|unit:min_unit|dflipflop:dff4|q     ; freg_div_23:freg1|q[18] ; freg_div_23:freg1|q[18] ; 0.000        ; 0.055      ; 1.222      ;
; 1.072 ; day_timer:timer2|unit:sec_unit|dflipflop:dff1|q     ; day_timer:timer2|ten_digit:min_ten|dflipflop:dff1|q ; freg_div_23:freg1|q[18] ; freg_div_23:freg1|q[18] ; 0.000        ; 0.055      ; 1.271      ;
; 1.072 ; day_timer:timer2|unit:sec_unit|dflipflop:dff1|q     ; day_timer:timer2|ten_digit:min_ten|dflipflop:dff2|q ; freg_div_23:freg1|q[18] ; freg_div_23:freg1|q[18] ; 0.000        ; 0.055      ; 1.271      ;
; 1.077 ; day_timer:timer2|ten_digit:sec_ten|dflipflop:dff3|q ; day_timer:timer2|unit:min_unit|dflipflop:dff1|q     ; freg_div_23:freg1|q[18] ; freg_div_23:freg1|q[18] ; 0.000        ; 0.054      ; 1.275      ;
; 1.079 ; day_timer:timer2|ten_digit:sec_ten|dflipflop:dff3|q ; day_timer:timer2|unit:min_unit|dflipflop:dff3|q     ; freg_div_23:freg1|q[18] ; freg_div_23:freg1|q[18] ; 0.000        ; 0.054      ; 1.277      ;
; 1.079 ; day_timer:timer2|ten_digit:sec_ten|dflipflop:dff3|q ; day_timer:timer2|ten_digit:min_ten|dflipflop:dff3|q ; freg_div_23:freg1|q[18] ; freg_div_23:freg1|q[18] ; 0.000        ; 0.054      ; 1.277      ;
; 1.080 ; day_timer:timer2|ten_digit:sec_ten|dflipflop:dff3|q ; day_timer:timer2|unit:min_unit|dflipflop:dff2|q     ; freg_div_23:freg1|q[18] ; freg_div_23:freg1|q[18] ; 0.000        ; 0.054      ; 1.278      ;
; 1.093 ; day_timer:timer2|unit:sec_unit|dflipflop:dff4|q     ; day_timer:timer2|unit:min_unit|dflipflop:dff1|q     ; freg_div_23:freg1|q[18] ; freg_div_23:freg1|q[18] ; 0.000        ; 0.054      ; 1.291      ;
; 1.095 ; day_timer:timer2|unit:sec_unit|dflipflop:dff4|q     ; day_timer:timer2|unit:min_unit|dflipflop:dff3|q     ; freg_div_23:freg1|q[18] ; freg_div_23:freg1|q[18] ; 0.000        ; 0.054      ; 1.293      ;
; 1.095 ; day_timer:timer2|unit:sec_unit|dflipflop:dff4|q     ; day_timer:timer2|ten_digit:min_ten|dflipflop:dff3|q ; freg_div_23:freg1|q[18] ; freg_div_23:freg1|q[18] ; 0.000        ; 0.054      ; 1.293      ;
; 1.096 ; day_timer:timer2|unit:sec_unit|dflipflop:dff4|q     ; day_timer:timer2|unit:min_unit|dflipflop:dff2|q     ; freg_div_23:freg1|q[18] ; freg_div_23:freg1|q[18] ; 0.000        ; 0.054      ; 1.294      ;
; 1.107 ; day_timer:timer2|ten_digit:sec_ten|dflipflop:dff1|q ; day_timer:timer2|unit:min_unit|dflipflop:dff4|q     ; freg_div_23:freg1|q[18] ; freg_div_23:freg1|q[18] ; 0.000        ; 0.055      ; 1.306      ;
; 1.112 ; day_timer:timer2|ten_digit:min_ten|dflipflop:dff3|q ; day_timer:timer2|ten_digit:min_ten|dflipflop:dff1|q ; freg_div_23:freg1|q[18] ; freg_div_23:freg1|q[18] ; 0.000        ; 0.055      ; 1.311      ;
; 1.112 ; day_timer:timer2|ten_digit:min_ten|dflipflop:dff3|q ; day_timer:timer2|ten_digit:min_ten|dflipflop:dff2|q ; freg_div_23:freg1|q[18] ; freg_div_23:freg1|q[18] ; 0.000        ; 0.055      ; 1.311      ;
; 1.132 ; day_timer:timer2|ten_digit:min_ten|dflipflop:dff2|q ; day_timer:timer2|unit:min_unit|dflipflop:dff2|q     ; freg_div_23:freg1|q[18] ; freg_div_23:freg1|q[18] ; 0.000        ; 0.053      ; 1.329      ;
; 1.132 ; day_timer:timer2|ten_digit:min_ten|dflipflop:dff2|q ; day_timer:timer2|ten_digit:min_ten|dflipflop:dff3|q ; freg_div_23:freg1|q[18] ; freg_div_23:freg1|q[18] ; 0.000        ; 0.053      ; 1.329      ;
; 1.133 ; day_timer:timer2|ten_digit:min_ten|dflipflop:dff2|q ; day_timer:timer2|unit:min_unit|dflipflop:dff3|q     ; freg_div_23:freg1|q[18] ; freg_div_23:freg1|q[18] ; 0.000        ; 0.053      ; 1.330      ;
; 1.144 ; day_timer:timer2|ten_digit:min_ten|dflipflop:dff2|q ; day_timer:timer2|ten_digit:sec_ten|dflipflop:dff1|q ; freg_div_23:freg1|q[18] ; freg_div_23:freg1|q[18] ; 0.000        ; 0.053      ; 1.341      ;
; 1.146 ; day_timer:timer2|ten_digit:min_ten|dflipflop:dff2|q ; day_timer:timer2|unit:min_unit|dflipflop:dff1|q     ; freg_div_23:freg1|q[18] ; freg_div_23:freg1|q[18] ; 0.000        ; 0.053      ; 1.343      ;
; 1.149 ; day_timer:timer2|unit:min_unit|dflipflop:dff2|q     ; day_timer:timer2|ten_digit:min_ten|dflipflop:dff3|q ; freg_div_23:freg1|q[18] ; freg_div_23:freg1|q[18] ; 0.000        ; 0.054      ; 1.347      ;
; 1.150 ; day_timer:timer2|unit:min_unit|dflipflop:dff2|q     ; day_timer:timer2|unit:min_unit|dflipflop:dff3|q     ; freg_div_23:freg1|q[18] ; freg_div_23:freg1|q[18] ; 0.000        ; 0.054      ; 1.348      ;
; 1.156 ; day_timer:timer2|ten_digit:sec_ten|dflipflop:dff1|q ; day_timer:timer2|ten_digit:min_ten|dflipflop:dff1|q ; freg_div_23:freg1|q[18] ; freg_div_23:freg1|q[18] ; 0.000        ; 0.055      ; 1.355      ;
; 1.156 ; day_timer:timer2|ten_digit:sec_ten|dflipflop:dff1|q ; day_timer:timer2|ten_digit:min_ten|dflipflop:dff2|q ; freg_div_23:freg1|q[18] ; freg_div_23:freg1|q[18] ; 0.000        ; 0.055      ; 1.355      ;
; 1.161 ; day_timer:timer2|unit:min_unit|dflipflop:dff2|q     ; day_timer:timer2|ten_digit:sec_ten|dflipflop:dff1|q ; freg_div_23:freg1|q[18] ; freg_div_23:freg1|q[18] ; 0.000        ; 0.054      ; 1.359      ;
; 1.173 ; day_timer:timer2|ten_digit:sec_ten|dflipflop:dff3|q ; day_timer:timer2|unit:min_unit|dflipflop:dff4|q     ; freg_div_23:freg1|q[18] ; freg_div_23:freg1|q[18] ; 0.000        ; 0.055      ; 1.372      ;
; 1.189 ; day_timer:timer2|unit:sec_unit|dflipflop:dff4|q     ; day_timer:timer2|ten_digit:sec_ten|dflipflop:dff2|q ; freg_div_23:freg1|q[18] ; freg_div_23:freg1|q[18] ; 0.000        ; 0.055      ; 1.388      ;
; 1.189 ; day_timer:timer2|unit:sec_unit|dflipflop:dff4|q     ; day_timer:timer2|unit:min_unit|dflipflop:dff4|q     ; freg_div_23:freg1|q[18] ; freg_div_23:freg1|q[18] ; 0.000        ; 0.055      ; 1.388      ;
; 1.198 ; day_timer:timer2|unit:sec_unit|dflipflop:dff4|q     ; day_timer:timer2|unit:sec_unit|dflipflop:dff3|q     ; freg_div_23:freg1|q[18] ; freg_div_23:freg1|q[18] ; 0.000        ; 0.054      ; 1.396      ;
; 1.198 ; day_timer:timer2|unit:sec_unit|dflipflop:dff4|q     ; day_timer:timer2|unit:sec_unit|dflipflop:dff1|q     ; freg_div_23:freg1|q[18] ; freg_div_23:freg1|q[18] ; 0.000        ; 0.054      ; 1.396      ;
; 1.203 ; day_timer:timer2|unit:min_unit|dflipflop:dff2|q     ; day_timer:timer2|ten_digit:min_ten|dflipflop:dff2|q ; freg_div_23:freg1|q[18] ; freg_div_23:freg1|q[18] ; 0.000        ; 0.055      ; 1.402      ;
; 1.210 ; day_timer:timer2|unit:min_unit|dflipflop:dff2|q     ; day_timer:timer2|ten_digit:min_ten|dflipflop:dff1|q ; freg_div_23:freg1|q[18] ; freg_div_23:freg1|q[18] ; 0.000        ; 0.055      ; 1.409      ;
; 1.222 ; day_timer:timer2|ten_digit:sec_ten|dflipflop:dff3|q ; day_timer:timer2|ten_digit:min_ten|dflipflop:dff1|q ; freg_div_23:freg1|q[18] ; freg_div_23:freg1|q[18] ; 0.000        ; 0.055      ; 1.421      ;
; 1.222 ; day_timer:timer2|ten_digit:sec_ten|dflipflop:dff3|q ; day_timer:timer2|ten_digit:min_ten|dflipflop:dff2|q ; freg_div_23:freg1|q[18] ; freg_div_23:freg1|q[18] ; 0.000        ; 0.055      ; 1.421      ;
; 1.238 ; day_timer:timer2|unit:sec_unit|dflipflop:dff4|q     ; day_timer:timer2|ten_digit:min_ten|dflipflop:dff1|q ; freg_div_23:freg1|q[18] ; freg_div_23:freg1|q[18] ; 0.000        ; 0.055      ; 1.437      ;
; 1.238 ; day_timer:timer2|unit:sec_unit|dflipflop:dff4|q     ; day_timer:timer2|ten_digit:min_ten|dflipflop:dff2|q ; freg_div_23:freg1|q[18] ; freg_div_23:freg1|q[18] ; 0.000        ; 0.055      ; 1.437      ;
; 1.250 ; day_timer:timer2|ten_digit:sec_ten|dflipflop:dff3|q ; day_timer:timer2|ten_digit:sec_ten|dflipflop:dff2|q ; freg_div_23:freg1|q[18] ; freg_div_23:freg1|q[18] ; 0.000        ; 0.055      ; 1.449      ;
+-------+-----------------------------------------------------+-----------------------------------------------------+-------------------------+-------------------------+--------------+------------+------------+


+------------------------------------------------------------------------------------------------------------+
; Slow 1200mV 0C Model Minimum Pulse Width: 'CLK'                                                            ;
+--------+--------------+----------------+------------------+-------+------------+---------------------------+
; Slack  ; Actual Width ; Required Width ; Type             ; Clock ; Clock Edge ; Target                    ;
+--------+--------------+----------------+------------------+-------+------------+---------------------------+
; -3.000 ; 1.000        ; 4.000          ; Port Rate        ; CLK   ; Rise       ; CLK                       ;
; -1.000 ; 1.000        ; 2.000          ; Min Period       ; CLK   ; Rise       ; freg_div_23:freg1|q[0]    ;
; -1.000 ; 1.000        ; 2.000          ; Min Period       ; CLK   ; Rise       ; freg_div_23:freg1|q[10]   ;
; -1.000 ; 1.000        ; 2.000          ; Min Period       ; CLK   ; Rise       ; freg_div_23:freg1|q[11]   ;
; -1.000 ; 1.000        ; 2.000          ; Min Period       ; CLK   ; Rise       ; freg_div_23:freg1|q[12]   ;
; -1.000 ; 1.000        ; 2.000          ; Min Period       ; CLK   ; Rise       ; freg_div_23:freg1|q[13]   ;
; -1.000 ; 1.000        ; 2.000          ; Min Period       ; CLK   ; Rise       ; freg_div_23:freg1|q[14]   ;
; -1.000 ; 1.000        ; 2.000          ; Min Period       ; CLK   ; Rise       ; freg_div_23:freg1|q[15]   ;
; -1.000 ; 1.000        ; 2.000          ; Min Period       ; CLK   ; Rise       ; freg_div_23:freg1|q[16]   ;
; -1.000 ; 1.000        ; 2.000          ; Min Period       ; CLK   ; Rise       ; freg_div_23:freg1|q[17]   ;
; -1.000 ; 1.000        ; 2.000          ; Min Period       ; CLK   ; Rise       ; freg_div_23:freg1|q[18]   ;
; -1.000 ; 1.000        ; 2.000          ; Min Period       ; CLK   ; Rise       ; freg_div_23:freg1|q[1]    ;
; -1.000 ; 1.000        ; 2.000          ; Min Period       ; CLK   ; Rise       ; freg_div_23:freg1|q[2]    ;
; -1.000 ; 1.000        ; 2.000          ; Min Period       ; CLK   ; Rise       ; freg_div_23:freg1|q[3]    ;
; -1.000 ; 1.000        ; 2.000          ; Min Period       ; CLK   ; Rise       ; freg_div_23:freg1|q[4]    ;
; -1.000 ; 1.000        ; 2.000          ; Min Period       ; CLK   ; Rise       ; freg_div_23:freg1|q[5]    ;
; -1.000 ; 1.000        ; 2.000          ; Min Period       ; CLK   ; Rise       ; freg_div_23:freg1|q[6]    ;
; -1.000 ; 1.000        ; 2.000          ; Min Period       ; CLK   ; Rise       ; freg_div_23:freg1|q[7]    ;
; -1.000 ; 1.000        ; 2.000          ; Min Period       ; CLK   ; Rise       ; freg_div_23:freg1|q[8]    ;
; -1.000 ; 1.000        ; 2.000          ; Min Period       ; CLK   ; Rise       ; freg_div_23:freg1|q[9]    ;
; 0.185  ; 0.369        ; 0.184          ; Low Pulse Width  ; CLK   ; Rise       ; freg_div_23:freg1|q[0]    ;
; 0.185  ; 0.369        ; 0.184          ; Low Pulse Width  ; CLK   ; Rise       ; freg_div_23:freg1|q[10]   ;
; 0.185  ; 0.369        ; 0.184          ; Low Pulse Width  ; CLK   ; Rise       ; freg_div_23:freg1|q[11]   ;
; 0.185  ; 0.369        ; 0.184          ; Low Pulse Width  ; CLK   ; Rise       ; freg_div_23:freg1|q[12]   ;
; 0.185  ; 0.369        ; 0.184          ; Low Pulse Width  ; CLK   ; Rise       ; freg_div_23:freg1|q[13]   ;
; 0.185  ; 0.369        ; 0.184          ; Low Pulse Width  ; CLK   ; Rise       ; freg_div_23:freg1|q[14]   ;
; 0.185  ; 0.369        ; 0.184          ; Low Pulse Width  ; CLK   ; Rise       ; freg_div_23:freg1|q[15]   ;
; 0.185  ; 0.369        ; 0.184          ; Low Pulse Width  ; CLK   ; Rise       ; freg_div_23:freg1|q[16]   ;
; 0.185  ; 0.369        ; 0.184          ; Low Pulse Width  ; CLK   ; Rise       ; freg_div_23:freg1|q[17]   ;
; 0.185  ; 0.369        ; 0.184          ; Low Pulse Width  ; CLK   ; Rise       ; freg_div_23:freg1|q[18]   ;
; 0.185  ; 0.369        ; 0.184          ; Low Pulse Width  ; CLK   ; Rise       ; freg_div_23:freg1|q[1]    ;
; 0.185  ; 0.369        ; 0.184          ; Low Pulse Width  ; CLK   ; Rise       ; freg_div_23:freg1|q[2]    ;
; 0.185  ; 0.369        ; 0.184          ; Low Pulse Width  ; CLK   ; Rise       ; freg_div_23:freg1|q[3]    ;
; 0.185  ; 0.369        ; 0.184          ; Low Pulse Width  ; CLK   ; Rise       ; freg_div_23:freg1|q[4]    ;
; 0.185  ; 0.369        ; 0.184          ; Low Pulse Width  ; CLK   ; Rise       ; freg_div_23:freg1|q[5]    ;
; 0.185  ; 0.369        ; 0.184          ; Low Pulse Width  ; CLK   ; Rise       ; freg_div_23:freg1|q[6]    ;
; 0.185  ; 0.369        ; 0.184          ; Low Pulse Width  ; CLK   ; Rise       ; freg_div_23:freg1|q[7]    ;
; 0.185  ; 0.369        ; 0.184          ; Low Pulse Width  ; CLK   ; Rise       ; freg_div_23:freg1|q[8]    ;
; 0.185  ; 0.369        ; 0.184          ; Low Pulse Width  ; CLK   ; Rise       ; freg_div_23:freg1|q[9]    ;
; 0.339  ; 0.339        ; 0.000          ; Low Pulse Width  ; CLK   ; Rise       ; CLK~input|o               ;
; 0.345  ; 0.345        ; 0.000          ; Low Pulse Width  ; CLK   ; Rise       ; freg1|q[0]|clk            ;
; 0.345  ; 0.345        ; 0.000          ; Low Pulse Width  ; CLK   ; Rise       ; freg1|q[10]|clk           ;
; 0.345  ; 0.345        ; 0.000          ; Low Pulse Width  ; CLK   ; Rise       ; freg1|q[11]|clk           ;
; 0.345  ; 0.345        ; 0.000          ; Low Pulse Width  ; CLK   ; Rise       ; freg1|q[12]|clk           ;
; 0.345  ; 0.345        ; 0.000          ; Low Pulse Width  ; CLK   ; Rise       ; freg1|q[13]|clk           ;
; 0.345  ; 0.345        ; 0.000          ; Low Pulse Width  ; CLK   ; Rise       ; freg1|q[14]|clk           ;
; 0.345  ; 0.345        ; 0.000          ; Low Pulse Width  ; CLK   ; Rise       ; freg1|q[15]|clk           ;
; 0.345  ; 0.345        ; 0.000          ; Low Pulse Width  ; CLK   ; Rise       ; freg1|q[16]|clk           ;
; 0.345  ; 0.345        ; 0.000          ; Low Pulse Width  ; CLK   ; Rise       ; freg1|q[17]|clk           ;
; 0.345  ; 0.345        ; 0.000          ; Low Pulse Width  ; CLK   ; Rise       ; freg1|q[18]|clk           ;
; 0.345  ; 0.345        ; 0.000          ; Low Pulse Width  ; CLK   ; Rise       ; freg1|q[1]|clk            ;
; 0.345  ; 0.345        ; 0.000          ; Low Pulse Width  ; CLK   ; Rise       ; freg1|q[2]|clk            ;
; 0.345  ; 0.345        ; 0.000          ; Low Pulse Width  ; CLK   ; Rise       ; freg1|q[3]|clk            ;
; 0.345  ; 0.345        ; 0.000          ; Low Pulse Width  ; CLK   ; Rise       ; freg1|q[4]|clk            ;
; 0.345  ; 0.345        ; 0.000          ; Low Pulse Width  ; CLK   ; Rise       ; freg1|q[5]|clk            ;
; 0.345  ; 0.345        ; 0.000          ; Low Pulse Width  ; CLK   ; Rise       ; freg1|q[6]|clk            ;
; 0.345  ; 0.345        ; 0.000          ; Low Pulse Width  ; CLK   ; Rise       ; freg1|q[7]|clk            ;
; 0.345  ; 0.345        ; 0.000          ; Low Pulse Width  ; CLK   ; Rise       ; freg1|q[8]|clk            ;
; 0.345  ; 0.345        ; 0.000          ; Low Pulse Width  ; CLK   ; Rise       ; freg1|q[9]|clk            ;
; 0.348  ; 0.348        ; 0.000          ; Low Pulse Width  ; CLK   ; Rise       ; CLK~inputclkctrl|inclk[0] ;
; 0.348  ; 0.348        ; 0.000          ; Low Pulse Width  ; CLK   ; Rise       ; CLK~inputclkctrl|outclk   ;
; 0.414  ; 0.630        ; 0.216          ; High Pulse Width ; CLK   ; Rise       ; freg_div_23:freg1|q[0]    ;
; 0.414  ; 0.630        ; 0.216          ; High Pulse Width ; CLK   ; Rise       ; freg_div_23:freg1|q[10]   ;
; 0.414  ; 0.630        ; 0.216          ; High Pulse Width ; CLK   ; Rise       ; freg_div_23:freg1|q[11]   ;
; 0.414  ; 0.630        ; 0.216          ; High Pulse Width ; CLK   ; Rise       ; freg_div_23:freg1|q[12]   ;
; 0.414  ; 0.630        ; 0.216          ; High Pulse Width ; CLK   ; Rise       ; freg_div_23:freg1|q[13]   ;
; 0.414  ; 0.630        ; 0.216          ; High Pulse Width ; CLK   ; Rise       ; freg_div_23:freg1|q[14]   ;
; 0.414  ; 0.630        ; 0.216          ; High Pulse Width ; CLK   ; Rise       ; freg_div_23:freg1|q[15]   ;
; 0.414  ; 0.630        ; 0.216          ; High Pulse Width ; CLK   ; Rise       ; freg_div_23:freg1|q[16]   ;
; 0.414  ; 0.630        ; 0.216          ; High Pulse Width ; CLK   ; Rise       ; freg_div_23:freg1|q[17]   ;
; 0.414  ; 0.630        ; 0.216          ; High Pulse Width ; CLK   ; Rise       ; freg_div_23:freg1|q[18]   ;
; 0.414  ; 0.630        ; 0.216          ; High Pulse Width ; CLK   ; Rise       ; freg_div_23:freg1|q[1]    ;
; 0.414  ; 0.630        ; 0.216          ; High Pulse Width ; CLK   ; Rise       ; freg_div_23:freg1|q[2]    ;
; 0.414  ; 0.630        ; 0.216          ; High Pulse Width ; CLK   ; Rise       ; freg_div_23:freg1|q[3]    ;
; 0.414  ; 0.630        ; 0.216          ; High Pulse Width ; CLK   ; Rise       ; freg_div_23:freg1|q[4]    ;
; 0.414  ; 0.630        ; 0.216          ; High Pulse Width ; CLK   ; Rise       ; freg_div_23:freg1|q[5]    ;
; 0.414  ; 0.630        ; 0.216          ; High Pulse Width ; CLK   ; Rise       ; freg_div_23:freg1|q[6]    ;
; 0.414  ; 0.630        ; 0.216          ; High Pulse Width ; CLK   ; Rise       ; freg_div_23:freg1|q[7]    ;
; 0.414  ; 0.630        ; 0.216          ; High Pulse Width ; CLK   ; Rise       ; freg_div_23:freg1|q[8]    ;
; 0.414  ; 0.630        ; 0.216          ; High Pulse Width ; CLK   ; Rise       ; freg_div_23:freg1|q[9]    ;
; 0.500  ; 0.500        ; 0.000          ; High Pulse Width ; CLK   ; Rise       ; CLK~input|i               ;
; 0.500  ; 0.500        ; 0.000          ; Low Pulse Width  ; CLK   ; Rise       ; CLK~input|i               ;
; 0.651  ; 0.651        ; 0.000          ; High Pulse Width ; CLK   ; Rise       ; CLK~inputclkctrl|inclk[0] ;
; 0.651  ; 0.651        ; 0.000          ; High Pulse Width ; CLK   ; Rise       ; CLK~inputclkctrl|outclk   ;
; 0.654  ; 0.654        ; 0.000          ; High Pulse Width ; CLK   ; Rise       ; freg1|q[0]|clk            ;
; 0.654  ; 0.654        ; 0.000          ; High Pulse Width ; CLK   ; Rise       ; freg1|q[10]|clk           ;
; 0.654  ; 0.654        ; 0.000          ; High Pulse Width ; CLK   ; Rise       ; freg1|q[11]|clk           ;
; 0.654  ; 0.654        ; 0.000          ; High Pulse Width ; CLK   ; Rise       ; freg1|q[12]|clk           ;
; 0.654  ; 0.654        ; 0.000          ; High Pulse Width ; CLK   ; Rise       ; freg1|q[13]|clk           ;
; 0.654  ; 0.654        ; 0.000          ; High Pulse Width ; CLK   ; Rise       ; freg1|q[14]|clk           ;
; 0.654  ; 0.654        ; 0.000          ; High Pulse Width ; CLK   ; Rise       ; freg1|q[15]|clk           ;
; 0.654  ; 0.654        ; 0.000          ; High Pulse Width ; CLK   ; Rise       ; freg1|q[16]|clk           ;
; 0.654  ; 0.654        ; 0.000          ; High Pulse Width ; CLK   ; Rise       ; freg1|q[17]|clk           ;
; 0.654  ; 0.654        ; 0.000          ; High Pulse Width ; CLK   ; Rise       ; freg1|q[18]|clk           ;
; 0.654  ; 0.654        ; 0.000          ; High Pulse Width ; CLK   ; Rise       ; freg1|q[1]|clk            ;
; 0.654  ; 0.654        ; 0.000          ; High Pulse Width ; CLK   ; Rise       ; freg1|q[2]|clk            ;
; 0.654  ; 0.654        ; 0.000          ; High Pulse Width ; CLK   ; Rise       ; freg1|q[3]|clk            ;
; 0.654  ; 0.654        ; 0.000          ; High Pulse Width ; CLK   ; Rise       ; freg1|q[4]|clk            ;
; 0.654  ; 0.654        ; 0.000          ; High Pulse Width ; CLK   ; Rise       ; freg1|q[5]|clk            ;
; 0.654  ; 0.654        ; 0.000          ; High Pulse Width ; CLK   ; Rise       ; freg1|q[6]|clk            ;
+--------+--------------+----------------+------------------+-------+------------+---------------------------+


+--------------------------------------------------------------------------------------------------------------------------------------------------------+
; Slow 1200mV 0C Model Minimum Pulse Width: 'freg_div_23:freg1|q[18]'                                                                                    ;
+--------+--------------+----------------+------------------+-------------------------+------------+-----------------------------------------------------+
; Slack  ; Actual Width ; Required Width ; Type             ; Clock                   ; Clock Edge ; Target                                              ;
+--------+--------------+----------------+------------------+-------------------------+------------+-----------------------------------------------------+
; -1.000 ; 1.000        ; 2.000          ; Min Period       ; freg_div_23:freg1|q[18] ; Rise       ; day_timer:timer2|ten_digit:min_ten|dflipflop:dff1|q ;
; -1.000 ; 1.000        ; 2.000          ; Min Period       ; freg_div_23:freg1|q[18] ; Rise       ; day_timer:timer2|ten_digit:min_ten|dflipflop:dff2|q ;
; -1.000 ; 1.000        ; 2.000          ; Min Period       ; freg_div_23:freg1|q[18] ; Rise       ; day_timer:timer2|ten_digit:min_ten|dflipflop:dff3|q ;
; -1.000 ; 1.000        ; 2.000          ; Min Period       ; freg_div_23:freg1|q[18] ; Rise       ; day_timer:timer2|ten_digit:sec_ten|dflipflop:dff1|q ;
; -1.000 ; 1.000        ; 2.000          ; Min Period       ; freg_div_23:freg1|q[18] ; Rise       ; day_timer:timer2|ten_digit:sec_ten|dflipflop:dff2|q ;
; -1.000 ; 1.000        ; 2.000          ; Min Period       ; freg_div_23:freg1|q[18] ; Rise       ; day_timer:timer2|ten_digit:sec_ten|dflipflop:dff3|q ;
; -1.000 ; 1.000        ; 2.000          ; Min Period       ; freg_div_23:freg1|q[18] ; Rise       ; day_timer:timer2|unit:min_unit|dflipflop:dff1|q     ;
; -1.000 ; 1.000        ; 2.000          ; Min Period       ; freg_div_23:freg1|q[18] ; Rise       ; day_timer:timer2|unit:min_unit|dflipflop:dff2|q     ;
; -1.000 ; 1.000        ; 2.000          ; Min Period       ; freg_div_23:freg1|q[18] ; Rise       ; day_timer:timer2|unit:min_unit|dflipflop:dff3|q     ;
; -1.000 ; 1.000        ; 2.000          ; Min Period       ; freg_div_23:freg1|q[18] ; Rise       ; day_timer:timer2|unit:min_unit|dflipflop:dff4|q     ;
; -1.000 ; 1.000        ; 2.000          ; Min Period       ; freg_div_23:freg1|q[18] ; Rise       ; day_timer:timer2|unit:sec_unit|dflipflop:dff1|q     ;
; -1.000 ; 1.000        ; 2.000          ; Min Period       ; freg_div_23:freg1|q[18] ; Rise       ; day_timer:timer2|unit:sec_unit|dflipflop:dff2|q     ;
; -1.000 ; 1.000        ; 2.000          ; Min Period       ; freg_div_23:freg1|q[18] ; Rise       ; day_timer:timer2|unit:sec_unit|dflipflop:dff3|q     ;
; -1.000 ; 1.000        ; 2.000          ; Min Period       ; freg_div_23:freg1|q[18] ; Rise       ; day_timer:timer2|unit:sec_unit|dflipflop:dff4|q     ;
; 0.276  ; 0.492        ; 0.216          ; High Pulse Width ; freg_div_23:freg1|q[18] ; Rise       ; day_timer:timer2|ten_digit:min_ten|dflipflop:dff1|q ;
; 0.276  ; 0.492        ; 0.216          ; High Pulse Width ; freg_div_23:freg1|q[18] ; Rise       ; day_timer:timer2|ten_digit:min_ten|dflipflop:dff2|q ;
; 0.276  ; 0.492        ; 0.216          ; High Pulse Width ; freg_div_23:freg1|q[18] ; Rise       ; day_timer:timer2|ten_digit:min_ten|dflipflop:dff3|q ;
; 0.276  ; 0.492        ; 0.216          ; High Pulse Width ; freg_div_23:freg1|q[18] ; Rise       ; day_timer:timer2|ten_digit:sec_ten|dflipflop:dff1|q ;
; 0.276  ; 0.492        ; 0.216          ; High Pulse Width ; freg_div_23:freg1|q[18] ; Rise       ; day_timer:timer2|ten_digit:sec_ten|dflipflop:dff2|q ;
; 0.276  ; 0.492        ; 0.216          ; High Pulse Width ; freg_div_23:freg1|q[18] ; Rise       ; day_timer:timer2|ten_digit:sec_ten|dflipflop:dff3|q ;
; 0.276  ; 0.492        ; 0.216          ; High Pulse Width ; freg_div_23:freg1|q[18] ; Rise       ; day_timer:timer2|unit:min_unit|dflipflop:dff1|q     ;
; 0.276  ; 0.492        ; 0.216          ; High Pulse Width ; freg_div_23:freg1|q[18] ; Rise       ; day_timer:timer2|unit:min_unit|dflipflop:dff2|q     ;
; 0.276  ; 0.492        ; 0.216          ; High Pulse Width ; freg_div_23:freg1|q[18] ; Rise       ; day_timer:timer2|unit:min_unit|dflipflop:dff3|q     ;
; 0.276  ; 0.492        ; 0.216          ; High Pulse Width ; freg_div_23:freg1|q[18] ; Rise       ; day_timer:timer2|unit:min_unit|dflipflop:dff4|q     ;
; 0.276  ; 0.492        ; 0.216          ; High Pulse Width ; freg_div_23:freg1|q[18] ; Rise       ; day_timer:timer2|unit:sec_unit|dflipflop:dff1|q     ;
; 0.276  ; 0.492        ; 0.216          ; High Pulse Width ; freg_div_23:freg1|q[18] ; Rise       ; day_timer:timer2|unit:sec_unit|dflipflop:dff2|q     ;
; 0.276  ; 0.492        ; 0.216          ; High Pulse Width ; freg_div_23:freg1|q[18] ; Rise       ; day_timer:timer2|unit:sec_unit|dflipflop:dff3|q     ;
; 0.276  ; 0.492        ; 0.216          ; High Pulse Width ; freg_div_23:freg1|q[18] ; Rise       ; day_timer:timer2|unit:sec_unit|dflipflop:dff4|q     ;
; 0.323  ; 0.507        ; 0.184          ; Low Pulse Width  ; freg_div_23:freg1|q[18] ; Rise       ; day_timer:timer2|ten_digit:min_ten|dflipflop:dff1|q ;
; 0.323  ; 0.507        ; 0.184          ; Low Pulse Width  ; freg_div_23:freg1|q[18] ; Rise       ; day_timer:timer2|ten_digit:min_ten|dflipflop:dff2|q ;
; 0.323  ; 0.507        ; 0.184          ; Low Pulse Width  ; freg_div_23:freg1|q[18] ; Rise       ; day_timer:timer2|ten_digit:min_ten|dflipflop:dff3|q ;
; 0.323  ; 0.507        ; 0.184          ; Low Pulse Width  ; freg_div_23:freg1|q[18] ; Rise       ; day_timer:timer2|ten_digit:sec_ten|dflipflop:dff1|q ;
; 0.323  ; 0.507        ; 0.184          ; Low Pulse Width  ; freg_div_23:freg1|q[18] ; Rise       ; day_timer:timer2|ten_digit:sec_ten|dflipflop:dff2|q ;
; 0.323  ; 0.507        ; 0.184          ; Low Pulse Width  ; freg_div_23:freg1|q[18] ; Rise       ; day_timer:timer2|ten_digit:sec_ten|dflipflop:dff3|q ;
; 0.323  ; 0.507        ; 0.184          ; Low Pulse Width  ; freg_div_23:freg1|q[18] ; Rise       ; day_timer:timer2|unit:min_unit|dflipflop:dff1|q     ;
; 0.323  ; 0.507        ; 0.184          ; Low Pulse Width  ; freg_div_23:freg1|q[18] ; Rise       ; day_timer:timer2|unit:min_unit|dflipflop:dff2|q     ;
; 0.323  ; 0.507        ; 0.184          ; Low Pulse Width  ; freg_div_23:freg1|q[18] ; Rise       ; day_timer:timer2|unit:min_unit|dflipflop:dff3|q     ;
; 0.323  ; 0.507        ; 0.184          ; Low Pulse Width  ; freg_div_23:freg1|q[18] ; Rise       ; day_timer:timer2|unit:min_unit|dflipflop:dff4|q     ;
; 0.323  ; 0.507        ; 0.184          ; Low Pulse Width  ; freg_div_23:freg1|q[18] ; Rise       ; day_timer:timer2|unit:sec_unit|dflipflop:dff1|q     ;
; 0.323  ; 0.507        ; 0.184          ; Low Pulse Width  ; freg_div_23:freg1|q[18] ; Rise       ; day_timer:timer2|unit:sec_unit|dflipflop:dff2|q     ;
; 0.323  ; 0.507        ; 0.184          ; Low Pulse Width  ; freg_div_23:freg1|q[18] ; Rise       ; day_timer:timer2|unit:sec_unit|dflipflop:dff3|q     ;
; 0.323  ; 0.507        ; 0.184          ; Low Pulse Width  ; freg_div_23:freg1|q[18] ; Rise       ; day_timer:timer2|unit:sec_unit|dflipflop:dff4|q     ;
; 0.483  ; 0.483        ; 0.000          ; Low Pulse Width  ; freg_div_23:freg1|q[18] ; Rise       ; timer2|min_ten|dff1|q|clk                           ;
; 0.483  ; 0.483        ; 0.000          ; Low Pulse Width  ; freg_div_23:freg1|q[18] ; Rise       ; timer2|min_ten|dff2|q|clk                           ;
; 0.483  ; 0.483        ; 0.000          ; Low Pulse Width  ; freg_div_23:freg1|q[18] ; Rise       ; timer2|min_ten|dff3|q|clk                           ;
; 0.483  ; 0.483        ; 0.000          ; Low Pulse Width  ; freg_div_23:freg1|q[18] ; Rise       ; timer2|min_unit|dff1|q|clk                          ;
; 0.483  ; 0.483        ; 0.000          ; Low Pulse Width  ; freg_div_23:freg1|q[18] ; Rise       ; timer2|min_unit|dff2|q|clk                          ;
; 0.483  ; 0.483        ; 0.000          ; Low Pulse Width  ; freg_div_23:freg1|q[18] ; Rise       ; timer2|min_unit|dff3|q|clk                          ;
; 0.483  ; 0.483        ; 0.000          ; Low Pulse Width  ; freg_div_23:freg1|q[18] ; Rise       ; timer2|min_unit|dff4|q|clk                          ;
; 0.483  ; 0.483        ; 0.000          ; Low Pulse Width  ; freg_div_23:freg1|q[18] ; Rise       ; timer2|sec_ten|dff1|q|clk                           ;
; 0.483  ; 0.483        ; 0.000          ; Low Pulse Width  ; freg_div_23:freg1|q[18] ; Rise       ; timer2|sec_ten|dff2|q|clk                           ;
; 0.483  ; 0.483        ; 0.000          ; Low Pulse Width  ; freg_div_23:freg1|q[18] ; Rise       ; timer2|sec_ten|dff3|q|clk                           ;
; 0.483  ; 0.483        ; 0.000          ; Low Pulse Width  ; freg_div_23:freg1|q[18] ; Rise       ; timer2|sec_unit|dff1|q|clk                          ;
; 0.483  ; 0.483        ; 0.000          ; Low Pulse Width  ; freg_div_23:freg1|q[18] ; Rise       ; timer2|sec_unit|dff2|q|clk                          ;
; 0.483  ; 0.483        ; 0.000          ; Low Pulse Width  ; freg_div_23:freg1|q[18] ; Rise       ; timer2|sec_unit|dff3|q|clk                          ;
; 0.483  ; 0.483        ; 0.000          ; Low Pulse Width  ; freg_div_23:freg1|q[18] ; Rise       ; timer2|sec_unit|dff4|q|clk                          ;
; 0.489  ; 0.489        ; 0.000          ; Low Pulse Width  ; freg_div_23:freg1|q[18] ; Rise       ; freg1|q[18]~clkctrl|inclk[0]                        ;
; 0.489  ; 0.489        ; 0.000          ; Low Pulse Width  ; freg_div_23:freg1|q[18] ; Rise       ; freg1|q[18]~clkctrl|outclk                          ;
; 0.500  ; 0.500        ; 0.000          ; High Pulse Width ; freg_div_23:freg1|q[18] ; Rise       ; freg1|q[18]|q                                       ;
; 0.500  ; 0.500        ; 0.000          ; Low Pulse Width  ; freg_div_23:freg1|q[18] ; Rise       ; freg1|q[18]|q                                       ;
; 0.510  ; 0.510        ; 0.000          ; High Pulse Width ; freg_div_23:freg1|q[18] ; Rise       ; freg1|q[18]~clkctrl|inclk[0]                        ;
; 0.510  ; 0.510        ; 0.000          ; High Pulse Width ; freg_div_23:freg1|q[18] ; Rise       ; freg1|q[18]~clkctrl|outclk                          ;
; 0.516  ; 0.516        ; 0.000          ; High Pulse Width ; freg_div_23:freg1|q[18] ; Rise       ; timer2|min_ten|dff1|q|clk                           ;
; 0.516  ; 0.516        ; 0.000          ; High Pulse Width ; freg_div_23:freg1|q[18] ; Rise       ; timer2|min_ten|dff2|q|clk                           ;
; 0.516  ; 0.516        ; 0.000          ; High Pulse Width ; freg_div_23:freg1|q[18] ; Rise       ; timer2|min_ten|dff3|q|clk                           ;
; 0.516  ; 0.516        ; 0.000          ; High Pulse Width ; freg_div_23:freg1|q[18] ; Rise       ; timer2|min_unit|dff1|q|clk                          ;
; 0.516  ; 0.516        ; 0.000          ; High Pulse Width ; freg_div_23:freg1|q[18] ; Rise       ; timer2|min_unit|dff2|q|clk                          ;
; 0.516  ; 0.516        ; 0.000          ; High Pulse Width ; freg_div_23:freg1|q[18] ; Rise       ; timer2|min_unit|dff3|q|clk                          ;
; 0.516  ; 0.516        ; 0.000          ; High Pulse Width ; freg_div_23:freg1|q[18] ; Rise       ; timer2|min_unit|dff4|q|clk                          ;
; 0.516  ; 0.516        ; 0.000          ; High Pulse Width ; freg_div_23:freg1|q[18] ; Rise       ; timer2|sec_ten|dff1|q|clk                           ;
; 0.516  ; 0.516        ; 0.000          ; High Pulse Width ; freg_div_23:freg1|q[18] ; Rise       ; timer2|sec_ten|dff2|q|clk                           ;
; 0.516  ; 0.516        ; 0.000          ; High Pulse Width ; freg_div_23:freg1|q[18] ; Rise       ; timer2|sec_ten|dff3|q|clk                           ;
; 0.516  ; 0.516        ; 0.000          ; High Pulse Width ; freg_div_23:freg1|q[18] ; Rise       ; timer2|sec_unit|dff1|q|clk                          ;
; 0.516  ; 0.516        ; 0.000          ; High Pulse Width ; freg_div_23:freg1|q[18] ; Rise       ; timer2|sec_unit|dff2|q|clk                          ;
; 0.516  ; 0.516        ; 0.000          ; High Pulse Width ; freg_div_23:freg1|q[18] ; Rise       ; timer2|sec_unit|dff3|q|clk                          ;
; 0.516  ; 0.516        ; 0.000          ; High Pulse Width ; freg_div_23:freg1|q[18] ; Rise       ; timer2|sec_unit|dff4|q|clk                          ;
+--------+--------------+----------------+------------------+-------------------------+------------+-----------------------------------------------------+


+--------------------------------------------------------------------------------------------+
; Setup Times                                                                                ;
+-----------+-------------------------+-------+-------+------------+-------------------------+
; Data Port ; Clock Port              ; Rise  ; Fall  ; Clock Edge ; Clock Reference         ;
+-----------+-------------------------+-------+-------+------------+-------------------------+
; BTN[*]    ; freg_div_23:freg1|q[18] ; 2.615 ; 2.958 ; Rise       ; freg_div_23:freg1|q[18] ;
;  BTN[0]   ; freg_div_23:freg1|q[18] ; 2.615 ; 2.958 ; Rise       ; freg_div_23:freg1|q[18] ;
+-----------+-------------------------+-------+-------+------------+-------------------------+


+----------------------------------------------------------------------------------------------+
; Hold Times                                                                                   ;
+-----------+-------------------------+--------+--------+------------+-------------------------+
; Data Port ; Clock Port              ; Rise   ; Fall   ; Clock Edge ; Clock Reference         ;
+-----------+-------------------------+--------+--------+------------+-------------------------+
; BTN[*]    ; freg_div_23:freg1|q[18] ; -1.793 ; -2.095 ; Rise       ; freg_div_23:freg1|q[18] ;
;  BTN[0]   ; freg_div_23:freg1|q[18] ; -1.793 ; -2.095 ; Rise       ; freg_div_23:freg1|q[18] ;
+-----------+-------------------------+--------+--------+------------+-------------------------+


+--------------------------------------------------------------------------------------------+
; Clock to Output Times                                                                      ;
+-----------+-------------------------+-------+-------+------------+-------------------------+
; Data Port ; Clock Port              ; Rise  ; Fall  ; Clock Edge ; Clock Reference         ;
+-----------+-------------------------+-------+-------+------------+-------------------------+
; HEX0[*]   ; freg_div_23:freg1|q[18] ; 6.594 ; 6.697 ; Rise       ; freg_div_23:freg1|q[18] ;
;  HEX0[0]  ; freg_div_23:freg1|q[18] ; 6.496 ; 6.593 ; Rise       ; freg_div_23:freg1|q[18] ;
;  HEX0[1]  ; freg_div_23:freg1|q[18] ; 6.475 ; 6.585 ; Rise       ; freg_div_23:freg1|q[18] ;
;  HEX0[2]  ; freg_div_23:freg1|q[18] ; 6.558 ; 6.641 ; Rise       ; freg_div_23:freg1|q[18] ;
;  HEX0[3]  ; freg_div_23:freg1|q[18] ; 6.567 ; 6.662 ; Rise       ; freg_div_23:freg1|q[18] ;
;  HEX0[4]  ; freg_div_23:freg1|q[18] ; 6.594 ; 6.697 ; Rise       ; freg_div_23:freg1|q[18] ;
;  HEX0[5]  ; freg_div_23:freg1|q[18] ; 6.578 ; 6.683 ; Rise       ; freg_div_23:freg1|q[18] ;
;  HEX0[6]  ; freg_div_23:freg1|q[18] ; 6.548 ; 6.623 ; Rise       ; freg_div_23:freg1|q[18] ;
; HEX1[*]   ; freg_div_23:freg1|q[18] ; 6.523 ; 6.642 ; Rise       ; freg_div_23:freg1|q[18] ;
;  HEX1[0]  ; freg_div_23:freg1|q[18] ; 6.517 ; 6.637 ; Rise       ; freg_div_23:freg1|q[18] ;
;  HEX1[1]  ; freg_div_23:freg1|q[18] ; 6.523 ; 6.642 ; Rise       ; freg_div_23:freg1|q[18] ;
;  HEX1[2]  ; freg_div_23:freg1|q[18] ; 6.306 ; 6.361 ; Rise       ; freg_div_23:freg1|q[18] ;
;  HEX1[3]  ; freg_div_23:freg1|q[18] ; 6.357 ; 6.450 ; Rise       ; freg_div_23:freg1|q[18] ;
;  HEX1[4]  ; freg_div_23:freg1|q[18] ; 6.358 ; 6.452 ; Rise       ; freg_div_23:freg1|q[18] ;
;  HEX1[5]  ; freg_div_23:freg1|q[18] ; 6.456 ; 6.522 ; Rise       ; freg_div_23:freg1|q[18] ;
;  HEX1[6]  ; freg_div_23:freg1|q[18] ; 6.285 ; 6.354 ; Rise       ; freg_div_23:freg1|q[18] ;
; HEX2[*]   ; freg_div_23:freg1|q[18] ; 6.638 ; 6.707 ; Rise       ; freg_div_23:freg1|q[18] ;
;  HEX2[0]  ; freg_div_23:freg1|q[18] ; 6.253 ; 6.368 ; Rise       ; freg_div_23:freg1|q[18] ;
;  HEX2[1]  ; freg_div_23:freg1|q[18] ; 6.276 ; 6.398 ; Rise       ; freg_div_23:freg1|q[18] ;
;  HEX2[2]  ; freg_div_23:freg1|q[18] ; 5.858 ; 5.898 ; Rise       ; freg_div_23:freg1|q[18] ;
;  HEX2[3]  ; freg_div_23:freg1|q[18] ; 6.269 ; 6.398 ; Rise       ; freg_div_23:freg1|q[18] ;
;  HEX2[4]  ; freg_div_23:freg1|q[18] ; 6.318 ; 6.329 ; Rise       ; freg_div_23:freg1|q[18] ;
;  HEX2[5]  ; freg_div_23:freg1|q[18] ; 6.366 ; 6.410 ; Rise       ; freg_div_23:freg1|q[18] ;
;  HEX2[6]  ; freg_div_23:freg1|q[18] ; 6.638 ; 6.707 ; Rise       ; freg_div_23:freg1|q[18] ;
; HEX3[*]   ; freg_div_23:freg1|q[18] ; 6.650 ; 6.752 ; Rise       ; freg_div_23:freg1|q[18] ;
;  HEX3[0]  ; freg_div_23:freg1|q[18] ; 6.294 ; 6.339 ; Rise       ; freg_div_23:freg1|q[18] ;
;  HEX3[1]  ; freg_div_23:freg1|q[18] ; 6.609 ; 6.752 ; Rise       ; freg_div_23:freg1|q[18] ;
;  HEX3[2]  ; freg_div_23:freg1|q[18] ; 6.506 ; 6.643 ; Rise       ; freg_div_23:freg1|q[18] ;
;  HEX3[3]  ; freg_div_23:freg1|q[18] ; 6.488 ; 6.567 ; Rise       ; freg_div_23:freg1|q[18] ;
;  HEX3[4]  ; freg_div_23:freg1|q[18] ; 6.613 ; 6.687 ; Rise       ; freg_div_23:freg1|q[18] ;
;  HEX3[5]  ; freg_div_23:freg1|q[18] ; 6.602 ; 6.751 ; Rise       ; freg_div_23:freg1|q[18] ;
;  HEX3[6]  ; freg_div_23:freg1|q[18] ; 6.650 ; 6.729 ; Rise       ; freg_div_23:freg1|q[18] ;
+-----------+-------------------------+-------+-------+------------+-------------------------+


+--------------------------------------------------------------------------------------------+
; Minimum Clock to Output Times                                                              ;
+-----------+-------------------------+-------+-------+------------+-------------------------+
; Data Port ; Clock Port              ; Rise  ; Fall  ; Clock Edge ; Clock Reference         ;
+-----------+-------------------------+-------+-------+------------+-------------------------+
; HEX0[*]   ; freg_div_23:freg1|q[18] ; 5.606 ; 5.696 ; Rise       ; freg_div_23:freg1|q[18] ;
;  HEX0[0]  ; freg_div_23:freg1|q[18] ; 5.977 ; 6.092 ; Rise       ; freg_div_23:freg1|q[18] ;
;  HEX0[1]  ; freg_div_23:freg1|q[18] ; 5.962 ; 6.072 ; Rise       ; freg_div_23:freg1|q[18] ;
;  HEX0[2]  ; freg_div_23:freg1|q[18] ; 5.723 ; 5.837 ; Rise       ; freg_div_23:freg1|q[18] ;
;  HEX0[3]  ; freg_div_23:freg1|q[18] ; 5.606 ; 5.696 ; Rise       ; freg_div_23:freg1|q[18] ;
;  HEX0[4]  ; freg_div_23:freg1|q[18] ; 5.778 ; 5.828 ; Rise       ; freg_div_23:freg1|q[18] ;
;  HEX0[5]  ; freg_div_23:freg1|q[18] ; 5.617 ; 5.715 ; Rise       ; freg_div_23:freg1|q[18] ;
;  HEX0[6]  ; freg_div_23:freg1|q[18] ; 5.725 ; 5.814 ; Rise       ; freg_div_23:freg1|q[18] ;
; HEX1[*]   ; freg_div_23:freg1|q[18] ; 5.826 ; 5.930 ; Rise       ; freg_div_23:freg1|q[18] ;
;  HEX1[0]  ; freg_div_23:freg1|q[18] ; 6.067 ; 6.157 ; Rise       ; freg_div_23:freg1|q[18] ;
;  HEX1[1]  ; freg_div_23:freg1|q[18] ; 6.057 ; 6.172 ; Rise       ; freg_div_23:freg1|q[18] ;
;  HEX1[2]  ; freg_div_23:freg1|q[18] ; 5.886 ; 6.000 ; Rise       ; freg_div_23:freg1|q[18] ;
;  HEX1[3]  ; freg_div_23:freg1|q[18] ; 5.891 ; 5.983 ; Rise       ; freg_div_23:freg1|q[18] ;
;  HEX1[4]  ; freg_div_23:freg1|q[18] ; 5.914 ; 5.986 ; Rise       ; freg_div_23:freg1|q[18] ;
;  HEX1[5]  ; freg_div_23:freg1|q[18] ; 5.981 ; 6.064 ; Rise       ; freg_div_23:freg1|q[18] ;
;  HEX1[6]  ; freg_div_23:freg1|q[18] ; 5.826 ; 5.930 ; Rise       ; freg_div_23:freg1|q[18] ;
; HEX2[*]   ; freg_div_23:freg1|q[18] ; 5.336 ; 5.417 ; Rise       ; freg_div_23:freg1|q[18] ;
;  HEX2[0]  ; freg_div_23:freg1|q[18] ; 5.605 ; 5.696 ; Rise       ; freg_div_23:freg1|q[18] ;
;  HEX2[1]  ; freg_div_23:freg1|q[18] ; 5.634 ; 5.748 ; Rise       ; freg_div_23:freg1|q[18] ;
;  HEX2[2]  ; freg_div_23:freg1|q[18] ; 5.336 ; 5.417 ; Rise       ; freg_div_23:freg1|q[18] ;
;  HEX2[3]  ; freg_div_23:freg1|q[18] ; 5.620 ; 5.713 ; Rise       ; freg_div_23:freg1|q[18] ;
;  HEX2[4]  ; freg_div_23:freg1|q[18] ; 5.646 ; 5.739 ; Rise       ; freg_div_23:freg1|q[18] ;
;  HEX2[5]  ; freg_div_23:freg1|q[18] ; 5.676 ; 5.772 ; Rise       ; freg_div_23:freg1|q[18] ;
;  HEX2[6]  ; freg_div_23:freg1|q[18] ; 5.949 ; 6.071 ; Rise       ; freg_div_23:freg1|q[18] ;
; HEX3[*]   ; freg_div_23:freg1|q[18] ; 5.836 ; 5.930 ; Rise       ; freg_div_23:freg1|q[18] ;
;  HEX3[0]  ; freg_div_23:freg1|q[18] ; 5.836 ; 5.930 ; Rise       ; freg_div_23:freg1|q[18] ;
;  HEX3[1]  ; freg_div_23:freg1|q[18] ; 6.153 ; 6.278 ; Rise       ; freg_div_23:freg1|q[18] ;
;  HEX3[2]  ; freg_div_23:freg1|q[18] ; 6.069 ; 6.162 ; Rise       ; freg_div_23:freg1|q[18] ;
;  HEX3[3]  ; freg_div_23:freg1|q[18] ; 6.024 ; 6.133 ; Rise       ; freg_div_23:freg1|q[18] ;
;  HEX3[4]  ; freg_div_23:freg1|q[18] ; 6.141 ; 6.286 ; Rise       ; freg_div_23:freg1|q[18] ;
;  HEX3[5]  ; freg_div_23:freg1|q[18] ; 6.142 ; 6.286 ; Rise       ; freg_div_23:freg1|q[18] ;
;  HEX3[6]  ; freg_div_23:freg1|q[18] ; 6.159 ; 6.306 ; Rise       ; freg_div_23:freg1|q[18] ;
+-----------+-------------------------+-------+-------+------------+-------------------------+


---------------------------------------------
; Slow 1200mV 0C Model Metastability Report ;
---------------------------------------------
No synchronizer chains to report.


+--------------------------------------------------+
; Fast 1200mV 0C Model Setup Summary               ;
+-------------------------+--------+---------------+
; Clock                   ; Slack  ; End Point TNS ;
+-------------------------+--------+---------------+
; CLK                     ; -0.351 ; -2.148        ;
; freg_div_23:freg1|q[18] ; -0.065 ; -0.366        ;
+-------------------------+--------+---------------+


+--------------------------------------------------+
; Fast 1200mV 0C Model Hold Summary                ;
+-------------------------+--------+---------------+
; Clock                   ; Slack  ; End Point TNS ;
+-------------------------+--------+---------------+
; CLK                     ; -0.132 ; -0.132        ;
; freg_div_23:freg1|q[18] ; 0.186  ; 0.000         ;
+-------------------------+--------+---------------+


-----------------------------------------
; Fast 1200mV 0C Model Recovery Summary ;
-----------------------------------------
No paths to report.


----------------------------------------
; Fast 1200mV 0C Model Removal Summary ;
----------------------------------------
No paths to report.


+--------------------------------------------------+
; Fast 1200mV 0C Model Minimum Pulse Width Summary ;
+-------------------------+--------+---------------+
; Clock                   ; Slack  ; End Point TNS ;
+-------------------------+--------+---------------+
; CLK                     ; -3.000 ; -23.064       ;
; freg_div_23:freg1|q[18] ; -1.000 ; -14.000       ;
+-------------------------+--------+---------------+


+----------------------------------------------------------------------------------------------------------------------------------+
; Fast 1200mV 0C Model Setup: 'CLK'                                                                                                ;
+--------+-------------------------+-------------------------+--------------+-------------+--------------+------------+------------+
; Slack  ; From Node               ; To Node                 ; Launch Clock ; Latch Clock ; Relationship ; Clock Skew ; Data Delay ;
+--------+-------------------------+-------------------------+--------------+-------------+--------------+------------+------------+
; -0.351 ; freg_div_23:freg1|q[2]  ; freg_div_23:freg1|q[18] ; CLK          ; CLK         ; 1.000        ; -0.035     ; 1.303      ;
; -0.347 ; freg_div_23:freg1|q[2]  ; freg_div_23:freg1|q[17] ; CLK          ; CLK         ; 1.000        ; -0.035     ; 1.299      ;
; -0.337 ; freg_div_23:freg1|q[0]  ; freg_div_23:freg1|q[18] ; CLK          ; CLK         ; 1.000        ; -0.035     ; 1.289      ;
; -0.337 ; freg_div_23:freg1|q[1]  ; freg_div_23:freg1|q[18] ; CLK          ; CLK         ; 1.000        ; -0.035     ; 1.289      ;
; -0.299 ; freg_div_23:freg1|q[0]  ; freg_div_23:freg1|q[17] ; CLK          ; CLK         ; 1.000        ; -0.035     ; 1.251      ;
; -0.299 ; freg_div_23:freg1|q[1]  ; freg_div_23:freg1|q[17] ; CLK          ; CLK         ; 1.000        ; -0.035     ; 1.251      ;
; -0.284 ; freg_div_23:freg1|q[4]  ; freg_div_23:freg1|q[18] ; CLK          ; CLK         ; 1.000        ; -0.035     ; 1.236      ;
; -0.283 ; freg_div_23:freg1|q[2]  ; freg_div_23:freg1|q[16] ; CLK          ; CLK         ; 1.000        ; -0.035     ; 1.235      ;
; -0.280 ; freg_div_23:freg1|q[4]  ; freg_div_23:freg1|q[17] ; CLK          ; CLK         ; 1.000        ; -0.035     ; 1.232      ;
; -0.279 ; freg_div_23:freg1|q[2]  ; freg_div_23:freg1|q[15] ; CLK          ; CLK         ; 1.000        ; -0.035     ; 1.231      ;
; -0.270 ; freg_div_23:freg1|q[3]  ; freg_div_23:freg1|q[18] ; CLK          ; CLK         ; 1.000        ; -0.035     ; 1.222      ;
; -0.269 ; freg_div_23:freg1|q[0]  ; freg_div_23:freg1|q[16] ; CLK          ; CLK         ; 1.000        ; -0.035     ; 1.221      ;
; -0.269 ; freg_div_23:freg1|q[1]  ; freg_div_23:freg1|q[16] ; CLK          ; CLK         ; 1.000        ; -0.035     ; 1.221      ;
; -0.232 ; freg_div_23:freg1|q[3]  ; freg_div_23:freg1|q[17] ; CLK          ; CLK         ; 1.000        ; -0.035     ; 1.184      ;
; -0.231 ; freg_div_23:freg1|q[0]  ; freg_div_23:freg1|q[15] ; CLK          ; CLK         ; 1.000        ; -0.035     ; 1.183      ;
; -0.231 ; freg_div_23:freg1|q[1]  ; freg_div_23:freg1|q[15] ; CLK          ; CLK         ; 1.000        ; -0.035     ; 1.183      ;
; -0.216 ; freg_div_23:freg1|q[4]  ; freg_div_23:freg1|q[16] ; CLK          ; CLK         ; 1.000        ; -0.035     ; 1.168      ;
; -0.215 ; freg_div_23:freg1|q[2]  ; freg_div_23:freg1|q[14] ; CLK          ; CLK         ; 1.000        ; -0.035     ; 1.167      ;
; -0.215 ; freg_div_23:freg1|q[6]  ; freg_div_23:freg1|q[18] ; CLK          ; CLK         ; 1.000        ; -0.035     ; 1.167      ;
; -0.212 ; freg_div_23:freg1|q[4]  ; freg_div_23:freg1|q[15] ; CLK          ; CLK         ; 1.000        ; -0.035     ; 1.164      ;
; -0.211 ; freg_div_23:freg1|q[2]  ; freg_div_23:freg1|q[13] ; CLK          ; CLK         ; 1.000        ; -0.035     ; 1.163      ;
; -0.211 ; freg_div_23:freg1|q[6]  ; freg_div_23:freg1|q[17] ; CLK          ; CLK         ; 1.000        ; -0.035     ; 1.163      ;
; -0.202 ; freg_div_23:freg1|q[5]  ; freg_div_23:freg1|q[18] ; CLK          ; CLK         ; 1.000        ; -0.035     ; 1.154      ;
; -0.202 ; freg_div_23:freg1|q[3]  ; freg_div_23:freg1|q[16] ; CLK          ; CLK         ; 1.000        ; -0.035     ; 1.154      ;
; -0.201 ; freg_div_23:freg1|q[0]  ; freg_div_23:freg1|q[14] ; CLK          ; CLK         ; 1.000        ; -0.035     ; 1.153      ;
; -0.201 ; freg_div_23:freg1|q[1]  ; freg_div_23:freg1|q[14] ; CLK          ; CLK         ; 1.000        ; -0.035     ; 1.153      ;
; -0.164 ; freg_div_23:freg1|q[3]  ; freg_div_23:freg1|q[15] ; CLK          ; CLK         ; 1.000        ; -0.035     ; 1.116      ;
; -0.163 ; freg_div_23:freg1|q[0]  ; freg_div_23:freg1|q[13] ; CLK          ; CLK         ; 1.000        ; -0.035     ; 1.115      ;
; -0.163 ; freg_div_23:freg1|q[1]  ; freg_div_23:freg1|q[13] ; CLK          ; CLK         ; 1.000        ; -0.035     ; 1.115      ;
; -0.162 ; freg_div_23:freg1|q[5]  ; freg_div_23:freg1|q[17] ; CLK          ; CLK         ; 1.000        ; -0.035     ; 1.114      ;
; -0.148 ; freg_div_23:freg1|q[4]  ; freg_div_23:freg1|q[14] ; CLK          ; CLK         ; 1.000        ; -0.035     ; 1.100      ;
; -0.147 ; freg_div_23:freg1|q[2]  ; freg_div_23:freg1|q[12] ; CLK          ; CLK         ; 1.000        ; -0.035     ; 1.099      ;
; -0.147 ; freg_div_23:freg1|q[8]  ; freg_div_23:freg1|q[18] ; CLK          ; CLK         ; 1.000        ; -0.035     ; 1.099      ;
; -0.147 ; freg_div_23:freg1|q[6]  ; freg_div_23:freg1|q[16] ; CLK          ; CLK         ; 1.000        ; -0.035     ; 1.099      ;
; -0.144 ; freg_div_23:freg1|q[4]  ; freg_div_23:freg1|q[13] ; CLK          ; CLK         ; 1.000        ; -0.035     ; 1.096      ;
; -0.143 ; freg_div_23:freg1|q[2]  ; freg_div_23:freg1|q[11] ; CLK          ; CLK         ; 1.000        ; -0.035     ; 1.095      ;
; -0.143 ; freg_div_23:freg1|q[8]  ; freg_div_23:freg1|q[17] ; CLK          ; CLK         ; 1.000        ; -0.035     ; 1.095      ;
; -0.143 ; freg_div_23:freg1|q[6]  ; freg_div_23:freg1|q[15] ; CLK          ; CLK         ; 1.000        ; -0.035     ; 1.095      ;
; -0.134 ; freg_div_23:freg1|q[5]  ; freg_div_23:freg1|q[16] ; CLK          ; CLK         ; 1.000        ; -0.035     ; 1.086      ;
; -0.134 ; freg_div_23:freg1|q[3]  ; freg_div_23:freg1|q[14] ; CLK          ; CLK         ; 1.000        ; -0.035     ; 1.086      ;
; -0.133 ; freg_div_23:freg1|q[7]  ; freg_div_23:freg1|q[18] ; CLK          ; CLK         ; 1.000        ; -0.035     ; 1.085      ;
; -0.133 ; freg_div_23:freg1|q[0]  ; freg_div_23:freg1|q[12] ; CLK          ; CLK         ; 1.000        ; -0.035     ; 1.085      ;
; -0.133 ; freg_div_23:freg1|q[1]  ; freg_div_23:freg1|q[12] ; CLK          ; CLK         ; 1.000        ; -0.035     ; 1.085      ;
; -0.096 ; freg_div_23:freg1|q[3]  ; freg_div_23:freg1|q[13] ; CLK          ; CLK         ; 1.000        ; -0.035     ; 1.048      ;
; -0.095 ; freg_div_23:freg1|q[7]  ; freg_div_23:freg1|q[17] ; CLK          ; CLK         ; 1.000        ; -0.035     ; 1.047      ;
; -0.095 ; freg_div_23:freg1|q[0]  ; freg_div_23:freg1|q[11] ; CLK          ; CLK         ; 1.000        ; -0.035     ; 1.047      ;
; -0.095 ; freg_div_23:freg1|q[1]  ; freg_div_23:freg1|q[11] ; CLK          ; CLK         ; 1.000        ; -0.035     ; 1.047      ;
; -0.094 ; freg_div_23:freg1|q[5]  ; freg_div_23:freg1|q[15] ; CLK          ; CLK         ; 1.000        ; -0.035     ; 1.046      ;
; -0.080 ; freg_div_23:freg1|q[4]  ; freg_div_23:freg1|q[12] ; CLK          ; CLK         ; 1.000        ; -0.035     ; 1.032      ;
; -0.079 ; freg_div_23:freg1|q[2]  ; freg_div_23:freg1|q[10] ; CLK          ; CLK         ; 1.000        ; -0.035     ; 1.031      ;
; -0.079 ; freg_div_23:freg1|q[10] ; freg_div_23:freg1|q[18] ; CLK          ; CLK         ; 1.000        ; -0.035     ; 1.031      ;
; -0.079 ; freg_div_23:freg1|q[8]  ; freg_div_23:freg1|q[16] ; CLK          ; CLK         ; 1.000        ; -0.035     ; 1.031      ;
; -0.079 ; freg_div_23:freg1|q[6]  ; freg_div_23:freg1|q[14] ; CLK          ; CLK         ; 1.000        ; -0.035     ; 1.031      ;
; -0.076 ; freg_div_23:freg1|q[4]  ; freg_div_23:freg1|q[11] ; CLK          ; CLK         ; 1.000        ; -0.035     ; 1.028      ;
; -0.075 ; freg_div_23:freg1|q[2]  ; freg_div_23:freg1|q[9]  ; CLK          ; CLK         ; 1.000        ; -0.035     ; 1.027      ;
; -0.075 ; freg_div_23:freg1|q[10] ; freg_div_23:freg1|q[17] ; CLK          ; CLK         ; 1.000        ; -0.035     ; 1.027      ;
; -0.075 ; freg_div_23:freg1|q[8]  ; freg_div_23:freg1|q[15] ; CLK          ; CLK         ; 1.000        ; -0.035     ; 1.027      ;
; -0.075 ; freg_div_23:freg1|q[6]  ; freg_div_23:freg1|q[13] ; CLK          ; CLK         ; 1.000        ; -0.035     ; 1.027      ;
; -0.066 ; freg_div_23:freg1|q[5]  ; freg_div_23:freg1|q[14] ; CLK          ; CLK         ; 1.000        ; -0.035     ; 1.018      ;
; -0.066 ; freg_div_23:freg1|q[3]  ; freg_div_23:freg1|q[12] ; CLK          ; CLK         ; 1.000        ; -0.035     ; 1.018      ;
; -0.065 ; freg_div_23:freg1|q[9]  ; freg_div_23:freg1|q[18] ; CLK          ; CLK         ; 1.000        ; -0.035     ; 1.017      ;
; -0.065 ; freg_div_23:freg1|q[7]  ; freg_div_23:freg1|q[16] ; CLK          ; CLK         ; 1.000        ; -0.035     ; 1.017      ;
; -0.065 ; freg_div_23:freg1|q[0]  ; freg_div_23:freg1|q[10] ; CLK          ; CLK         ; 1.000        ; -0.035     ; 1.017      ;
; -0.065 ; freg_div_23:freg1|q[1]  ; freg_div_23:freg1|q[10] ; CLK          ; CLK         ; 1.000        ; -0.035     ; 1.017      ;
; -0.028 ; freg_div_23:freg1|q[3]  ; freg_div_23:freg1|q[11] ; CLK          ; CLK         ; 1.000        ; -0.035     ; 0.980      ;
; -0.027 ; freg_div_23:freg1|q[7]  ; freg_div_23:freg1|q[15] ; CLK          ; CLK         ; 1.000        ; -0.035     ; 0.979      ;
; -0.027 ; freg_div_23:freg1|q[0]  ; freg_div_23:freg1|q[9]  ; CLK          ; CLK         ; 1.000        ; -0.035     ; 0.979      ;
; -0.027 ; freg_div_23:freg1|q[1]  ; freg_div_23:freg1|q[9]  ; CLK          ; CLK         ; 1.000        ; -0.035     ; 0.979      ;
; -0.026 ; freg_div_23:freg1|q[9]  ; freg_div_23:freg1|q[17] ; CLK          ; CLK         ; 1.000        ; -0.035     ; 0.978      ;
; -0.026 ; freg_div_23:freg1|q[5]  ; freg_div_23:freg1|q[13] ; CLK          ; CLK         ; 1.000        ; -0.035     ; 0.978      ;
; -0.012 ; freg_div_23:freg1|q[12] ; freg_div_23:freg1|q[18] ; CLK          ; CLK         ; 1.000        ; -0.035     ; 0.964      ;
; -0.012 ; freg_div_23:freg1|q[4]  ; freg_div_23:freg1|q[10] ; CLK          ; CLK         ; 1.000        ; -0.035     ; 0.964      ;
; -0.011 ; freg_div_23:freg1|q[2]  ; freg_div_23:freg1|q[8]  ; CLK          ; CLK         ; 1.000        ; -0.035     ; 0.963      ;
; -0.011 ; freg_div_23:freg1|q[10] ; freg_div_23:freg1|q[16] ; CLK          ; CLK         ; 1.000        ; -0.035     ; 0.963      ;
; -0.011 ; freg_div_23:freg1|q[8]  ; freg_div_23:freg1|q[14] ; CLK          ; CLK         ; 1.000        ; -0.035     ; 0.963      ;
; -0.011 ; freg_div_23:freg1|q[6]  ; freg_div_23:freg1|q[12] ; CLK          ; CLK         ; 1.000        ; -0.035     ; 0.963      ;
; -0.008 ; freg_div_23:freg1|q[12] ; freg_div_23:freg1|q[17] ; CLK          ; CLK         ; 1.000        ; -0.035     ; 0.960      ;
; -0.008 ; freg_div_23:freg1|q[4]  ; freg_div_23:freg1|q[9]  ; CLK          ; CLK         ; 1.000        ; -0.035     ; 0.960      ;
; -0.007 ; freg_div_23:freg1|q[2]  ; freg_div_23:freg1|q[7]  ; CLK          ; CLK         ; 1.000        ; -0.035     ; 0.959      ;
; -0.007 ; freg_div_23:freg1|q[10] ; freg_div_23:freg1|q[15] ; CLK          ; CLK         ; 1.000        ; -0.035     ; 0.959      ;
; -0.007 ; freg_div_23:freg1|q[8]  ; freg_div_23:freg1|q[13] ; CLK          ; CLK         ; 1.000        ; -0.035     ; 0.959      ;
; -0.007 ; freg_div_23:freg1|q[6]  ; freg_div_23:freg1|q[11] ; CLK          ; CLK         ; 1.000        ; -0.035     ; 0.959      ;
; 0.002  ; freg_div_23:freg1|q[5]  ; freg_div_23:freg1|q[12] ; CLK          ; CLK         ; 1.000        ; -0.035     ; 0.950      ;
; 0.002  ; freg_div_23:freg1|q[3]  ; freg_div_23:freg1|q[10] ; CLK          ; CLK         ; 1.000        ; -0.035     ; 0.950      ;
; 0.003  ; freg_div_23:freg1|q[11] ; freg_div_23:freg1|q[18] ; CLK          ; CLK         ; 1.000        ; -0.035     ; 0.949      ;
; 0.003  ; freg_div_23:freg1|q[9]  ; freg_div_23:freg1|q[16] ; CLK          ; CLK         ; 1.000        ; -0.035     ; 0.949      ;
; 0.003  ; freg_div_23:freg1|q[7]  ; freg_div_23:freg1|q[14] ; CLK          ; CLK         ; 1.000        ; -0.035     ; 0.949      ;
; 0.003  ; freg_div_23:freg1|q[0]  ; freg_div_23:freg1|q[8]  ; CLK          ; CLK         ; 1.000        ; -0.035     ; 0.949      ;
; 0.003  ; freg_div_23:freg1|q[1]  ; freg_div_23:freg1|q[8]  ; CLK          ; CLK         ; 1.000        ; -0.035     ; 0.949      ;
; 0.040  ; freg_div_23:freg1|q[3]  ; freg_div_23:freg1|q[9]  ; CLK          ; CLK         ; 1.000        ; -0.035     ; 0.912      ;
; 0.041  ; freg_div_23:freg1|q[11] ; freg_div_23:freg1|q[17] ; CLK          ; CLK         ; 1.000        ; -0.035     ; 0.911      ;
; 0.041  ; freg_div_23:freg1|q[7]  ; freg_div_23:freg1|q[13] ; CLK          ; CLK         ; 1.000        ; -0.035     ; 0.911      ;
; 0.041  ; freg_div_23:freg1|q[0]  ; freg_div_23:freg1|q[7]  ; CLK          ; CLK         ; 1.000        ; -0.035     ; 0.911      ;
; 0.041  ; freg_div_23:freg1|q[1]  ; freg_div_23:freg1|q[7]  ; CLK          ; CLK         ; 1.000        ; -0.035     ; 0.911      ;
; 0.042  ; freg_div_23:freg1|q[9]  ; freg_div_23:freg1|q[15] ; CLK          ; CLK         ; 1.000        ; -0.035     ; 0.910      ;
; 0.042  ; freg_div_23:freg1|q[5]  ; freg_div_23:freg1|q[11] ; CLK          ; CLK         ; 1.000        ; -0.035     ; 0.910      ;
; 0.056  ; freg_div_23:freg1|q[14] ; freg_div_23:freg1|q[18] ; CLK          ; CLK         ; 1.000        ; -0.035     ; 0.896      ;
; 0.056  ; freg_div_23:freg1|q[12] ; freg_div_23:freg1|q[16] ; CLK          ; CLK         ; 1.000        ; -0.035     ; 0.896      ;
; 0.056  ; freg_div_23:freg1|q[4]  ; freg_div_23:freg1|q[8]  ; CLK          ; CLK         ; 1.000        ; -0.035     ; 0.896      ;
; 0.057  ; freg_div_23:freg1|q[2]  ; freg_div_23:freg1|q[6]  ; CLK          ; CLK         ; 1.000        ; -0.035     ; 0.895      ;
+--------+-------------------------+-------------------------+--------------+-------------+--------------+------------+------------+


+-----------------------------------------------------------------------------------------------------------------------------------------------------------------------------------------------------------------+
; Fast 1200mV 0C Model Setup: 'freg_div_23:freg1|q[18]'                                                                                                                                                           ;
+--------+-----------------------------------------------------+-----------------------------------------------------+-------------------------+-------------------------+--------------+------------+------------+
; Slack  ; From Node                                           ; To Node                                             ; Launch Clock            ; Latch Clock             ; Relationship ; Clock Skew ; Data Delay ;
+--------+-----------------------------------------------------+-----------------------------------------------------+-------------------------+-------------------------+--------------+------------+------------+
; -0.065 ; day_timer:timer2|unit:min_unit|dflipflop:dff2|q     ; day_timer:timer2|ten_digit:min_ten|dflipflop:dff2|q ; freg_div_23:freg1|q[18] ; freg_div_23:freg1|q[18] ; 1.000        ; -0.036     ; 1.016      ;
; -0.064 ; day_timer:timer2|unit:min_unit|dflipflop:dff2|q     ; day_timer:timer2|ten_digit:min_ten|dflipflop:dff1|q ; freg_div_23:freg1|q[18] ; freg_div_23:freg1|q[18] ; 1.000        ; -0.036     ; 1.015      ;
; -0.045 ; day_timer:timer2|unit:sec_unit|dflipflop:dff4|q     ; day_timer:timer2|ten_digit:min_ten|dflipflop:dff1|q ; freg_div_23:freg1|q[18] ; freg_div_23:freg1|q[18] ; 1.000        ; -0.036     ; 0.996      ;
; -0.045 ; day_timer:timer2|unit:sec_unit|dflipflop:dff4|q     ; day_timer:timer2|ten_digit:min_ten|dflipflop:dff2|q ; freg_div_23:freg1|q[18] ; freg_div_23:freg1|q[18] ; 1.000        ; -0.036     ; 0.996      ;
; -0.039 ; day_timer:timer2|unit:min_unit|dflipflop:dff2|q     ; day_timer:timer2|unit:min_unit|dflipflop:dff1|q     ; freg_div_23:freg1|q[18] ; freg_div_23:freg1|q[18] ; 1.000        ; -0.037     ; 0.989      ;
; -0.038 ; day_timer:timer2|unit:sec_unit|dflipflop:dff4|q     ; day_timer:timer2|unit:min_unit|dflipflop:dff4|q     ; freg_div_23:freg1|q[18] ; freg_div_23:freg1|q[18] ; 1.000        ; -0.036     ; 0.989      ;
; -0.037 ; day_timer:timer2|unit:min_unit|dflipflop:dff2|q     ; day_timer:timer2|unit:min_unit|dflipflop:dff3|q     ; freg_div_23:freg1|q[18] ; freg_div_23:freg1|q[18] ; 1.000        ; -0.037     ; 0.987      ;
; -0.033 ; day_timer:timer2|unit:min_unit|dflipflop:dff2|q     ; day_timer:timer2|unit:min_unit|dflipflop:dff2|q     ; freg_div_23:freg1|q[18] ; freg_div_23:freg1|q[18] ; 1.000        ; -0.037     ; 0.983      ;
; -0.033 ; day_timer:timer2|unit:min_unit|dflipflop:dff2|q     ; day_timer:timer2|ten_digit:min_ten|dflipflop:dff3|q ; freg_div_23:freg1|q[18] ; freg_div_23:freg1|q[18] ; 1.000        ; -0.037     ; 0.983      ;
; -0.032 ; day_timer:timer2|ten_digit:sec_ten|dflipflop:dff3|q ; day_timer:timer2|ten_digit:min_ten|dflipflop:dff1|q ; freg_div_23:freg1|q[18] ; freg_div_23:freg1|q[18] ; 1.000        ; -0.036     ; 0.983      ;
; -0.032 ; day_timer:timer2|ten_digit:sec_ten|dflipflop:dff3|q ; day_timer:timer2|ten_digit:min_ten|dflipflop:dff2|q ; freg_div_23:freg1|q[18] ; freg_div_23:freg1|q[18] ; 1.000        ; -0.036     ; 0.983      ;
; -0.029 ; day_timer:timer2|ten_digit:sec_ten|dflipflop:dff3|q ; day_timer:timer2|ten_digit:sec_ten|dflipflop:dff2|q ; freg_div_23:freg1|q[18] ; freg_div_23:freg1|q[18] ; 1.000        ; -0.036     ; 0.980      ;
; -0.028 ; day_timer:timer2|unit:min_unit|dflipflop:dff2|q     ; day_timer:timer2|ten_digit:sec_ten|dflipflop:dff1|q ; freg_div_23:freg1|q[18] ; freg_div_23:freg1|q[18] ; 1.000        ; -0.037     ; 0.978      ;
; -0.025 ; day_timer:timer2|ten_digit:sec_ten|dflipflop:dff3|q ; day_timer:timer2|unit:min_unit|dflipflop:dff4|q     ; freg_div_23:freg1|q[18] ; freg_div_23:freg1|q[18] ; 1.000        ; -0.036     ; 0.976      ;
; -0.021 ; day_timer:timer2|unit:sec_unit|dflipflop:dff4|q     ; day_timer:timer2|ten_digit:sec_ten|dflipflop:dff2|q ; freg_div_23:freg1|q[18] ; freg_div_23:freg1|q[18] ; 1.000        ; -0.036     ; 0.972      ;
; -0.013 ; day_timer:timer2|ten_digit:min_ten|dflipflop:dff2|q ; day_timer:timer2|ten_digit:min_ten|dflipflop:dff2|q ; freg_div_23:freg1|q[18] ; freg_div_23:freg1|q[18] ; 1.000        ; -0.036     ; 0.964      ;
; -0.012 ; day_timer:timer2|ten_digit:min_ten|dflipflop:dff2|q ; day_timer:timer2|ten_digit:min_ten|dflipflop:dff1|q ; freg_div_23:freg1|q[18] ; freg_div_23:freg1|q[18] ; 1.000        ; -0.036     ; 0.963      ;
; 0.013  ; day_timer:timer2|ten_digit:min_ten|dflipflop:dff2|q ; day_timer:timer2|unit:min_unit|dflipflop:dff1|q     ; freg_div_23:freg1|q[18] ; freg_div_23:freg1|q[18] ; 1.000        ; -0.037     ; 0.937      ;
; 0.015  ; day_timer:timer2|ten_digit:min_ten|dflipflop:dff2|q ; day_timer:timer2|unit:min_unit|dflipflop:dff3|q     ; freg_div_23:freg1|q[18] ; freg_div_23:freg1|q[18] ; 1.000        ; -0.037     ; 0.935      ;
; 0.019  ; day_timer:timer2|ten_digit:min_ten|dflipflop:dff2|q ; day_timer:timer2|unit:min_unit|dflipflop:dff2|q     ; freg_div_23:freg1|q[18] ; freg_div_23:freg1|q[18] ; 1.000        ; -0.037     ; 0.931      ;
; 0.019  ; day_timer:timer2|ten_digit:min_ten|dflipflop:dff2|q ; day_timer:timer2|ten_digit:min_ten|dflipflop:dff3|q ; freg_div_23:freg1|q[18] ; freg_div_23:freg1|q[18] ; 1.000        ; -0.037     ; 0.931      ;
; 0.024  ; day_timer:timer2|ten_digit:min_ten|dflipflop:dff2|q ; day_timer:timer2|ten_digit:sec_ten|dflipflop:dff1|q ; freg_div_23:freg1|q[18] ; freg_div_23:freg1|q[18] ; 1.000        ; -0.037     ; 0.926      ;
; 0.026  ; day_timer:timer2|unit:min_unit|dflipflop:dff2|q     ; day_timer:timer2|unit:sec_unit|dflipflop:dff3|q     ; freg_div_23:freg1|q[18] ; freg_div_23:freg1|q[18] ; 1.000        ; -0.037     ; 0.924      ;
; 0.026  ; day_timer:timer2|unit:min_unit|dflipflop:dff2|q     ; day_timer:timer2|unit:sec_unit|dflipflop:dff1|q     ; freg_div_23:freg1|q[18] ; freg_div_23:freg1|q[18] ; 1.000        ; -0.037     ; 0.924      ;
; 0.033  ; day_timer:timer2|ten_digit:sec_ten|dflipflop:dff1|q ; day_timer:timer2|ten_digit:min_ten|dflipflop:dff1|q ; freg_div_23:freg1|q[18] ; freg_div_23:freg1|q[18] ; 1.000        ; -0.036     ; 0.918      ;
; 0.033  ; day_timer:timer2|ten_digit:sec_ten|dflipflop:dff1|q ; day_timer:timer2|ten_digit:min_ten|dflipflop:dff2|q ; freg_div_23:freg1|q[18] ; freg_div_23:freg1|q[18] ; 1.000        ; -0.036     ; 0.918      ;
; 0.039  ; day_timer:timer2|unit:sec_unit|dflipflop:dff4|q     ; day_timer:timer2|unit:min_unit|dflipflop:dff2|q     ; freg_div_23:freg1|q[18] ; freg_div_23:freg1|q[18] ; 1.000        ; -0.037     ; 0.911      ;
; 0.040  ; day_timer:timer2|unit:sec_unit|dflipflop:dff4|q     ; day_timer:timer2|ten_digit:min_ten|dflipflop:dff3|q ; freg_div_23:freg1|q[18] ; freg_div_23:freg1|q[18] ; 1.000        ; -0.037     ; 0.910      ;
; 0.040  ; day_timer:timer2|ten_digit:sec_ten|dflipflop:dff1|q ; day_timer:timer2|unit:min_unit|dflipflop:dff4|q     ; freg_div_23:freg1|q[18] ; freg_div_23:freg1|q[18] ; 1.000        ; -0.036     ; 0.911      ;
; 0.043  ; day_timer:timer2|unit:sec_unit|dflipflop:dff4|q     ; day_timer:timer2|unit:min_unit|dflipflop:dff1|q     ; freg_div_23:freg1|q[18] ; freg_div_23:freg1|q[18] ; 1.000        ; -0.037     ; 0.907      ;
; 0.045  ; day_timer:timer2|unit:sec_unit|dflipflop:dff4|q     ; day_timer:timer2|unit:min_unit|dflipflop:dff3|q     ; freg_div_23:freg1|q[18] ; freg_div_23:freg1|q[18] ; 1.000        ; -0.037     ; 0.905      ;
; 0.049  ; day_timer:timer2|ten_digit:min_ten|dflipflop:dff3|q ; day_timer:timer2|ten_digit:min_ten|dflipflop:dff1|q ; freg_div_23:freg1|q[18] ; freg_div_23:freg1|q[18] ; 1.000        ; -0.036     ; 0.902      ;
; 0.049  ; day_timer:timer2|ten_digit:min_ten|dflipflop:dff3|q ; day_timer:timer2|ten_digit:min_ten|dflipflop:dff2|q ; freg_div_23:freg1|q[18] ; freg_div_23:freg1|q[18] ; 1.000        ; -0.036     ; 0.902      ;
; 0.052  ; day_timer:timer2|ten_digit:sec_ten|dflipflop:dff3|q ; day_timer:timer2|unit:min_unit|dflipflop:dff2|q     ; freg_div_23:freg1|q[18] ; freg_div_23:freg1|q[18] ; 1.000        ; -0.037     ; 0.898      ;
; 0.053  ; day_timer:timer2|ten_digit:sec_ten|dflipflop:dff3|q ; day_timer:timer2|ten_digit:min_ten|dflipflop:dff3|q ; freg_div_23:freg1|q[18] ; freg_div_23:freg1|q[18] ; 1.000        ; -0.037     ; 0.897      ;
; 0.056  ; day_timer:timer2|ten_digit:sec_ten|dflipflop:dff3|q ; day_timer:timer2|unit:min_unit|dflipflop:dff1|q     ; freg_div_23:freg1|q[18] ; freg_div_23:freg1|q[18] ; 1.000        ; -0.037     ; 0.894      ;
; 0.058  ; day_timer:timer2|ten_digit:sec_ten|dflipflop:dff3|q ; day_timer:timer2|unit:min_unit|dflipflop:dff3|q     ; freg_div_23:freg1|q[18] ; freg_div_23:freg1|q[18] ; 1.000        ; -0.037     ; 0.892      ;
; 0.081  ; day_timer:timer2|ten_digit:min_ten|dflipflop:dff2|q ; day_timer:timer2|unit:sec_unit|dflipflop:dff3|q     ; freg_div_23:freg1|q[18] ; freg_div_23:freg1|q[18] ; 1.000        ; -0.037     ; 0.869      ;
; 0.081  ; day_timer:timer2|ten_digit:min_ten|dflipflop:dff2|q ; day_timer:timer2|unit:sec_unit|dflipflop:dff1|q     ; freg_div_23:freg1|q[18] ; freg_div_23:freg1|q[18] ; 1.000        ; -0.037     ; 0.869      ;
; 0.097  ; day_timer:timer2|unit:sec_unit|dflipflop:dff4|q     ; day_timer:timer2|unit:sec_unit|dflipflop:dff3|q     ; freg_div_23:freg1|q[18] ; freg_div_23:freg1|q[18] ; 1.000        ; -0.037     ; 0.853      ;
; 0.097  ; day_timer:timer2|unit:sec_unit|dflipflop:dff4|q     ; day_timer:timer2|unit:sec_unit|dflipflop:dff1|q     ; freg_div_23:freg1|q[18] ; freg_div_23:freg1|q[18] ; 1.000        ; -0.037     ; 0.853      ;
; 0.098  ; day_timer:timer2|unit:min_unit|dflipflop:dff2|q     ; day_timer:timer2|ten_digit:sec_ten|dflipflop:dff2|q ; freg_div_23:freg1|q[18] ; freg_div_23:freg1|q[18] ; 1.000        ; -0.036     ; 0.853      ;
; 0.100  ; day_timer:timer2|unit:min_unit|dflipflop:dff2|q     ; day_timer:timer2|unit:sec_unit|dflipflop:dff2|q     ; freg_div_23:freg1|q[18] ; freg_div_23:freg1|q[18] ; 1.000        ; -0.036     ; 0.851      ;
; 0.100  ; day_timer:timer2|unit:sec_unit|dflipflop:dff1|q     ; day_timer:timer2|ten_digit:min_ten|dflipflop:dff1|q ; freg_div_23:freg1|q[18] ; freg_div_23:freg1|q[18] ; 1.000        ; -0.036     ; 0.851      ;
; 0.100  ; day_timer:timer2|unit:sec_unit|dflipflop:dff1|q     ; day_timer:timer2|ten_digit:min_ten|dflipflop:dff2|q ; freg_div_23:freg1|q[18] ; freg_div_23:freg1|q[18] ; 1.000        ; -0.036     ; 0.851      ;
; 0.101  ; day_timer:timer2|unit:min_unit|dflipflop:dff2|q     ; day_timer:timer2|unit:min_unit|dflipflop:dff4|q     ; freg_div_23:freg1|q[18] ; freg_div_23:freg1|q[18] ; 1.000        ; -0.036     ; 0.850      ;
; 0.107  ; day_timer:timer2|unit:sec_unit|dflipflop:dff1|q     ; day_timer:timer2|unit:min_unit|dflipflop:dff4|q     ; freg_div_23:freg1|q[18] ; freg_div_23:freg1|q[18] ; 1.000        ; -0.036     ; 0.844      ;
; 0.117  ; day_timer:timer2|ten_digit:sec_ten|dflipflop:dff1|q ; day_timer:timer2|unit:min_unit|dflipflop:dff2|q     ; freg_div_23:freg1|q[18] ; freg_div_23:freg1|q[18] ; 1.000        ; -0.037     ; 0.833      ;
; 0.118  ; day_timer:timer2|ten_digit:sec_ten|dflipflop:dff1|q ; day_timer:timer2|ten_digit:min_ten|dflipflop:dff3|q ; freg_div_23:freg1|q[18] ; freg_div_23:freg1|q[18] ; 1.000        ; -0.037     ; 0.832      ;
; 0.121  ; day_timer:timer2|ten_digit:sec_ten|dflipflop:dff1|q ; day_timer:timer2|unit:min_unit|dflipflop:dff1|q     ; freg_div_23:freg1|q[18] ; freg_div_23:freg1|q[18] ; 1.000        ; -0.037     ; 0.829      ;
; 0.123  ; day_timer:timer2|unit:sec_unit|dflipflop:dff1|q     ; day_timer:timer2|ten_digit:sec_ten|dflipflop:dff2|q ; freg_div_23:freg1|q[18] ; freg_div_23:freg1|q[18] ; 1.000        ; -0.036     ; 0.828      ;
; 0.123  ; day_timer:timer2|ten_digit:sec_ten|dflipflop:dff1|q ; day_timer:timer2|unit:min_unit|dflipflop:dff3|q     ; freg_div_23:freg1|q[18] ; freg_div_23:freg1|q[18] ; 1.000        ; -0.037     ; 0.827      ;
; 0.135  ; day_timer:timer2|unit:min_unit|dflipflop:dff2|q     ; day_timer:timer2|ten_digit:sec_ten|dflipflop:dff3|q ; freg_div_23:freg1|q[18] ; freg_div_23:freg1|q[18] ; 1.000        ; -0.037     ; 0.815      ;
; 0.149  ; day_timer:timer2|unit:min_unit|dflipflop:dff4|q     ; day_timer:timer2|unit:min_unit|dflipflop:dff2|q     ; freg_div_23:freg1|q[18] ; freg_div_23:freg1|q[18] ; 1.000        ; -0.037     ; 0.801      ;
; 0.150  ; day_timer:timer2|unit:min_unit|dflipflop:dff4|q     ; day_timer:timer2|ten_digit:min_ten|dflipflop:dff3|q ; freg_div_23:freg1|q[18] ; freg_div_23:freg1|q[18] ; 1.000        ; -0.037     ; 0.800      ;
; 0.150  ; day_timer:timer2|ten_digit:min_ten|dflipflop:dff2|q ; day_timer:timer2|ten_digit:sec_ten|dflipflop:dff2|q ; freg_div_23:freg1|q[18] ; freg_div_23:freg1|q[18] ; 1.000        ; -0.036     ; 0.801      ;
; 0.152  ; day_timer:timer2|ten_digit:min_ten|dflipflop:dff2|q ; day_timer:timer2|unit:sec_unit|dflipflop:dff2|q     ; freg_div_23:freg1|q[18] ; freg_div_23:freg1|q[18] ; 1.000        ; -0.036     ; 0.799      ;
; 0.153  ; day_timer:timer2|unit:min_unit|dflipflop:dff4|q     ; day_timer:timer2|unit:min_unit|dflipflop:dff1|q     ; freg_div_23:freg1|q[18] ; freg_div_23:freg1|q[18] ; 1.000        ; -0.037     ; 0.797      ;
; 0.153  ; day_timer:timer2|ten_digit:min_ten|dflipflop:dff2|q ; day_timer:timer2|unit:min_unit|dflipflop:dff4|q     ; freg_div_23:freg1|q[18] ; freg_div_23:freg1|q[18] ; 1.000        ; -0.036     ; 0.798      ;
; 0.155  ; day_timer:timer2|unit:min_unit|dflipflop:dff4|q     ; day_timer:timer2|unit:min_unit|dflipflop:dff3|q     ; freg_div_23:freg1|q[18] ; freg_div_23:freg1|q[18] ; 1.000        ; -0.037     ; 0.795      ;
; 0.179  ; day_timer:timer2|unit:min_unit|dflipflop:dff3|q     ; day_timer:timer2|unit:min_unit|dflipflop:dff1|q     ; freg_div_23:freg1|q[18] ; freg_div_23:freg1|q[18] ; 1.000        ; -0.037     ; 0.771      ;
; 0.184  ; day_timer:timer2|unit:sec_unit|dflipflop:dff1|q     ; day_timer:timer2|unit:min_unit|dflipflop:dff2|q     ; freg_div_23:freg1|q[18] ; freg_div_23:freg1|q[18] ; 1.000        ; -0.037     ; 0.766      ;
; 0.185  ; day_timer:timer2|unit:sec_unit|dflipflop:dff1|q     ; day_timer:timer2|ten_digit:min_ten|dflipflop:dff3|q ; freg_div_23:freg1|q[18] ; freg_div_23:freg1|q[18] ; 1.000        ; -0.037     ; 0.765      ;
; 0.186  ; day_timer:timer2|ten_digit:sec_ten|dflipflop:dff1|q ; day_timer:timer2|ten_digit:sec_ten|dflipflop:dff2|q ; freg_div_23:freg1|q[18] ; freg_div_23:freg1|q[18] ; 1.000        ; -0.036     ; 0.765      ;
; 0.187  ; day_timer:timer2|ten_digit:min_ten|dflipflop:dff2|q ; day_timer:timer2|ten_digit:sec_ten|dflipflop:dff3|q ; freg_div_23:freg1|q[18] ; freg_div_23:freg1|q[18] ; 1.000        ; -0.037     ; 0.763      ;
; 0.188  ; day_timer:timer2|unit:sec_unit|dflipflop:dff1|q     ; day_timer:timer2|unit:min_unit|dflipflop:dff1|q     ; freg_div_23:freg1|q[18] ; freg_div_23:freg1|q[18] ; 1.000        ; -0.037     ; 0.762      ;
; 0.190  ; day_timer:timer2|unit:sec_unit|dflipflop:dff1|q     ; day_timer:timer2|unit:min_unit|dflipflop:dff3|q     ; freg_div_23:freg1|q[18] ; freg_div_23:freg1|q[18] ; 1.000        ; -0.037     ; 0.760      ;
; 0.214  ; day_timer:timer2|unit:min_unit|dflipflop:dff1|q     ; day_timer:timer2|ten_digit:min_ten|dflipflop:dff1|q ; freg_div_23:freg1|q[18] ; freg_div_23:freg1|q[18] ; 1.000        ; -0.036     ; 0.737      ;
; 0.214  ; day_timer:timer2|unit:min_unit|dflipflop:dff1|q     ; day_timer:timer2|ten_digit:min_ten|dflipflop:dff2|q ; freg_div_23:freg1|q[18] ; freg_div_23:freg1|q[18] ; 1.000        ; -0.036     ; 0.737      ;
; 0.225  ; day_timer:timer2|ten_digit:sec_ten|dflipflop:dff3|q ; day_timer:timer2|ten_digit:sec_ten|dflipflop:dff1|q ; freg_div_23:freg1|q[18] ; freg_div_23:freg1|q[18] ; 1.000        ; -0.037     ; 0.725      ;
; 0.233  ; day_timer:timer2|unit:sec_unit|dflipflop:dff4|q     ; day_timer:timer2|ten_digit:sec_ten|dflipflop:dff1|q ; freg_div_23:freg1|q[18] ; freg_div_23:freg1|q[18] ; 1.000        ; -0.037     ; 0.717      ;
; 0.238  ; day_timer:timer2|unit:min_unit|dflipflop:dff2|q     ; day_timer:timer2|unit:sec_unit|dflipflop:dff4|q     ; freg_div_23:freg1|q[18] ; freg_div_23:freg1|q[18] ; 1.000        ; -0.037     ; 0.712      ;
; 0.252  ; day_timer:timer2|unit:min_unit|dflipflop:dff4|q     ; day_timer:timer2|ten_digit:min_ten|dflipflop:dff1|q ; freg_div_23:freg1|q[18] ; freg_div_23:freg1|q[18] ; 1.000        ; -0.036     ; 0.699      ;
; 0.252  ; day_timer:timer2|unit:min_unit|dflipflop:dff4|q     ; day_timer:timer2|ten_digit:min_ten|dflipflop:dff2|q ; freg_div_23:freg1|q[18] ; freg_div_23:freg1|q[18] ; 1.000        ; -0.036     ; 0.699      ;
; 0.292  ; day_timer:timer2|unit:sec_unit|dflipflop:dff4|q     ; day_timer:timer2|unit:sec_unit|dflipflop:dff2|q     ; freg_div_23:freg1|q[18] ; freg_div_23:freg1|q[18] ; 1.000        ; -0.036     ; 0.659      ;
; 0.293  ; day_timer:timer2|ten_digit:min_ten|dflipflop:dff2|q ; day_timer:timer2|unit:sec_unit|dflipflop:dff4|q     ; freg_div_23:freg1|q[18] ; freg_div_23:freg1|q[18] ; 1.000        ; -0.037     ; 0.657      ;
; 0.307  ; day_timer:timer2|unit:sec_unit|dflipflop:dff1|q     ; day_timer:timer2|ten_digit:sec_ten|dflipflop:dff3|q ; freg_div_23:freg1|q[18] ; freg_div_23:freg1|q[18] ; 1.000        ; -0.037     ; 0.643      ;
; 0.308  ; day_timer:timer2|unit:sec_unit|dflipflop:dff1|q     ; day_timer:timer2|unit:sec_unit|dflipflop:dff3|q     ; freg_div_23:freg1|q[18] ; freg_div_23:freg1|q[18] ; 1.000        ; -0.037     ; 0.642      ;
; 0.309  ; day_timer:timer2|unit:sec_unit|dflipflop:dff4|q     ; day_timer:timer2|unit:sec_unit|dflipflop:dff4|q     ; freg_div_23:freg1|q[18] ; freg_div_23:freg1|q[18] ; 1.000        ; -0.037     ; 0.641      ;
; 0.310  ; day_timer:timer2|unit:sec_unit|dflipflop:dff4|q     ; day_timer:timer2|ten_digit:sec_ten|dflipflop:dff3|q ; freg_div_23:freg1|q[18] ; freg_div_23:freg1|q[18] ; 1.000        ; -0.037     ; 0.640      ;
; 0.317  ; day_timer:timer2|unit:sec_unit|dflipflop:dff3|q     ; day_timer:timer2|unit:sec_unit|dflipflop:dff2|q     ; freg_div_23:freg1|q[18] ; freg_div_23:freg1|q[18] ; 1.000        ; -0.036     ; 0.634      ;
; 0.326  ; day_timer:timer2|unit:sec_unit|dflipflop:dff2|q     ; day_timer:timer2|unit:sec_unit|dflipflop:dff1|q     ; freg_div_23:freg1|q[18] ; freg_div_23:freg1|q[18] ; 1.000        ; -0.037     ; 0.624      ;
; 0.356  ; day_timer:timer2|unit:min_unit|dflipflop:dff3|q     ; day_timer:timer2|unit:min_unit|dflipflop:dff2|q     ; freg_div_23:freg1|q[18] ; freg_div_23:freg1|q[18] ; 1.000        ; -0.037     ; 0.594      ;
; 0.375  ; day_timer:timer2|ten_digit:min_ten|dflipflop:dff1|q ; day_timer:timer2|ten_digit:min_ten|dflipflop:dff2|q ; freg_div_23:freg1|q[18] ; freg_div_23:freg1|q[18] ; 1.000        ; -0.036     ; 0.576      ;
; 0.377  ; day_timer:timer2|unit:sec_unit|dflipflop:dff1|q     ; day_timer:timer2|ten_digit:sec_ten|dflipflop:dff1|q ; freg_div_23:freg1|q[18] ; freg_div_23:freg1|q[18] ; 1.000        ; -0.037     ; 0.573      ;
; 0.381  ; day_timer:timer2|ten_digit:sec_ten|dflipflop:dff2|q ; day_timer:timer2|ten_digit:sec_ten|dflipflop:dff1|q ; freg_div_23:freg1|q[18] ; freg_div_23:freg1|q[18] ; 1.000        ; -0.037     ; 0.569      ;
; 0.414  ; day_timer:timer2|unit:sec_unit|dflipflop:dff3|q     ; day_timer:timer2|unit:sec_unit|dflipflop:dff1|q     ; freg_div_23:freg1|q[18] ; freg_div_23:freg1|q[18] ; 1.000        ; -0.037     ; 0.536      ;
; 0.422  ; day_timer:timer2|unit:min_unit|dflipflop:dff1|q     ; day_timer:timer2|ten_digit:min_ten|dflipflop:dff3|q ; freg_div_23:freg1|q[18] ; freg_div_23:freg1|q[18] ; 1.000        ; -0.037     ; 0.528      ;
; 0.427  ; day_timer:timer2|unit:min_unit|dflipflop:dff1|q     ; day_timer:timer2|unit:min_unit|dflipflop:dff3|q     ; freg_div_23:freg1|q[18] ; freg_div_23:freg1|q[18] ; 1.000        ; -0.037     ; 0.523      ;
; 0.591  ; day_timer:timer2|ten_digit:min_ten|dflipflop:dff3|q ; day_timer:timer2|ten_digit:min_ten|dflipflop:dff3|q ; freg_div_23:freg1|q[18] ; freg_div_23:freg1|q[18] ; 1.000        ; -0.037     ; 0.359      ;
; 0.591  ; day_timer:timer2|unit:min_unit|dflipflop:dff3|q     ; day_timer:timer2|unit:min_unit|dflipflop:dff3|q     ; freg_div_23:freg1|q[18] ; freg_div_23:freg1|q[18] ; 1.000        ; -0.037     ; 0.359      ;
; 0.591  ; day_timer:timer2|unit:sec_unit|dflipflop:dff3|q     ; day_timer:timer2|unit:sec_unit|dflipflop:dff3|q     ; freg_div_23:freg1|q[18] ; freg_div_23:freg1|q[18] ; 1.000        ; -0.037     ; 0.359      ;
; 0.591  ; day_timer:timer2|ten_digit:sec_ten|dflipflop:dff3|q ; day_timer:timer2|ten_digit:sec_ten|dflipflop:dff3|q ; freg_div_23:freg1|q[18] ; freg_div_23:freg1|q[18] ; 1.000        ; -0.037     ; 0.359      ;
; 0.592  ; day_timer:timer2|unit:min_unit|dflipflop:dff4|q     ; day_timer:timer2|unit:min_unit|dflipflop:dff4|q     ; freg_div_23:freg1|q[18] ; freg_div_23:freg1|q[18] ; 1.000        ; -0.036     ; 0.359      ;
; 0.592  ; day_timer:timer2|ten_digit:sec_ten|dflipflop:dff2|q ; day_timer:timer2|ten_digit:sec_ten|dflipflop:dff2|q ; freg_div_23:freg1|q[18] ; freg_div_23:freg1|q[18] ; 1.000        ; -0.036     ; 0.359      ;
; 0.592  ; day_timer:timer2|unit:sec_unit|dflipflop:dff2|q     ; day_timer:timer2|unit:sec_unit|dflipflop:dff2|q     ; freg_div_23:freg1|q[18] ; freg_div_23:freg1|q[18] ; 1.000        ; -0.036     ; 0.359      ;
; 0.600  ; day_timer:timer2|unit:min_unit|dflipflop:dff1|q     ; day_timer:timer2|unit:min_unit|dflipflop:dff1|q     ; freg_div_23:freg1|q[18] ; freg_div_23:freg1|q[18] ; 1.000        ; -0.037     ; 0.350      ;
; 0.600  ; day_timer:timer2|ten_digit:sec_ten|dflipflop:dff1|q ; day_timer:timer2|ten_digit:sec_ten|dflipflop:dff1|q ; freg_div_23:freg1|q[18] ; freg_div_23:freg1|q[18] ; 1.000        ; -0.037     ; 0.350      ;
; 0.601  ; day_timer:timer2|ten_digit:min_ten|dflipflop:dff1|q ; day_timer:timer2|ten_digit:min_ten|dflipflop:dff1|q ; freg_div_23:freg1|q[18] ; freg_div_23:freg1|q[18] ; 1.000        ; -0.036     ; 0.350      ;
+--------+-----------------------------------------------------+-----------------------------------------------------+-------------------------+-------------------------+--------------+------------+------------+


+---------------------------------------------------------------------------------------------------------------------------------------------+
; Fast 1200mV 0C Model Hold: 'CLK'                                                                                                            ;
+--------+-------------------------+-------------------------+-------------------------+-------------+--------------+------------+------------+
; Slack  ; From Node               ; To Node                 ; Launch Clock            ; Latch Clock ; Relationship ; Clock Skew ; Data Delay ;
+--------+-------------------------+-------------------------+-------------------------+-------------+--------------+------------+------------+
; -0.132 ; freg_div_23:freg1|q[18] ; freg_div_23:freg1|q[18] ; freg_div_23:freg1|q[18] ; CLK         ; 0.000        ; 1.409      ; 1.496      ;
; 0.195  ; freg_div_23:freg1|q[0]  ; freg_div_23:freg1|q[0]  ; CLK                     ; CLK         ; 0.000        ; 0.035      ; 0.314      ;
; 0.294  ; freg_div_23:freg1|q[10] ; freg_div_23:freg1|q[10] ; CLK                     ; CLK         ; 0.000        ; 0.035      ; 0.413      ;
; 0.294  ; freg_div_23:freg1|q[9]  ; freg_div_23:freg1|q[9]  ; CLK                     ; CLK         ; 0.000        ; 0.035      ; 0.413      ;
; 0.294  ; freg_div_23:freg1|q[7]  ; freg_div_23:freg1|q[7]  ; CLK                     ; CLK         ; 0.000        ; 0.035      ; 0.413      ;
; 0.295  ; freg_div_23:freg1|q[16] ; freg_div_23:freg1|q[16] ; CLK                     ; CLK         ; 0.000        ; 0.035      ; 0.414      ;
; 0.295  ; freg_div_23:freg1|q[13] ; freg_div_23:freg1|q[13] ; CLK                     ; CLK         ; 0.000        ; 0.035      ; 0.414      ;
; 0.295  ; freg_div_23:freg1|q[12] ; freg_div_23:freg1|q[12] ; CLK                     ; CLK         ; 0.000        ; 0.035      ; 0.414      ;
; 0.295  ; freg_div_23:freg1|q[8]  ; freg_div_23:freg1|q[8]  ; CLK                     ; CLK         ; 0.000        ; 0.035      ; 0.414      ;
; 0.295  ; freg_div_23:freg1|q[6]  ; freg_div_23:freg1|q[6]  ; CLK                     ; CLK         ; 0.000        ; 0.035      ; 0.414      ;
; 0.295  ; freg_div_23:freg1|q[5]  ; freg_div_23:freg1|q[5]  ; CLK                     ; CLK         ; 0.000        ; 0.035      ; 0.414      ;
; 0.295  ; freg_div_23:freg1|q[2]  ; freg_div_23:freg1|q[2]  ; CLK                     ; CLK         ; 0.000        ; 0.035      ; 0.414      ;
; 0.296  ; freg_div_23:freg1|q[15] ; freg_div_23:freg1|q[15] ; CLK                     ; CLK         ; 0.000        ; 0.035      ; 0.415      ;
; 0.296  ; freg_div_23:freg1|q[14] ; freg_div_23:freg1|q[14] ; CLK                     ; CLK         ; 0.000        ; 0.035      ; 0.415      ;
; 0.296  ; freg_div_23:freg1|q[11] ; freg_div_23:freg1|q[11] ; CLK                     ; CLK         ; 0.000        ; 0.035      ; 0.415      ;
; 0.296  ; freg_div_23:freg1|q[4]  ; freg_div_23:freg1|q[4]  ; CLK                     ; CLK         ; 0.000        ; 0.035      ; 0.415      ;
; 0.296  ; freg_div_23:freg1|q[3]  ; freg_div_23:freg1|q[3]  ; CLK                     ; CLK         ; 0.000        ; 0.035      ; 0.415      ;
; 0.297  ; freg_div_23:freg1|q[17] ; freg_div_23:freg1|q[17] ; CLK                     ; CLK         ; 0.000        ; 0.035      ; 0.416      ;
; 0.301  ; freg_div_23:freg1|q[0]  ; freg_div_23:freg1|q[1]  ; CLK                     ; CLK         ; 0.000        ; 0.035      ; 0.420      ;
; 0.301  ; freg_div_23:freg1|q[1]  ; freg_div_23:freg1|q[1]  ; CLK                     ; CLK         ; 0.000        ; 0.035      ; 0.420      ;
; 0.443  ; freg_div_23:freg1|q[10] ; freg_div_23:freg1|q[11] ; CLK                     ; CLK         ; 0.000        ; 0.035      ; 0.562      ;
; 0.444  ; freg_div_23:freg1|q[8]  ; freg_div_23:freg1|q[9]  ; CLK                     ; CLK         ; 0.000        ; 0.035      ; 0.563      ;
; 0.444  ; freg_div_23:freg1|q[6]  ; freg_div_23:freg1|q[7]  ; CLK                     ; CLK         ; 0.000        ; 0.035      ; 0.563      ;
; 0.444  ; freg_div_23:freg1|q[12] ; freg_div_23:freg1|q[13] ; CLK                     ; CLK         ; 0.000        ; 0.035      ; 0.563      ;
; 0.444  ; freg_div_23:freg1|q[2]  ; freg_div_23:freg1|q[3]  ; CLK                     ; CLK         ; 0.000        ; 0.035      ; 0.563      ;
; 0.444  ; freg_div_23:freg1|q[16] ; freg_div_23:freg1|q[17] ; CLK                     ; CLK         ; 0.000        ; 0.035      ; 0.563      ;
; 0.445  ; freg_div_23:freg1|q[4]  ; freg_div_23:freg1|q[5]  ; CLK                     ; CLK         ; 0.000        ; 0.035      ; 0.564      ;
; 0.445  ; freg_div_23:freg1|q[14] ; freg_div_23:freg1|q[15] ; CLK                     ; CLK         ; 0.000        ; 0.035      ; 0.564      ;
; 0.452  ; freg_div_23:freg1|q[9]  ; freg_div_23:freg1|q[10] ; CLK                     ; CLK         ; 0.000        ; 0.035      ; 0.571      ;
; 0.452  ; freg_div_23:freg1|q[7]  ; freg_div_23:freg1|q[8]  ; CLK                     ; CLK         ; 0.000        ; 0.035      ; 0.571      ;
; 0.453  ; freg_div_23:freg1|q[5]  ; freg_div_23:freg1|q[6]  ; CLK                     ; CLK         ; 0.000        ; 0.035      ; 0.572      ;
; 0.453  ; freg_div_23:freg1|q[0]  ; freg_div_23:freg1|q[2]  ; CLK                     ; CLK         ; 0.000        ; 0.035      ; 0.572      ;
; 0.453  ; freg_div_23:freg1|q[13] ; freg_div_23:freg1|q[14] ; CLK                     ; CLK         ; 0.000        ; 0.035      ; 0.572      ;
; 0.454  ; freg_div_23:freg1|q[15] ; freg_div_23:freg1|q[16] ; CLK                     ; CLK         ; 0.000        ; 0.035      ; 0.573      ;
; 0.454  ; freg_div_23:freg1|q[11] ; freg_div_23:freg1|q[12] ; CLK                     ; CLK         ; 0.000        ; 0.035      ; 0.573      ;
; 0.454  ; freg_div_23:freg1|q[3]  ; freg_div_23:freg1|q[4]  ; CLK                     ; CLK         ; 0.000        ; 0.035      ; 0.573      ;
; 0.454  ; freg_div_23:freg1|q[1]  ; freg_div_23:freg1|q[2]  ; CLK                     ; CLK         ; 0.000        ; 0.035      ; 0.573      ;
; 0.455  ; freg_div_23:freg1|q[17] ; freg_div_23:freg1|q[18] ; CLK                     ; CLK         ; 0.000        ; 0.035      ; 0.574      ;
; 0.455  ; freg_div_23:freg1|q[9]  ; freg_div_23:freg1|q[11] ; CLK                     ; CLK         ; 0.000        ; 0.035      ; 0.574      ;
; 0.455  ; freg_div_23:freg1|q[7]  ; freg_div_23:freg1|q[9]  ; CLK                     ; CLK         ; 0.000        ; 0.035      ; 0.574      ;
; 0.456  ; freg_div_23:freg1|q[5]  ; freg_div_23:freg1|q[7]  ; CLK                     ; CLK         ; 0.000        ; 0.035      ; 0.575      ;
; 0.456  ; freg_div_23:freg1|q[0]  ; freg_div_23:freg1|q[3]  ; CLK                     ; CLK         ; 0.000        ; 0.035      ; 0.575      ;
; 0.456  ; freg_div_23:freg1|q[13] ; freg_div_23:freg1|q[15] ; CLK                     ; CLK         ; 0.000        ; 0.035      ; 0.575      ;
; 0.457  ; freg_div_23:freg1|q[11] ; freg_div_23:freg1|q[13] ; CLK                     ; CLK         ; 0.000        ; 0.035      ; 0.576      ;
; 0.457  ; freg_div_23:freg1|q[15] ; freg_div_23:freg1|q[17] ; CLK                     ; CLK         ; 0.000        ; 0.035      ; 0.576      ;
; 0.457  ; freg_div_23:freg1|q[3]  ; freg_div_23:freg1|q[5]  ; CLK                     ; CLK         ; 0.000        ; 0.035      ; 0.576      ;
; 0.457  ; freg_div_23:freg1|q[1]  ; freg_div_23:freg1|q[3]  ; CLK                     ; CLK         ; 0.000        ; 0.035      ; 0.576      ;
; 0.506  ; freg_div_23:freg1|q[10] ; freg_div_23:freg1|q[12] ; CLK                     ; CLK         ; 0.000        ; 0.035      ; 0.625      ;
; 0.507  ; freg_div_23:freg1|q[8]  ; freg_div_23:freg1|q[10] ; CLK                     ; CLK         ; 0.000        ; 0.035      ; 0.626      ;
; 0.507  ; freg_div_23:freg1|q[6]  ; freg_div_23:freg1|q[8]  ; CLK                     ; CLK         ; 0.000        ; 0.035      ; 0.626      ;
; 0.507  ; freg_div_23:freg1|q[12] ; freg_div_23:freg1|q[14] ; CLK                     ; CLK         ; 0.000        ; 0.035      ; 0.626      ;
; 0.507  ; freg_div_23:freg1|q[2]  ; freg_div_23:freg1|q[4]  ; CLK                     ; CLK         ; 0.000        ; 0.035      ; 0.626      ;
; 0.507  ; freg_div_23:freg1|q[16] ; freg_div_23:freg1|q[18] ; CLK                     ; CLK         ; 0.000        ; 0.035      ; 0.626      ;
; 0.508  ; freg_div_23:freg1|q[4]  ; freg_div_23:freg1|q[6]  ; CLK                     ; CLK         ; 0.000        ; 0.035      ; 0.627      ;
; 0.508  ; freg_div_23:freg1|q[14] ; freg_div_23:freg1|q[16] ; CLK                     ; CLK         ; 0.000        ; 0.035      ; 0.627      ;
; 0.509  ; freg_div_23:freg1|q[10] ; freg_div_23:freg1|q[13] ; CLK                     ; CLK         ; 0.000        ; 0.035      ; 0.628      ;
; 0.510  ; freg_div_23:freg1|q[8]  ; freg_div_23:freg1|q[11] ; CLK                     ; CLK         ; 0.000        ; 0.035      ; 0.629      ;
; 0.510  ; freg_div_23:freg1|q[6]  ; freg_div_23:freg1|q[9]  ; CLK                     ; CLK         ; 0.000        ; 0.035      ; 0.629      ;
; 0.510  ; freg_div_23:freg1|q[12] ; freg_div_23:freg1|q[15] ; CLK                     ; CLK         ; 0.000        ; 0.035      ; 0.629      ;
; 0.510  ; freg_div_23:freg1|q[2]  ; freg_div_23:freg1|q[5]  ; CLK                     ; CLK         ; 0.000        ; 0.035      ; 0.629      ;
; 0.511  ; freg_div_23:freg1|q[4]  ; freg_div_23:freg1|q[7]  ; CLK                     ; CLK         ; 0.000        ; 0.035      ; 0.630      ;
; 0.511  ; freg_div_23:freg1|q[14] ; freg_div_23:freg1|q[17] ; CLK                     ; CLK         ; 0.000        ; 0.035      ; 0.630      ;
; 0.518  ; freg_div_23:freg1|q[9]  ; freg_div_23:freg1|q[12] ; CLK                     ; CLK         ; 0.000        ; 0.035      ; 0.637      ;
; 0.518  ; freg_div_23:freg1|q[7]  ; freg_div_23:freg1|q[10] ; CLK                     ; CLK         ; 0.000        ; 0.035      ; 0.637      ;
; 0.519  ; freg_div_23:freg1|q[5]  ; freg_div_23:freg1|q[8]  ; CLK                     ; CLK         ; 0.000        ; 0.035      ; 0.638      ;
; 0.519  ; freg_div_23:freg1|q[0]  ; freg_div_23:freg1|q[4]  ; CLK                     ; CLK         ; 0.000        ; 0.035      ; 0.638      ;
; 0.519  ; freg_div_23:freg1|q[13] ; freg_div_23:freg1|q[16] ; CLK                     ; CLK         ; 0.000        ; 0.035      ; 0.638      ;
; 0.520  ; freg_div_23:freg1|q[11] ; freg_div_23:freg1|q[14] ; CLK                     ; CLK         ; 0.000        ; 0.035      ; 0.639      ;
; 0.520  ; freg_div_23:freg1|q[15] ; freg_div_23:freg1|q[18] ; CLK                     ; CLK         ; 0.000        ; 0.035      ; 0.639      ;
; 0.520  ; freg_div_23:freg1|q[3]  ; freg_div_23:freg1|q[6]  ; CLK                     ; CLK         ; 0.000        ; 0.035      ; 0.639      ;
; 0.520  ; freg_div_23:freg1|q[1]  ; freg_div_23:freg1|q[4]  ; CLK                     ; CLK         ; 0.000        ; 0.035      ; 0.639      ;
; 0.521  ; freg_div_23:freg1|q[9]  ; freg_div_23:freg1|q[13] ; CLK                     ; CLK         ; 0.000        ; 0.035      ; 0.640      ;
; 0.521  ; freg_div_23:freg1|q[7]  ; freg_div_23:freg1|q[11] ; CLK                     ; CLK         ; 0.000        ; 0.035      ; 0.640      ;
; 0.522  ; freg_div_23:freg1|q[5]  ; freg_div_23:freg1|q[9]  ; CLK                     ; CLK         ; 0.000        ; 0.035      ; 0.641      ;
; 0.522  ; freg_div_23:freg1|q[0]  ; freg_div_23:freg1|q[5]  ; CLK                     ; CLK         ; 0.000        ; 0.035      ; 0.641      ;
; 0.522  ; freg_div_23:freg1|q[13] ; freg_div_23:freg1|q[17] ; CLK                     ; CLK         ; 0.000        ; 0.035      ; 0.641      ;
; 0.523  ; freg_div_23:freg1|q[11] ; freg_div_23:freg1|q[15] ; CLK                     ; CLK         ; 0.000        ; 0.035      ; 0.642      ;
; 0.523  ; freg_div_23:freg1|q[3]  ; freg_div_23:freg1|q[7]  ; CLK                     ; CLK         ; 0.000        ; 0.035      ; 0.642      ;
; 0.523  ; freg_div_23:freg1|q[1]  ; freg_div_23:freg1|q[5]  ; CLK                     ; CLK         ; 0.000        ; 0.035      ; 0.642      ;
; 0.535  ; freg_div_23:freg1|q[18] ; freg_div_23:freg1|q[18] ; freg_div_23:freg1|q[18] ; CLK         ; -0.500       ; 1.409      ; 1.663      ;
; 0.572  ; freg_div_23:freg1|q[10] ; freg_div_23:freg1|q[14] ; CLK                     ; CLK         ; 0.000        ; 0.035      ; 0.691      ;
; 0.573  ; freg_div_23:freg1|q[8]  ; freg_div_23:freg1|q[12] ; CLK                     ; CLK         ; 0.000        ; 0.035      ; 0.692      ;
; 0.573  ; freg_div_23:freg1|q[6]  ; freg_div_23:freg1|q[10] ; CLK                     ; CLK         ; 0.000        ; 0.035      ; 0.692      ;
; 0.573  ; freg_div_23:freg1|q[12] ; freg_div_23:freg1|q[16] ; CLK                     ; CLK         ; 0.000        ; 0.035      ; 0.692      ;
; 0.573  ; freg_div_23:freg1|q[2]  ; freg_div_23:freg1|q[6]  ; CLK                     ; CLK         ; 0.000        ; 0.035      ; 0.692      ;
; 0.574  ; freg_div_23:freg1|q[4]  ; freg_div_23:freg1|q[8]  ; CLK                     ; CLK         ; 0.000        ; 0.035      ; 0.693      ;
; 0.574  ; freg_div_23:freg1|q[14] ; freg_div_23:freg1|q[18] ; CLK                     ; CLK         ; 0.000        ; 0.035      ; 0.693      ;
; 0.575  ; freg_div_23:freg1|q[10] ; freg_div_23:freg1|q[15] ; CLK                     ; CLK         ; 0.000        ; 0.035      ; 0.694      ;
; 0.576  ; freg_div_23:freg1|q[8]  ; freg_div_23:freg1|q[13] ; CLK                     ; CLK         ; 0.000        ; 0.035      ; 0.695      ;
; 0.576  ; freg_div_23:freg1|q[6]  ; freg_div_23:freg1|q[11] ; CLK                     ; CLK         ; 0.000        ; 0.035      ; 0.695      ;
; 0.576  ; freg_div_23:freg1|q[12] ; freg_div_23:freg1|q[17] ; CLK                     ; CLK         ; 0.000        ; 0.035      ; 0.695      ;
; 0.576  ; freg_div_23:freg1|q[2]  ; freg_div_23:freg1|q[7]  ; CLK                     ; CLK         ; 0.000        ; 0.035      ; 0.695      ;
; 0.577  ; freg_div_23:freg1|q[4]  ; freg_div_23:freg1|q[9]  ; CLK                     ; CLK         ; 0.000        ; 0.035      ; 0.696      ;
; 0.584  ; freg_div_23:freg1|q[9]  ; freg_div_23:freg1|q[14] ; CLK                     ; CLK         ; 0.000        ; 0.035      ; 0.703      ;
; 0.584  ; freg_div_23:freg1|q[7]  ; freg_div_23:freg1|q[12] ; CLK                     ; CLK         ; 0.000        ; 0.035      ; 0.703      ;
; 0.585  ; freg_div_23:freg1|q[5]  ; freg_div_23:freg1|q[10] ; CLK                     ; CLK         ; 0.000        ; 0.035      ; 0.704      ;
; 0.585  ; freg_div_23:freg1|q[0]  ; freg_div_23:freg1|q[6]  ; CLK                     ; CLK         ; 0.000        ; 0.035      ; 0.704      ;
; 0.585  ; freg_div_23:freg1|q[13] ; freg_div_23:freg1|q[18] ; CLK                     ; CLK         ; 0.000        ; 0.035      ; 0.704      ;
; 0.586  ; freg_div_23:freg1|q[11] ; freg_div_23:freg1|q[16] ; CLK                     ; CLK         ; 0.000        ; 0.035      ; 0.705      ;
; 0.586  ; freg_div_23:freg1|q[3]  ; freg_div_23:freg1|q[8]  ; CLK                     ; CLK         ; 0.000        ; 0.035      ; 0.705      ;
+--------+-------------------------+-------------------------+-------------------------+-------------+--------------+------------+------------+


+----------------------------------------------------------------------------------------------------------------------------------------------------------------------------------------------------------------+
; Fast 1200mV 0C Model Hold: 'freg_div_23:freg1|q[18]'                                                                                                                                                           ;
+-------+-----------------------------------------------------+-----------------------------------------------------+-------------------------+-------------------------+--------------+------------+------------+
; Slack ; From Node                                           ; To Node                                             ; Launch Clock            ; Latch Clock             ; Relationship ; Clock Skew ; Data Delay ;
+-------+-----------------------------------------------------+-----------------------------------------------------+-------------------------+-------------------------+--------------+------------+------------+
; 0.186 ; day_timer:timer2|unit:min_unit|dflipflop:dff2|q     ; day_timer:timer2|unit:min_unit|dflipflop:dff2|q     ; freg_div_23:freg1|q[18] ; freg_div_23:freg1|q[18] ; 0.000        ; 0.037      ; 0.307      ;
; 0.186 ; day_timer:timer2|unit:min_unit|dflipflop:dff3|q     ; day_timer:timer2|unit:min_unit|dflipflop:dff3|q     ; freg_div_23:freg1|q[18] ; freg_div_23:freg1|q[18] ; 0.000        ; 0.037      ; 0.307      ;
; 0.186 ; day_timer:timer2|unit:min_unit|dflipflop:dff1|q     ; day_timer:timer2|unit:min_unit|dflipflop:dff1|q     ; freg_div_23:freg1|q[18] ; freg_div_23:freg1|q[18] ; 0.000        ; 0.037      ; 0.307      ;
; 0.186 ; day_timer:timer2|ten_digit:sec_ten|dflipflop:dff3|q ; day_timer:timer2|ten_digit:sec_ten|dflipflop:dff3|q ; freg_div_23:freg1|q[18] ; freg_div_23:freg1|q[18] ; 0.000        ; 0.037      ; 0.307      ;
; 0.186 ; day_timer:timer2|ten_digit:sec_ten|dflipflop:dff1|q ; day_timer:timer2|ten_digit:sec_ten|dflipflop:dff1|q ; freg_div_23:freg1|q[18] ; freg_div_23:freg1|q[18] ; 0.000        ; 0.037      ; 0.307      ;
; 0.186 ; day_timer:timer2|ten_digit:min_ten|dflipflop:dff3|q ; day_timer:timer2|ten_digit:min_ten|dflipflop:dff3|q ; freg_div_23:freg1|q[18] ; freg_div_23:freg1|q[18] ; 0.000        ; 0.037      ; 0.307      ;
; 0.187 ; day_timer:timer2|unit:sec_unit|dflipflop:dff2|q     ; day_timer:timer2|unit:sec_unit|dflipflop:dff2|q     ; freg_div_23:freg1|q[18] ; freg_div_23:freg1|q[18] ; 0.000        ; 0.036      ; 0.307      ;
; 0.187 ; day_timer:timer2|ten_digit:min_ten|dflipflop:dff1|q ; day_timer:timer2|ten_digit:min_ten|dflipflop:dff1|q ; freg_div_23:freg1|q[18] ; freg_div_23:freg1|q[18] ; 0.000        ; 0.036      ; 0.307      ;
; 0.187 ; day_timer:timer2|ten_digit:min_ten|dflipflop:dff2|q ; day_timer:timer2|ten_digit:min_ten|dflipflop:dff2|q ; freg_div_23:freg1|q[18] ; freg_div_23:freg1|q[18] ; 0.000        ; 0.036      ; 0.307      ;
; 0.187 ; day_timer:timer2|unit:min_unit|dflipflop:dff4|q     ; day_timer:timer2|unit:min_unit|dflipflop:dff4|q     ; freg_div_23:freg1|q[18] ; freg_div_23:freg1|q[18] ; 0.000        ; 0.036      ; 0.307      ;
; 0.187 ; day_timer:timer2|ten_digit:sec_ten|dflipflop:dff2|q ; day_timer:timer2|ten_digit:sec_ten|dflipflop:dff2|q ; freg_div_23:freg1|q[18] ; freg_div_23:freg1|q[18] ; 0.000        ; 0.036      ; 0.307      ;
; 0.193 ; day_timer:timer2|unit:sec_unit|dflipflop:dff3|q     ; day_timer:timer2|unit:sec_unit|dflipflop:dff3|q     ; freg_div_23:freg1|q[18] ; freg_div_23:freg1|q[18] ; 0.000        ; 0.037      ; 0.314      ;
; 0.311 ; day_timer:timer2|ten_digit:min_ten|dflipflop:dff2|q ; day_timer:timer2|ten_digit:min_ten|dflipflop:dff1|q ; freg_div_23:freg1|q[18] ; freg_div_23:freg1|q[18] ; 0.000        ; 0.036      ; 0.431      ;
; 0.325 ; day_timer:timer2|unit:min_unit|dflipflop:dff1|q     ; day_timer:timer2|ten_digit:min_ten|dflipflop:dff3|q ; freg_div_23:freg1|q[18] ; freg_div_23:freg1|q[18] ; 0.000        ; 0.037      ; 0.446      ;
; 0.327 ; day_timer:timer2|unit:min_unit|dflipflop:dff1|q     ; day_timer:timer2|unit:min_unit|dflipflop:dff3|q     ; freg_div_23:freg1|q[18] ; freg_div_23:freg1|q[18] ; 0.000        ; 0.037      ; 0.448      ;
; 0.329 ; day_timer:timer2|unit:sec_unit|dflipflop:dff3|q     ; day_timer:timer2|unit:sec_unit|dflipflop:dff1|q     ; freg_div_23:freg1|q[18] ; freg_div_23:freg1|q[18] ; 0.000        ; 0.037      ; 0.450      ;
; 0.367 ; day_timer:timer2|ten_digit:sec_ten|dflipflop:dff2|q ; day_timer:timer2|ten_digit:sec_ten|dflipflop:dff1|q ; freg_div_23:freg1|q[18] ; freg_div_23:freg1|q[18] ; 0.000        ; 0.036      ; 0.487      ;
; 0.373 ; day_timer:timer2|unit:sec_unit|dflipflop:dff1|q     ; day_timer:timer2|ten_digit:sec_ten|dflipflop:dff1|q ; freg_div_23:freg1|q[18] ; freg_div_23:freg1|q[18] ; 0.000        ; 0.037      ; 0.494      ;
; 0.384 ; day_timer:timer2|ten_digit:min_ten|dflipflop:dff1|q ; day_timer:timer2|ten_digit:min_ten|dflipflop:dff2|q ; freg_div_23:freg1|q[18] ; freg_div_23:freg1|q[18] ; 0.000        ; 0.036      ; 0.504      ;
; 0.391 ; day_timer:timer2|unit:min_unit|dflipflop:dff3|q     ; day_timer:timer2|unit:min_unit|dflipflop:dff2|q     ; freg_div_23:freg1|q[18] ; freg_div_23:freg1|q[18] ; 0.000        ; 0.037      ; 0.512      ;
; 0.397 ; day_timer:timer2|unit:sec_unit|dflipflop:dff3|q     ; day_timer:timer2|unit:sec_unit|dflipflop:dff2|q     ; freg_div_23:freg1|q[18] ; freg_div_23:freg1|q[18] ; 0.000        ; 0.037      ; 0.518      ;
; 0.401 ; day_timer:timer2|unit:sec_unit|dflipflop:dff2|q     ; day_timer:timer2|unit:sec_unit|dflipflop:dff1|q     ; freg_div_23:freg1|q[18] ; freg_div_23:freg1|q[18] ; 0.000        ; 0.036      ; 0.521      ;
; 0.407 ; day_timer:timer2|unit:sec_unit|dflipflop:dff4|q     ; day_timer:timer2|ten_digit:sec_ten|dflipflop:dff3|q ; freg_div_23:freg1|q[18] ; freg_div_23:freg1|q[18] ; 0.000        ; 0.037      ; 0.528      ;
; 0.412 ; day_timer:timer2|unit:sec_unit|dflipflop:dff1|q     ; day_timer:timer2|ten_digit:sec_ten|dflipflop:dff3|q ; freg_div_23:freg1|q[18] ; freg_div_23:freg1|q[18] ; 0.000        ; 0.037      ; 0.533      ;
; 0.426 ; day_timer:timer2|unit:sec_unit|dflipflop:dff4|q     ; day_timer:timer2|unit:sec_unit|dflipflop:dff2|q     ; freg_div_23:freg1|q[18] ; freg_div_23:freg1|q[18] ; 0.000        ; 0.037      ; 0.547      ;
; 0.426 ; day_timer:timer2|unit:sec_unit|dflipflop:dff1|q     ; day_timer:timer2|unit:sec_unit|dflipflop:dff3|q     ; freg_div_23:freg1|q[18] ; freg_div_23:freg1|q[18] ; 0.000        ; 0.037      ; 0.547      ;
; 0.431 ; day_timer:timer2|unit:sec_unit|dflipflop:dff4|q     ; day_timer:timer2|unit:sec_unit|dflipflop:dff4|q     ; freg_div_23:freg1|q[18] ; freg_div_23:freg1|q[18] ; 0.000        ; 0.037      ; 0.552      ;
; 0.449 ; day_timer:timer2|ten_digit:min_ten|dflipflop:dff2|q ; day_timer:timer2|unit:sec_unit|dflipflop:dff4|q     ; freg_div_23:freg1|q[18] ; freg_div_23:freg1|q[18] ; 0.000        ; 0.036      ; 0.569      ;
; 0.462 ; day_timer:timer2|unit:min_unit|dflipflop:dff4|q     ; day_timer:timer2|ten_digit:min_ten|dflipflop:dff1|q ; freg_div_23:freg1|q[18] ; freg_div_23:freg1|q[18] ; 0.000        ; 0.036      ; 0.582      ;
; 0.462 ; day_timer:timer2|unit:min_unit|dflipflop:dff4|q     ; day_timer:timer2|ten_digit:min_ten|dflipflop:dff2|q ; freg_div_23:freg1|q[18] ; freg_div_23:freg1|q[18] ; 0.000        ; 0.036      ; 0.582      ;
; 0.478 ; day_timer:timer2|unit:min_unit|dflipflop:dff2|q     ; day_timer:timer2|unit:sec_unit|dflipflop:dff4|q     ; freg_div_23:freg1|q[18] ; freg_div_23:freg1|q[18] ; 0.000        ; 0.037      ; 0.599      ;
; 0.479 ; day_timer:timer2|unit:min_unit|dflipflop:dff2|q     ; day_timer:timer2|unit:min_unit|dflipflop:dff1|q     ; freg_div_23:freg1|q[18] ; freg_div_23:freg1|q[18] ; 0.000        ; 0.037      ; 0.600      ;
; 0.483 ; day_timer:timer2|unit:sec_unit|dflipflop:dff4|q     ; day_timer:timer2|ten_digit:sec_ten|dflipflop:dff1|q ; freg_div_23:freg1|q[18] ; freg_div_23:freg1|q[18] ; 0.000        ; 0.037      ; 0.604      ;
; 0.500 ; day_timer:timer2|ten_digit:sec_ten|dflipflop:dff3|q ; day_timer:timer2|ten_digit:sec_ten|dflipflop:dff1|q ; freg_div_23:freg1|q[18] ; freg_div_23:freg1|q[18] ; 0.000        ; 0.037      ; 0.621      ;
; 0.504 ; day_timer:timer2|unit:min_unit|dflipflop:dff1|q     ; day_timer:timer2|ten_digit:min_ten|dflipflop:dff1|q ; freg_div_23:freg1|q[18] ; freg_div_23:freg1|q[18] ; 0.000        ; 0.037      ; 0.625      ;
; 0.504 ; day_timer:timer2|unit:min_unit|dflipflop:dff1|q     ; day_timer:timer2|ten_digit:min_ten|dflipflop:dff2|q ; freg_div_23:freg1|q[18] ; freg_div_23:freg1|q[18] ; 0.000        ; 0.037      ; 0.625      ;
; 0.535 ; day_timer:timer2|unit:sec_unit|dflipflop:dff1|q     ; day_timer:timer2|unit:min_unit|dflipflop:dff3|q     ; freg_div_23:freg1|q[18] ; freg_div_23:freg1|q[18] ; 0.000        ; 0.037      ; 0.656      ;
; 0.536 ; day_timer:timer2|unit:sec_unit|dflipflop:dff1|q     ; day_timer:timer2|unit:min_unit|dflipflop:dff1|q     ; freg_div_23:freg1|q[18] ; freg_div_23:freg1|q[18] ; 0.000        ; 0.037      ; 0.657      ;
; 0.538 ; day_timer:timer2|ten_digit:min_ten|dflipflop:dff2|q ; day_timer:timer2|unit:sec_unit|dflipflop:dff1|q     ; freg_div_23:freg1|q[18] ; freg_div_23:freg1|q[18] ; 0.000        ; 0.036      ; 0.658      ;
; 0.539 ; day_timer:timer2|unit:sec_unit|dflipflop:dff1|q     ; day_timer:timer2|unit:min_unit|dflipflop:dff2|q     ; freg_div_23:freg1|q[18] ; freg_div_23:freg1|q[18] ; 0.000        ; 0.037      ; 0.660      ;
; 0.539 ; day_timer:timer2|unit:sec_unit|dflipflop:dff1|q     ; day_timer:timer2|ten_digit:min_ten|dflipflop:dff3|q ; freg_div_23:freg1|q[18] ; freg_div_23:freg1|q[18] ; 0.000        ; 0.037      ; 0.660      ;
; 0.539 ; day_timer:timer2|ten_digit:min_ten|dflipflop:dff2|q ; day_timer:timer2|ten_digit:sec_ten|dflipflop:dff3|q ; freg_div_23:freg1|q[18] ; freg_div_23:freg1|q[18] ; 0.000        ; 0.036      ; 0.659      ;
; 0.540 ; day_timer:timer2|unit:min_unit|dflipflop:dff3|q     ; day_timer:timer2|unit:min_unit|dflipflop:dff1|q     ; freg_div_23:freg1|q[18] ; freg_div_23:freg1|q[18] ; 0.000        ; 0.037      ; 0.661      ;
; 0.541 ; day_timer:timer2|ten_digit:min_ten|dflipflop:dff2|q ; day_timer:timer2|unit:sec_unit|dflipflop:dff3|q     ; freg_div_23:freg1|q[18] ; freg_div_23:freg1|q[18] ; 0.000        ; 0.036      ; 0.661      ;
; 0.545 ; day_timer:timer2|unit:min_unit|dflipflop:dff4|q     ; day_timer:timer2|unit:min_unit|dflipflop:dff3|q     ; freg_div_23:freg1|q[18] ; freg_div_23:freg1|q[18] ; 0.000        ; 0.036      ; 0.665      ;
; 0.546 ; day_timer:timer2|unit:min_unit|dflipflop:dff4|q     ; day_timer:timer2|unit:min_unit|dflipflop:dff1|q     ; freg_div_23:freg1|q[18] ; freg_div_23:freg1|q[18] ; 0.000        ; 0.036      ; 0.666      ;
; 0.549 ; day_timer:timer2|unit:min_unit|dflipflop:dff4|q     ; day_timer:timer2|unit:min_unit|dflipflop:dff2|q     ; freg_div_23:freg1|q[18] ; freg_div_23:freg1|q[18] ; 0.000        ; 0.036      ; 0.669      ;
; 0.549 ; day_timer:timer2|unit:min_unit|dflipflop:dff4|q     ; day_timer:timer2|ten_digit:min_ten|dflipflop:dff3|q ; freg_div_23:freg1|q[18] ; freg_div_23:freg1|q[18] ; 0.000        ; 0.036      ; 0.669      ;
; 0.551 ; day_timer:timer2|ten_digit:sec_ten|dflipflop:dff1|q ; day_timer:timer2|ten_digit:sec_ten|dflipflop:dff2|q ; freg_div_23:freg1|q[18] ; freg_div_23:freg1|q[18] ; 0.000        ; 0.037      ; 0.672      ;
; 0.559 ; day_timer:timer2|ten_digit:min_ten|dflipflop:dff2|q ; day_timer:timer2|unit:min_unit|dflipflop:dff4|q     ; freg_div_23:freg1|q[18] ; freg_div_23:freg1|q[18] ; 0.000        ; 0.036      ; 0.679      ;
; 0.560 ; day_timer:timer2|ten_digit:min_ten|dflipflop:dff2|q ; day_timer:timer2|unit:sec_unit|dflipflop:dff2|q     ; freg_div_23:freg1|q[18] ; freg_div_23:freg1|q[18] ; 0.000        ; 0.036      ; 0.680      ;
; 0.561 ; day_timer:timer2|ten_digit:min_ten|dflipflop:dff2|q ; day_timer:timer2|ten_digit:sec_ten|dflipflop:dff2|q ; freg_div_23:freg1|q[18] ; freg_div_23:freg1|q[18] ; 0.000        ; 0.036      ; 0.681      ;
; 0.567 ; day_timer:timer2|unit:min_unit|dflipflop:dff2|q     ; day_timer:timer2|unit:sec_unit|dflipflop:dff1|q     ; freg_div_23:freg1|q[18] ; freg_div_23:freg1|q[18] ; 0.000        ; 0.037      ; 0.688      ;
; 0.568 ; day_timer:timer2|unit:min_unit|dflipflop:dff2|q     ; day_timer:timer2|ten_digit:sec_ten|dflipflop:dff3|q ; freg_div_23:freg1|q[18] ; freg_div_23:freg1|q[18] ; 0.000        ; 0.037      ; 0.689      ;
; 0.570 ; day_timer:timer2|unit:min_unit|dflipflop:dff2|q     ; day_timer:timer2|unit:sec_unit|dflipflop:dff3|q     ; freg_div_23:freg1|q[18] ; freg_div_23:freg1|q[18] ; 0.000        ; 0.037      ; 0.691      ;
; 0.588 ; day_timer:timer2|unit:min_unit|dflipflop:dff2|q     ; day_timer:timer2|unit:min_unit|dflipflop:dff4|q     ; freg_div_23:freg1|q[18] ; freg_div_23:freg1|q[18] ; 0.000        ; 0.037      ; 0.709      ;
; 0.589 ; day_timer:timer2|unit:sec_unit|dflipflop:dff1|q     ; day_timer:timer2|ten_digit:sec_ten|dflipflop:dff2|q ; freg_div_23:freg1|q[18] ; freg_div_23:freg1|q[18] ; 0.000        ; 0.037      ; 0.710      ;
; 0.589 ; day_timer:timer2|unit:min_unit|dflipflop:dff2|q     ; day_timer:timer2|unit:sec_unit|dflipflop:dff2|q     ; freg_div_23:freg1|q[18] ; freg_div_23:freg1|q[18] ; 0.000        ; 0.037      ; 0.710      ;
; 0.590 ; day_timer:timer2|ten_digit:sec_ten|dflipflop:dff1|q ; day_timer:timer2|unit:min_unit|dflipflop:dff3|q     ; freg_div_23:freg1|q[18] ; freg_div_23:freg1|q[18] ; 0.000        ; 0.037      ; 0.711      ;
; 0.590 ; day_timer:timer2|unit:min_unit|dflipflop:dff2|q     ; day_timer:timer2|ten_digit:sec_ten|dflipflop:dff2|q ; freg_div_23:freg1|q[18] ; freg_div_23:freg1|q[18] ; 0.000        ; 0.037      ; 0.711      ;
; 0.591 ; day_timer:timer2|unit:sec_unit|dflipflop:dff1|q     ; day_timer:timer2|unit:min_unit|dflipflop:dff4|q     ; freg_div_23:freg1|q[18] ; freg_div_23:freg1|q[18] ; 0.000        ; 0.037      ; 0.712      ;
; 0.591 ; day_timer:timer2|ten_digit:sec_ten|dflipflop:dff1|q ; day_timer:timer2|unit:min_unit|dflipflop:dff1|q     ; freg_div_23:freg1|q[18] ; freg_div_23:freg1|q[18] ; 0.000        ; 0.037      ; 0.712      ;
; 0.594 ; day_timer:timer2|ten_digit:sec_ten|dflipflop:dff1|q ; day_timer:timer2|unit:min_unit|dflipflop:dff2|q     ; freg_div_23:freg1|q[18] ; freg_div_23:freg1|q[18] ; 0.000        ; 0.037      ; 0.715      ;
; 0.594 ; day_timer:timer2|ten_digit:sec_ten|dflipflop:dff1|q ; day_timer:timer2|ten_digit:min_ten|dflipflop:dff3|q ; freg_div_23:freg1|q[18] ; freg_div_23:freg1|q[18] ; 0.000        ; 0.037      ; 0.715      ;
; 0.611 ; day_timer:timer2|unit:sec_unit|dflipflop:dff1|q     ; day_timer:timer2|ten_digit:min_ten|dflipflop:dff1|q ; freg_div_23:freg1|q[18] ; freg_div_23:freg1|q[18] ; 0.000        ; 0.037      ; 0.732      ;
; 0.611 ; day_timer:timer2|unit:sec_unit|dflipflop:dff1|q     ; day_timer:timer2|ten_digit:min_ten|dflipflop:dff2|q ; freg_div_23:freg1|q[18] ; freg_div_23:freg1|q[18] ; 0.000        ; 0.037      ; 0.732      ;
; 0.632 ; day_timer:timer2|ten_digit:sec_ten|dflipflop:dff3|q ; day_timer:timer2|unit:min_unit|dflipflop:dff3|q     ; freg_div_23:freg1|q[18] ; freg_div_23:freg1|q[18] ; 0.000        ; 0.037      ; 0.753      ;
; 0.633 ; day_timer:timer2|ten_digit:sec_ten|dflipflop:dff3|q ; day_timer:timer2|unit:min_unit|dflipflop:dff1|q     ; freg_div_23:freg1|q[18] ; freg_div_23:freg1|q[18] ; 0.000        ; 0.037      ; 0.754      ;
; 0.636 ; day_timer:timer2|ten_digit:sec_ten|dflipflop:dff3|q ; day_timer:timer2|unit:min_unit|dflipflop:dff2|q     ; freg_div_23:freg1|q[18] ; freg_div_23:freg1|q[18] ; 0.000        ; 0.037      ; 0.757      ;
; 0.636 ; day_timer:timer2|ten_digit:sec_ten|dflipflop:dff3|q ; day_timer:timer2|ten_digit:min_ten|dflipflop:dff3|q ; freg_div_23:freg1|q[18] ; freg_div_23:freg1|q[18] ; 0.000        ; 0.037      ; 0.757      ;
; 0.642 ; day_timer:timer2|ten_digit:min_ten|dflipflop:dff3|q ; day_timer:timer2|ten_digit:min_ten|dflipflop:dff1|q ; freg_div_23:freg1|q[18] ; freg_div_23:freg1|q[18] ; 0.000        ; 0.037      ; 0.763      ;
; 0.642 ; day_timer:timer2|ten_digit:min_ten|dflipflop:dff3|q ; day_timer:timer2|ten_digit:min_ten|dflipflop:dff2|q ; freg_div_23:freg1|q[18] ; freg_div_23:freg1|q[18] ; 0.000        ; 0.037      ; 0.763      ;
; 0.643 ; day_timer:timer2|unit:sec_unit|dflipflop:dff4|q     ; day_timer:timer2|unit:min_unit|dflipflop:dff3|q     ; freg_div_23:freg1|q[18] ; freg_div_23:freg1|q[18] ; 0.000        ; 0.037      ; 0.764      ;
; 0.644 ; day_timer:timer2|unit:sec_unit|dflipflop:dff4|q     ; day_timer:timer2|unit:min_unit|dflipflop:dff1|q     ; freg_div_23:freg1|q[18] ; freg_div_23:freg1|q[18] ; 0.000        ; 0.037      ; 0.765      ;
; 0.646 ; day_timer:timer2|ten_digit:sec_ten|dflipflop:dff1|q ; day_timer:timer2|unit:min_unit|dflipflop:dff4|q     ; freg_div_23:freg1|q[18] ; freg_div_23:freg1|q[18] ; 0.000        ; 0.037      ; 0.767      ;
; 0.647 ; day_timer:timer2|unit:sec_unit|dflipflop:dff4|q     ; day_timer:timer2|unit:min_unit|dflipflop:dff2|q     ; freg_div_23:freg1|q[18] ; freg_div_23:freg1|q[18] ; 0.000        ; 0.037      ; 0.768      ;
; 0.647 ; day_timer:timer2|unit:sec_unit|dflipflop:dff4|q     ; day_timer:timer2|ten_digit:min_ten|dflipflop:dff3|q ; freg_div_23:freg1|q[18] ; freg_div_23:freg1|q[18] ; 0.000        ; 0.037      ; 0.768      ;
; 0.653 ; day_timer:timer2|ten_digit:min_ten|dflipflop:dff2|q ; day_timer:timer2|ten_digit:min_ten|dflipflop:dff3|q ; freg_div_23:freg1|q[18] ; freg_div_23:freg1|q[18] ; 0.000        ; 0.036      ; 0.773      ;
; 0.654 ; day_timer:timer2|ten_digit:min_ten|dflipflop:dff2|q ; day_timer:timer2|unit:min_unit|dflipflop:dff2|q     ; freg_div_23:freg1|q[18] ; freg_div_23:freg1|q[18] ; 0.000        ; 0.036      ; 0.774      ;
; 0.656 ; day_timer:timer2|ten_digit:min_ten|dflipflop:dff2|q ; day_timer:timer2|unit:min_unit|dflipflop:dff3|q     ; freg_div_23:freg1|q[18] ; freg_div_23:freg1|q[18] ; 0.000        ; 0.036      ; 0.776      ;
; 0.659 ; day_timer:timer2|ten_digit:min_ten|dflipflop:dff2|q ; day_timer:timer2|ten_digit:sec_ten|dflipflop:dff1|q ; freg_div_23:freg1|q[18] ; freg_div_23:freg1|q[18] ; 0.000        ; 0.036      ; 0.779      ;
; 0.666 ; day_timer:timer2|ten_digit:sec_ten|dflipflop:dff1|q ; day_timer:timer2|ten_digit:min_ten|dflipflop:dff1|q ; freg_div_23:freg1|q[18] ; freg_div_23:freg1|q[18] ; 0.000        ; 0.037      ; 0.787      ;
; 0.666 ; day_timer:timer2|ten_digit:sec_ten|dflipflop:dff1|q ; day_timer:timer2|ten_digit:min_ten|dflipflop:dff2|q ; freg_div_23:freg1|q[18] ; freg_div_23:freg1|q[18] ; 0.000        ; 0.037      ; 0.787      ;
; 0.667 ; day_timer:timer2|ten_digit:min_ten|dflipflop:dff2|q ; day_timer:timer2|unit:min_unit|dflipflop:dff1|q     ; freg_div_23:freg1|q[18] ; freg_div_23:freg1|q[18] ; 0.000        ; 0.036      ; 0.787      ;
; 0.682 ; day_timer:timer2|unit:min_unit|dflipflop:dff2|q     ; day_timer:timer2|ten_digit:min_ten|dflipflop:dff3|q ; freg_div_23:freg1|q[18] ; freg_div_23:freg1|q[18] ; 0.000        ; 0.037      ; 0.803      ;
; 0.685 ; day_timer:timer2|unit:min_unit|dflipflop:dff2|q     ; day_timer:timer2|unit:min_unit|dflipflop:dff3|q     ; freg_div_23:freg1|q[18] ; freg_div_23:freg1|q[18] ; 0.000        ; 0.037      ; 0.806      ;
; 0.688 ; day_timer:timer2|ten_digit:sec_ten|dflipflop:dff3|q ; day_timer:timer2|unit:min_unit|dflipflop:dff4|q     ; freg_div_23:freg1|q[18] ; freg_div_23:freg1|q[18] ; 0.000        ; 0.037      ; 0.809      ;
; 0.688 ; day_timer:timer2|unit:min_unit|dflipflop:dff2|q     ; day_timer:timer2|ten_digit:sec_ten|dflipflop:dff1|q ; freg_div_23:freg1|q[18] ; freg_div_23:freg1|q[18] ; 0.000        ; 0.037      ; 0.809      ;
; 0.699 ; day_timer:timer2|unit:sec_unit|dflipflop:dff4|q     ; day_timer:timer2|ten_digit:sec_ten|dflipflop:dff2|q ; freg_div_23:freg1|q[18] ; freg_div_23:freg1|q[18] ; 0.000        ; 0.037      ; 0.820      ;
; 0.699 ; day_timer:timer2|unit:sec_unit|dflipflop:dff4|q     ; day_timer:timer2|unit:min_unit|dflipflop:dff4|q     ; freg_div_23:freg1|q[18] ; freg_div_23:freg1|q[18] ; 0.000        ; 0.037      ; 0.820      ;
; 0.707 ; day_timer:timer2|unit:min_unit|dflipflop:dff2|q     ; day_timer:timer2|ten_digit:min_ten|dflipflop:dff2|q ; freg_div_23:freg1|q[18] ; freg_div_23:freg1|q[18] ; 0.000        ; 0.037      ; 0.828      ;
; 0.708 ; day_timer:timer2|ten_digit:sec_ten|dflipflop:dff3|q ; day_timer:timer2|ten_digit:min_ten|dflipflop:dff1|q ; freg_div_23:freg1|q[18] ; freg_div_23:freg1|q[18] ; 0.000        ; 0.037      ; 0.829      ;
; 0.708 ; day_timer:timer2|ten_digit:sec_ten|dflipflop:dff3|q ; day_timer:timer2|ten_digit:min_ten|dflipflop:dff2|q ; freg_div_23:freg1|q[18] ; freg_div_23:freg1|q[18] ; 0.000        ; 0.037      ; 0.829      ;
; 0.713 ; day_timer:timer2|unit:sec_unit|dflipflop:dff4|q     ; day_timer:timer2|unit:sec_unit|dflipflop:dff3|q     ; freg_div_23:freg1|q[18] ; freg_div_23:freg1|q[18] ; 0.000        ; 0.037      ; 0.834      ;
; 0.713 ; day_timer:timer2|unit:sec_unit|dflipflop:dff4|q     ; day_timer:timer2|unit:sec_unit|dflipflop:dff1|q     ; freg_div_23:freg1|q[18] ; freg_div_23:freg1|q[18] ; 0.000        ; 0.037      ; 0.834      ;
; 0.716 ; day_timer:timer2|ten_digit:sec_ten|dflipflop:dff3|q ; day_timer:timer2|ten_digit:sec_ten|dflipflop:dff2|q ; freg_div_23:freg1|q[18] ; freg_div_23:freg1|q[18] ; 0.000        ; 0.037      ; 0.837      ;
; 0.716 ; day_timer:timer2|unit:min_unit|dflipflop:dff2|q     ; day_timer:timer2|ten_digit:min_ten|dflipflop:dff1|q ; freg_div_23:freg1|q[18] ; freg_div_23:freg1|q[18] ; 0.000        ; 0.037      ; 0.837      ;
; 0.719 ; day_timer:timer2|unit:sec_unit|dflipflop:dff4|q     ; day_timer:timer2|ten_digit:min_ten|dflipflop:dff1|q ; freg_div_23:freg1|q[18] ; freg_div_23:freg1|q[18] ; 0.000        ; 0.037      ; 0.840      ;
; 0.719 ; day_timer:timer2|unit:sec_unit|dflipflop:dff4|q     ; day_timer:timer2|ten_digit:min_ten|dflipflop:dff2|q ; freg_div_23:freg1|q[18] ; freg_div_23:freg1|q[18] ; 0.000        ; 0.037      ; 0.840      ;
+-------+-----------------------------------------------------+-----------------------------------------------------+-------------------------+-------------------------+--------------+------------+------------+


+------------------------------------------------------------------------------------------------------------+
; Fast 1200mV 0C Model Minimum Pulse Width: 'CLK'                                                            ;
+--------+--------------+----------------+------------------+-------+------------+---------------------------+
; Slack  ; Actual Width ; Required Width ; Type             ; Clock ; Clock Edge ; Target                    ;
+--------+--------------+----------------+------------------+-------+------------+---------------------------+
; -3.000 ; 1.000        ; 4.000          ; Port Rate        ; CLK   ; Rise       ; CLK                       ;
; -1.000 ; 1.000        ; 2.000          ; Min Period       ; CLK   ; Rise       ; freg_div_23:freg1|q[0]    ;
; -1.000 ; 1.000        ; 2.000          ; Min Period       ; CLK   ; Rise       ; freg_div_23:freg1|q[10]   ;
; -1.000 ; 1.000        ; 2.000          ; Min Period       ; CLK   ; Rise       ; freg_div_23:freg1|q[11]   ;
; -1.000 ; 1.000        ; 2.000          ; Min Period       ; CLK   ; Rise       ; freg_div_23:freg1|q[12]   ;
; -1.000 ; 1.000        ; 2.000          ; Min Period       ; CLK   ; Rise       ; freg_div_23:freg1|q[13]   ;
; -1.000 ; 1.000        ; 2.000          ; Min Period       ; CLK   ; Rise       ; freg_div_23:freg1|q[14]   ;
; -1.000 ; 1.000        ; 2.000          ; Min Period       ; CLK   ; Rise       ; freg_div_23:freg1|q[15]   ;
; -1.000 ; 1.000        ; 2.000          ; Min Period       ; CLK   ; Rise       ; freg_div_23:freg1|q[16]   ;
; -1.000 ; 1.000        ; 2.000          ; Min Period       ; CLK   ; Rise       ; freg_div_23:freg1|q[17]   ;
; -1.000 ; 1.000        ; 2.000          ; Min Period       ; CLK   ; Rise       ; freg_div_23:freg1|q[18]   ;
; -1.000 ; 1.000        ; 2.000          ; Min Period       ; CLK   ; Rise       ; freg_div_23:freg1|q[1]    ;
; -1.000 ; 1.000        ; 2.000          ; Min Period       ; CLK   ; Rise       ; freg_div_23:freg1|q[2]    ;
; -1.000 ; 1.000        ; 2.000          ; Min Period       ; CLK   ; Rise       ; freg_div_23:freg1|q[3]    ;
; -1.000 ; 1.000        ; 2.000          ; Min Period       ; CLK   ; Rise       ; freg_div_23:freg1|q[4]    ;
; -1.000 ; 1.000        ; 2.000          ; Min Period       ; CLK   ; Rise       ; freg_div_23:freg1|q[5]    ;
; -1.000 ; 1.000        ; 2.000          ; Min Period       ; CLK   ; Rise       ; freg_div_23:freg1|q[6]    ;
; -1.000 ; 1.000        ; 2.000          ; Min Period       ; CLK   ; Rise       ; freg_div_23:freg1|q[7]    ;
; -1.000 ; 1.000        ; 2.000          ; Min Period       ; CLK   ; Rise       ; freg_div_23:freg1|q[8]    ;
; -1.000 ; 1.000        ; 2.000          ; Min Period       ; CLK   ; Rise       ; freg_div_23:freg1|q[9]    ;
; -0.056 ; 0.128        ; 0.184          ; Low Pulse Width  ; CLK   ; Rise       ; freg_div_23:freg1|q[0]    ;
; -0.056 ; 0.128        ; 0.184          ; Low Pulse Width  ; CLK   ; Rise       ; freg_div_23:freg1|q[10]   ;
; -0.056 ; 0.128        ; 0.184          ; Low Pulse Width  ; CLK   ; Rise       ; freg_div_23:freg1|q[11]   ;
; -0.056 ; 0.128        ; 0.184          ; Low Pulse Width  ; CLK   ; Rise       ; freg_div_23:freg1|q[12]   ;
; -0.056 ; 0.128        ; 0.184          ; Low Pulse Width  ; CLK   ; Rise       ; freg_div_23:freg1|q[13]   ;
; -0.056 ; 0.128        ; 0.184          ; Low Pulse Width  ; CLK   ; Rise       ; freg_div_23:freg1|q[14]   ;
; -0.056 ; 0.128        ; 0.184          ; Low Pulse Width  ; CLK   ; Rise       ; freg_div_23:freg1|q[15]   ;
; -0.056 ; 0.128        ; 0.184          ; Low Pulse Width  ; CLK   ; Rise       ; freg_div_23:freg1|q[16]   ;
; -0.056 ; 0.128        ; 0.184          ; Low Pulse Width  ; CLK   ; Rise       ; freg_div_23:freg1|q[17]   ;
; -0.056 ; 0.128        ; 0.184          ; Low Pulse Width  ; CLK   ; Rise       ; freg_div_23:freg1|q[18]   ;
; -0.056 ; 0.128        ; 0.184          ; Low Pulse Width  ; CLK   ; Rise       ; freg_div_23:freg1|q[1]    ;
; -0.056 ; 0.128        ; 0.184          ; Low Pulse Width  ; CLK   ; Rise       ; freg_div_23:freg1|q[2]    ;
; -0.056 ; 0.128        ; 0.184          ; Low Pulse Width  ; CLK   ; Rise       ; freg_div_23:freg1|q[3]    ;
; -0.056 ; 0.128        ; 0.184          ; Low Pulse Width  ; CLK   ; Rise       ; freg_div_23:freg1|q[4]    ;
; -0.056 ; 0.128        ; 0.184          ; Low Pulse Width  ; CLK   ; Rise       ; freg_div_23:freg1|q[5]    ;
; -0.056 ; 0.128        ; 0.184          ; Low Pulse Width  ; CLK   ; Rise       ; freg_div_23:freg1|q[6]    ;
; -0.056 ; 0.128        ; 0.184          ; Low Pulse Width  ; CLK   ; Rise       ; freg_div_23:freg1|q[7]    ;
; -0.056 ; 0.128        ; 0.184          ; Low Pulse Width  ; CLK   ; Rise       ; freg_div_23:freg1|q[8]    ;
; -0.056 ; 0.128        ; 0.184          ; Low Pulse Width  ; CLK   ; Rise       ; freg_div_23:freg1|q[9]    ;
; 0.118  ; 0.118        ; 0.000          ; Low Pulse Width  ; CLK   ; Rise       ; CLK~input|o               ;
; 0.123  ; 0.123        ; 0.000          ; Low Pulse Width  ; CLK   ; Rise       ; freg1|q[0]|clk            ;
; 0.123  ; 0.123        ; 0.000          ; Low Pulse Width  ; CLK   ; Rise       ; freg1|q[1]|clk            ;
; 0.123  ; 0.123        ; 0.000          ; Low Pulse Width  ; CLK   ; Rise       ; freg1|q[2]|clk            ;
; 0.123  ; 0.123        ; 0.000          ; Low Pulse Width  ; CLK   ; Rise       ; freg1|q[3]|clk            ;
; 0.123  ; 0.123        ; 0.000          ; Low Pulse Width  ; CLK   ; Rise       ; freg1|q[4]|clk            ;
; 0.123  ; 0.123        ; 0.000          ; Low Pulse Width  ; CLK   ; Rise       ; freg1|q[5]|clk            ;
; 0.123  ; 0.123        ; 0.000          ; Low Pulse Width  ; CLK   ; Rise       ; freg1|q[6]|clk            ;
; 0.123  ; 0.123        ; 0.000          ; Low Pulse Width  ; CLK   ; Rise       ; freg1|q[7]|clk            ;
; 0.123  ; 0.123        ; 0.000          ; Low Pulse Width  ; CLK   ; Rise       ; freg1|q[8]|clk            ;
; 0.123  ; 0.123        ; 0.000          ; Low Pulse Width  ; CLK   ; Rise       ; freg1|q[9]|clk            ;
; 0.124  ; 0.124        ; 0.000          ; Low Pulse Width  ; CLK   ; Rise       ; freg1|q[10]|clk           ;
; 0.124  ; 0.124        ; 0.000          ; Low Pulse Width  ; CLK   ; Rise       ; freg1|q[11]|clk           ;
; 0.124  ; 0.124        ; 0.000          ; Low Pulse Width  ; CLK   ; Rise       ; freg1|q[12]|clk           ;
; 0.124  ; 0.124        ; 0.000          ; Low Pulse Width  ; CLK   ; Rise       ; freg1|q[13]|clk           ;
; 0.124  ; 0.124        ; 0.000          ; Low Pulse Width  ; CLK   ; Rise       ; freg1|q[14]|clk           ;
; 0.124  ; 0.124        ; 0.000          ; Low Pulse Width  ; CLK   ; Rise       ; freg1|q[15]|clk           ;
; 0.124  ; 0.124        ; 0.000          ; Low Pulse Width  ; CLK   ; Rise       ; freg1|q[16]|clk           ;
; 0.124  ; 0.124        ; 0.000          ; Low Pulse Width  ; CLK   ; Rise       ; freg1|q[17]|clk           ;
; 0.124  ; 0.124        ; 0.000          ; Low Pulse Width  ; CLK   ; Rise       ; freg1|q[18]|clk           ;
; 0.132  ; 0.132        ; 0.000          ; Low Pulse Width  ; CLK   ; Rise       ; CLK~inputclkctrl|inclk[0] ;
; 0.132  ; 0.132        ; 0.000          ; Low Pulse Width  ; CLK   ; Rise       ; CLK~inputclkctrl|outclk   ;
; 0.500  ; 0.500        ; 0.000          ; High Pulse Width ; CLK   ; Rise       ; CLK~input|i               ;
; 0.500  ; 0.500        ; 0.000          ; Low Pulse Width  ; CLK   ; Rise       ; CLK~input|i               ;
; 0.654  ; 0.870        ; 0.216          ; High Pulse Width ; CLK   ; Rise       ; freg_div_23:freg1|q[10]   ;
; 0.654  ; 0.870        ; 0.216          ; High Pulse Width ; CLK   ; Rise       ; freg_div_23:freg1|q[11]   ;
; 0.654  ; 0.870        ; 0.216          ; High Pulse Width ; CLK   ; Rise       ; freg_div_23:freg1|q[12]   ;
; 0.654  ; 0.870        ; 0.216          ; High Pulse Width ; CLK   ; Rise       ; freg_div_23:freg1|q[13]   ;
; 0.654  ; 0.870        ; 0.216          ; High Pulse Width ; CLK   ; Rise       ; freg_div_23:freg1|q[14]   ;
; 0.654  ; 0.870        ; 0.216          ; High Pulse Width ; CLK   ; Rise       ; freg_div_23:freg1|q[15]   ;
; 0.654  ; 0.870        ; 0.216          ; High Pulse Width ; CLK   ; Rise       ; freg_div_23:freg1|q[16]   ;
; 0.654  ; 0.870        ; 0.216          ; High Pulse Width ; CLK   ; Rise       ; freg_div_23:freg1|q[17]   ;
; 0.654  ; 0.870        ; 0.216          ; High Pulse Width ; CLK   ; Rise       ; freg_div_23:freg1|q[18]   ;
; 0.655  ; 0.871        ; 0.216          ; High Pulse Width ; CLK   ; Rise       ; freg_div_23:freg1|q[0]    ;
; 0.655  ; 0.871        ; 0.216          ; High Pulse Width ; CLK   ; Rise       ; freg_div_23:freg1|q[1]    ;
; 0.655  ; 0.871        ; 0.216          ; High Pulse Width ; CLK   ; Rise       ; freg_div_23:freg1|q[2]    ;
; 0.655  ; 0.871        ; 0.216          ; High Pulse Width ; CLK   ; Rise       ; freg_div_23:freg1|q[3]    ;
; 0.655  ; 0.871        ; 0.216          ; High Pulse Width ; CLK   ; Rise       ; freg_div_23:freg1|q[4]    ;
; 0.655  ; 0.871        ; 0.216          ; High Pulse Width ; CLK   ; Rise       ; freg_div_23:freg1|q[5]    ;
; 0.655  ; 0.871        ; 0.216          ; High Pulse Width ; CLK   ; Rise       ; freg_div_23:freg1|q[6]    ;
; 0.655  ; 0.871        ; 0.216          ; High Pulse Width ; CLK   ; Rise       ; freg_div_23:freg1|q[7]    ;
; 0.655  ; 0.871        ; 0.216          ; High Pulse Width ; CLK   ; Rise       ; freg_div_23:freg1|q[8]    ;
; 0.655  ; 0.871        ; 0.216          ; High Pulse Width ; CLK   ; Rise       ; freg_div_23:freg1|q[9]    ;
; 0.867  ; 0.867        ; 0.000          ; High Pulse Width ; CLK   ; Rise       ; CLK~inputclkctrl|inclk[0] ;
; 0.867  ; 0.867        ; 0.000          ; High Pulse Width ; CLK   ; Rise       ; CLK~inputclkctrl|outclk   ;
; 0.876  ; 0.876        ; 0.000          ; High Pulse Width ; CLK   ; Rise       ; freg1|q[0]|clk            ;
; 0.876  ; 0.876        ; 0.000          ; High Pulse Width ; CLK   ; Rise       ; freg1|q[10]|clk           ;
; 0.876  ; 0.876        ; 0.000          ; High Pulse Width ; CLK   ; Rise       ; freg1|q[11]|clk           ;
; 0.876  ; 0.876        ; 0.000          ; High Pulse Width ; CLK   ; Rise       ; freg1|q[12]|clk           ;
; 0.876  ; 0.876        ; 0.000          ; High Pulse Width ; CLK   ; Rise       ; freg1|q[13]|clk           ;
; 0.876  ; 0.876        ; 0.000          ; High Pulse Width ; CLK   ; Rise       ; freg1|q[14]|clk           ;
; 0.876  ; 0.876        ; 0.000          ; High Pulse Width ; CLK   ; Rise       ; freg1|q[15]|clk           ;
; 0.876  ; 0.876        ; 0.000          ; High Pulse Width ; CLK   ; Rise       ; freg1|q[16]|clk           ;
; 0.876  ; 0.876        ; 0.000          ; High Pulse Width ; CLK   ; Rise       ; freg1|q[17]|clk           ;
; 0.876  ; 0.876        ; 0.000          ; High Pulse Width ; CLK   ; Rise       ; freg1|q[18]|clk           ;
; 0.876  ; 0.876        ; 0.000          ; High Pulse Width ; CLK   ; Rise       ; freg1|q[1]|clk            ;
; 0.876  ; 0.876        ; 0.000          ; High Pulse Width ; CLK   ; Rise       ; freg1|q[2]|clk            ;
; 0.876  ; 0.876        ; 0.000          ; High Pulse Width ; CLK   ; Rise       ; freg1|q[3]|clk            ;
; 0.876  ; 0.876        ; 0.000          ; High Pulse Width ; CLK   ; Rise       ; freg1|q[4]|clk            ;
; 0.876  ; 0.876        ; 0.000          ; High Pulse Width ; CLK   ; Rise       ; freg1|q[5]|clk            ;
; 0.876  ; 0.876        ; 0.000          ; High Pulse Width ; CLK   ; Rise       ; freg1|q[6]|clk            ;
+--------+--------------+----------------+------------------+-------+------------+---------------------------+


+--------------------------------------------------------------------------------------------------------------------------------------------------------+
; Fast 1200mV 0C Model Minimum Pulse Width: 'freg_div_23:freg1|q[18]'                                                                                    ;
+--------+--------------+----------------+------------------+-------------------------+------------+-----------------------------------------------------+
; Slack  ; Actual Width ; Required Width ; Type             ; Clock                   ; Clock Edge ; Target                                              ;
+--------+--------------+----------------+------------------+-------------------------+------------+-----------------------------------------------------+
; -1.000 ; 1.000        ; 2.000          ; Min Period       ; freg_div_23:freg1|q[18] ; Rise       ; day_timer:timer2|ten_digit:min_ten|dflipflop:dff1|q ;
; -1.000 ; 1.000        ; 2.000          ; Min Period       ; freg_div_23:freg1|q[18] ; Rise       ; day_timer:timer2|ten_digit:min_ten|dflipflop:dff2|q ;
; -1.000 ; 1.000        ; 2.000          ; Min Period       ; freg_div_23:freg1|q[18] ; Rise       ; day_timer:timer2|ten_digit:min_ten|dflipflop:dff3|q ;
; -1.000 ; 1.000        ; 2.000          ; Min Period       ; freg_div_23:freg1|q[18] ; Rise       ; day_timer:timer2|ten_digit:sec_ten|dflipflop:dff1|q ;
; -1.000 ; 1.000        ; 2.000          ; Min Period       ; freg_div_23:freg1|q[18] ; Rise       ; day_timer:timer2|ten_digit:sec_ten|dflipflop:dff2|q ;
; -1.000 ; 1.000        ; 2.000          ; Min Period       ; freg_div_23:freg1|q[18] ; Rise       ; day_timer:timer2|ten_digit:sec_ten|dflipflop:dff3|q ;
; -1.000 ; 1.000        ; 2.000          ; Min Period       ; freg_div_23:freg1|q[18] ; Rise       ; day_timer:timer2|unit:min_unit|dflipflop:dff1|q     ;
; -1.000 ; 1.000        ; 2.000          ; Min Period       ; freg_div_23:freg1|q[18] ; Rise       ; day_timer:timer2|unit:min_unit|dflipflop:dff2|q     ;
; -1.000 ; 1.000        ; 2.000          ; Min Period       ; freg_div_23:freg1|q[18] ; Rise       ; day_timer:timer2|unit:min_unit|dflipflop:dff3|q     ;
; -1.000 ; 1.000        ; 2.000          ; Min Period       ; freg_div_23:freg1|q[18] ; Rise       ; day_timer:timer2|unit:min_unit|dflipflop:dff4|q     ;
; -1.000 ; 1.000        ; 2.000          ; Min Period       ; freg_div_23:freg1|q[18] ; Rise       ; day_timer:timer2|unit:sec_unit|dflipflop:dff1|q     ;
; -1.000 ; 1.000        ; 2.000          ; Min Period       ; freg_div_23:freg1|q[18] ; Rise       ; day_timer:timer2|unit:sec_unit|dflipflop:dff2|q     ;
; -1.000 ; 1.000        ; 2.000          ; Min Period       ; freg_div_23:freg1|q[18] ; Rise       ; day_timer:timer2|unit:sec_unit|dflipflop:dff3|q     ;
; -1.000 ; 1.000        ; 2.000          ; Min Period       ; freg_div_23:freg1|q[18] ; Rise       ; day_timer:timer2|unit:sec_unit|dflipflop:dff4|q     ;
; 0.226  ; 0.410        ; 0.184          ; Low Pulse Width  ; freg_div_23:freg1|q[18] ; Rise       ; day_timer:timer2|ten_digit:min_ten|dflipflop:dff1|q ;
; 0.226  ; 0.410        ; 0.184          ; Low Pulse Width  ; freg_div_23:freg1|q[18] ; Rise       ; day_timer:timer2|ten_digit:min_ten|dflipflop:dff2|q ;
; 0.226  ; 0.410        ; 0.184          ; Low Pulse Width  ; freg_div_23:freg1|q[18] ; Rise       ; day_timer:timer2|ten_digit:sec_ten|dflipflop:dff2|q ;
; 0.226  ; 0.410        ; 0.184          ; Low Pulse Width  ; freg_div_23:freg1|q[18] ; Rise       ; day_timer:timer2|unit:min_unit|dflipflop:dff4|q     ;
; 0.226  ; 0.410        ; 0.184          ; Low Pulse Width  ; freg_div_23:freg1|q[18] ; Rise       ; day_timer:timer2|unit:sec_unit|dflipflop:dff2|q     ;
; 0.227  ; 0.411        ; 0.184          ; Low Pulse Width  ; freg_div_23:freg1|q[18] ; Rise       ; day_timer:timer2|ten_digit:min_ten|dflipflop:dff3|q ;
; 0.227  ; 0.411        ; 0.184          ; Low Pulse Width  ; freg_div_23:freg1|q[18] ; Rise       ; day_timer:timer2|ten_digit:sec_ten|dflipflop:dff1|q ;
; 0.227  ; 0.411        ; 0.184          ; Low Pulse Width  ; freg_div_23:freg1|q[18] ; Rise       ; day_timer:timer2|ten_digit:sec_ten|dflipflop:dff3|q ;
; 0.227  ; 0.411        ; 0.184          ; Low Pulse Width  ; freg_div_23:freg1|q[18] ; Rise       ; day_timer:timer2|unit:min_unit|dflipflop:dff1|q     ;
; 0.227  ; 0.411        ; 0.184          ; Low Pulse Width  ; freg_div_23:freg1|q[18] ; Rise       ; day_timer:timer2|unit:min_unit|dflipflop:dff2|q     ;
; 0.227  ; 0.411        ; 0.184          ; Low Pulse Width  ; freg_div_23:freg1|q[18] ; Rise       ; day_timer:timer2|unit:min_unit|dflipflop:dff3|q     ;
; 0.227  ; 0.411        ; 0.184          ; Low Pulse Width  ; freg_div_23:freg1|q[18] ; Rise       ; day_timer:timer2|unit:sec_unit|dflipflop:dff1|q     ;
; 0.227  ; 0.411        ; 0.184          ; Low Pulse Width  ; freg_div_23:freg1|q[18] ; Rise       ; day_timer:timer2|unit:sec_unit|dflipflop:dff3|q     ;
; 0.227  ; 0.411        ; 0.184          ; Low Pulse Width  ; freg_div_23:freg1|q[18] ; Rise       ; day_timer:timer2|unit:sec_unit|dflipflop:dff4|q     ;
; 0.368  ; 0.584        ; 0.216          ; High Pulse Width ; freg_div_23:freg1|q[18] ; Rise       ; day_timer:timer2|ten_digit:min_ten|dflipflop:dff1|q ;
; 0.368  ; 0.584        ; 0.216          ; High Pulse Width ; freg_div_23:freg1|q[18] ; Rise       ; day_timer:timer2|ten_digit:min_ten|dflipflop:dff2|q ;
; 0.368  ; 0.584        ; 0.216          ; High Pulse Width ; freg_div_23:freg1|q[18] ; Rise       ; day_timer:timer2|ten_digit:sec_ten|dflipflop:dff2|q ;
; 0.368  ; 0.584        ; 0.216          ; High Pulse Width ; freg_div_23:freg1|q[18] ; Rise       ; day_timer:timer2|unit:min_unit|dflipflop:dff4|q     ;
; 0.368  ; 0.584        ; 0.216          ; High Pulse Width ; freg_div_23:freg1|q[18] ; Rise       ; day_timer:timer2|unit:sec_unit|dflipflop:dff2|q     ;
; 0.369  ; 0.585        ; 0.216          ; High Pulse Width ; freg_div_23:freg1|q[18] ; Rise       ; day_timer:timer2|ten_digit:min_ten|dflipflop:dff3|q ;
; 0.369  ; 0.585        ; 0.216          ; High Pulse Width ; freg_div_23:freg1|q[18] ; Rise       ; day_timer:timer2|ten_digit:sec_ten|dflipflop:dff1|q ;
; 0.369  ; 0.585        ; 0.216          ; High Pulse Width ; freg_div_23:freg1|q[18] ; Rise       ; day_timer:timer2|ten_digit:sec_ten|dflipflop:dff3|q ;
; 0.369  ; 0.585        ; 0.216          ; High Pulse Width ; freg_div_23:freg1|q[18] ; Rise       ; day_timer:timer2|unit:min_unit|dflipflop:dff1|q     ;
; 0.369  ; 0.585        ; 0.216          ; High Pulse Width ; freg_div_23:freg1|q[18] ; Rise       ; day_timer:timer2|unit:min_unit|dflipflop:dff2|q     ;
; 0.369  ; 0.585        ; 0.216          ; High Pulse Width ; freg_div_23:freg1|q[18] ; Rise       ; day_timer:timer2|unit:min_unit|dflipflop:dff3|q     ;
; 0.369  ; 0.585        ; 0.216          ; High Pulse Width ; freg_div_23:freg1|q[18] ; Rise       ; day_timer:timer2|unit:sec_unit|dflipflop:dff1|q     ;
; 0.369  ; 0.585        ; 0.216          ; High Pulse Width ; freg_div_23:freg1|q[18] ; Rise       ; day_timer:timer2|unit:sec_unit|dflipflop:dff3|q     ;
; 0.369  ; 0.585        ; 0.216          ; High Pulse Width ; freg_div_23:freg1|q[18] ; Rise       ; day_timer:timer2|unit:sec_unit|dflipflop:dff4|q     ;
; 0.406  ; 0.406        ; 0.000          ; Low Pulse Width  ; freg_div_23:freg1|q[18] ; Rise       ; timer2|min_ten|dff1|q|clk                           ;
; 0.406  ; 0.406        ; 0.000          ; Low Pulse Width  ; freg_div_23:freg1|q[18] ; Rise       ; timer2|min_ten|dff2|q|clk                           ;
; 0.406  ; 0.406        ; 0.000          ; Low Pulse Width  ; freg_div_23:freg1|q[18] ; Rise       ; timer2|min_unit|dff4|q|clk                          ;
; 0.406  ; 0.406        ; 0.000          ; Low Pulse Width  ; freg_div_23:freg1|q[18] ; Rise       ; timer2|sec_ten|dff2|q|clk                           ;
; 0.406  ; 0.406        ; 0.000          ; Low Pulse Width  ; freg_div_23:freg1|q[18] ; Rise       ; timer2|sec_unit|dff2|q|clk                          ;
; 0.407  ; 0.407        ; 0.000          ; Low Pulse Width  ; freg_div_23:freg1|q[18] ; Rise       ; timer2|min_ten|dff3|q|clk                           ;
; 0.407  ; 0.407        ; 0.000          ; Low Pulse Width  ; freg_div_23:freg1|q[18] ; Rise       ; timer2|min_unit|dff1|q|clk                          ;
; 0.407  ; 0.407        ; 0.000          ; Low Pulse Width  ; freg_div_23:freg1|q[18] ; Rise       ; timer2|min_unit|dff2|q|clk                          ;
; 0.407  ; 0.407        ; 0.000          ; Low Pulse Width  ; freg_div_23:freg1|q[18] ; Rise       ; timer2|min_unit|dff3|q|clk                          ;
; 0.407  ; 0.407        ; 0.000          ; Low Pulse Width  ; freg_div_23:freg1|q[18] ; Rise       ; timer2|sec_ten|dff1|q|clk                           ;
; 0.407  ; 0.407        ; 0.000          ; Low Pulse Width  ; freg_div_23:freg1|q[18] ; Rise       ; timer2|sec_ten|dff3|q|clk                           ;
; 0.407  ; 0.407        ; 0.000          ; Low Pulse Width  ; freg_div_23:freg1|q[18] ; Rise       ; timer2|sec_unit|dff1|q|clk                          ;
; 0.407  ; 0.407        ; 0.000          ; Low Pulse Width  ; freg_div_23:freg1|q[18] ; Rise       ; timer2|sec_unit|dff3|q|clk                          ;
; 0.407  ; 0.407        ; 0.000          ; Low Pulse Width  ; freg_div_23:freg1|q[18] ; Rise       ; timer2|sec_unit|dff4|q|clk                          ;
; 0.414  ; 0.414        ; 0.000          ; Low Pulse Width  ; freg_div_23:freg1|q[18] ; Rise       ; freg1|q[18]~clkctrl|inclk[0]                        ;
; 0.414  ; 0.414        ; 0.000          ; Low Pulse Width  ; freg_div_23:freg1|q[18] ; Rise       ; freg1|q[18]~clkctrl|outclk                          ;
; 0.500  ; 0.500        ; 0.000          ; High Pulse Width ; freg_div_23:freg1|q[18] ; Rise       ; freg1|q[18]|q                                       ;
; 0.500  ; 0.500        ; 0.000          ; Low Pulse Width  ; freg_div_23:freg1|q[18] ; Rise       ; freg1|q[18]|q                                       ;
; 0.583  ; 0.583        ; 0.000          ; High Pulse Width ; freg_div_23:freg1|q[18] ; Rise       ; freg1|q[18]~clkctrl|inclk[0]                        ;
; 0.583  ; 0.583        ; 0.000          ; High Pulse Width ; freg_div_23:freg1|q[18] ; Rise       ; freg1|q[18]~clkctrl|outclk                          ;
; 0.590  ; 0.590        ; 0.000          ; High Pulse Width ; freg_div_23:freg1|q[18] ; Rise       ; timer2|min_ten|dff1|q|clk                           ;
; 0.590  ; 0.590        ; 0.000          ; High Pulse Width ; freg_div_23:freg1|q[18] ; Rise       ; timer2|min_ten|dff2|q|clk                           ;
; 0.590  ; 0.590        ; 0.000          ; High Pulse Width ; freg_div_23:freg1|q[18] ; Rise       ; timer2|min_unit|dff4|q|clk                          ;
; 0.590  ; 0.590        ; 0.000          ; High Pulse Width ; freg_div_23:freg1|q[18] ; Rise       ; timer2|sec_ten|dff2|q|clk                           ;
; 0.590  ; 0.590        ; 0.000          ; High Pulse Width ; freg_div_23:freg1|q[18] ; Rise       ; timer2|sec_unit|dff2|q|clk                          ;
; 0.591  ; 0.591        ; 0.000          ; High Pulse Width ; freg_div_23:freg1|q[18] ; Rise       ; timer2|min_ten|dff3|q|clk                           ;
; 0.591  ; 0.591        ; 0.000          ; High Pulse Width ; freg_div_23:freg1|q[18] ; Rise       ; timer2|min_unit|dff1|q|clk                          ;
; 0.591  ; 0.591        ; 0.000          ; High Pulse Width ; freg_div_23:freg1|q[18] ; Rise       ; timer2|min_unit|dff2|q|clk                          ;
; 0.591  ; 0.591        ; 0.000          ; High Pulse Width ; freg_div_23:freg1|q[18] ; Rise       ; timer2|min_unit|dff3|q|clk                          ;
; 0.591  ; 0.591        ; 0.000          ; High Pulse Width ; freg_div_23:freg1|q[18] ; Rise       ; timer2|sec_ten|dff1|q|clk                           ;
; 0.591  ; 0.591        ; 0.000          ; High Pulse Width ; freg_div_23:freg1|q[18] ; Rise       ; timer2|sec_ten|dff3|q|clk                           ;
; 0.591  ; 0.591        ; 0.000          ; High Pulse Width ; freg_div_23:freg1|q[18] ; Rise       ; timer2|sec_unit|dff1|q|clk                          ;
; 0.591  ; 0.591        ; 0.000          ; High Pulse Width ; freg_div_23:freg1|q[18] ; Rise       ; timer2|sec_unit|dff3|q|clk                          ;
; 0.591  ; 0.591        ; 0.000          ; High Pulse Width ; freg_div_23:freg1|q[18] ; Rise       ; timer2|sec_unit|dff4|q|clk                          ;
+--------+--------------+----------------+------------------+-------------------------+------------+-----------------------------------------------------+


+--------------------------------------------------------------------------------------------+
; Setup Times                                                                                ;
+-----------+-------------------------+-------+-------+------------+-------------------------+
; Data Port ; Clock Port              ; Rise  ; Fall  ; Clock Edge ; Clock Reference         ;
+-----------+-------------------------+-------+-------+------------+-------------------------+
; BTN[*]    ; freg_div_23:freg1|q[18] ; 1.630 ; 2.265 ; Rise       ; freg_div_23:freg1|q[18] ;
;  BTN[0]   ; freg_div_23:freg1|q[18] ; 1.630 ; 2.265 ; Rise       ; freg_div_23:freg1|q[18] ;
+-----------+-------------------------+-------+-------+------------+-------------------------+


+----------------------------------------------------------------------------------------------+
; Hold Times                                                                                   ;
+-----------+-------------------------+--------+--------+------------+-------------------------+
; Data Port ; Clock Port              ; Rise   ; Fall   ; Clock Edge ; Clock Reference         ;
+-----------+-------------------------+--------+--------+------------+-------------------------+
; BTN[*]    ; freg_div_23:freg1|q[18] ; -1.114 ; -1.725 ; Rise       ; freg_div_23:freg1|q[18] ;
;  BTN[0]   ; freg_div_23:freg1|q[18] ; -1.114 ; -1.725 ; Rise       ; freg_div_23:freg1|q[18] ;
+-----------+-------------------------+--------+--------+------------+-------------------------+


+--------------------------------------------------------------------------------------------+
; Clock to Output Times                                                                      ;
+-----------+-------------------------+-------+-------+------------+-------------------------+
; Data Port ; Clock Port              ; Rise  ; Fall  ; Clock Edge ; Clock Reference         ;
+-----------+-------------------------+-------+-------+------------+-------------------------+
; HEX0[*]   ; freg_div_23:freg1|q[18] ; 4.238 ; 4.259 ; Rise       ; freg_div_23:freg1|q[18] ;
;  HEX0[0]  ; freg_div_23:freg1|q[18] ; 4.183 ; 4.161 ; Rise       ; freg_div_23:freg1|q[18] ;
;  HEX0[1]  ; freg_div_23:freg1|q[18] ; 4.162 ; 4.159 ; Rise       ; freg_div_23:freg1|q[18] ;
;  HEX0[2]  ; freg_div_23:freg1|q[18] ; 4.238 ; 4.118 ; Rise       ; freg_div_23:freg1|q[18] ;
;  HEX0[3]  ; freg_div_23:freg1|q[18] ; 4.231 ; 4.243 ; Rise       ; freg_div_23:freg1|q[18] ;
;  HEX0[4]  ; freg_div_23:freg1|q[18] ; 4.153 ; 4.259 ; Rise       ; freg_div_23:freg1|q[18] ;
;  HEX0[5]  ; freg_div_23:freg1|q[18] ; 4.142 ; 4.247 ; Rise       ; freg_div_23:freg1|q[18] ;
;  HEX0[6]  ; freg_div_23:freg1|q[18] ; 4.228 ; 4.212 ; Rise       ; freg_div_23:freg1|q[18] ;
; HEX1[*]   ; freg_div_23:freg1|q[18] ; 4.204 ; 4.205 ; Rise       ; freg_div_23:freg1|q[18] ;
;  HEX1[0]  ; freg_div_23:freg1|q[18] ; 4.204 ; 4.205 ; Rise       ; freg_div_23:freg1|q[18] ;
;  HEX1[1]  ; freg_div_23:freg1|q[18] ; 4.186 ; 4.200 ; Rise       ; freg_div_23:freg1|q[18] ;
;  HEX1[2]  ; freg_div_23:freg1|q[18] ; 4.060 ; 3.945 ; Rise       ; freg_div_23:freg1|q[18] ;
;  HEX1[3]  ; freg_div_23:freg1|q[18] ; 4.086 ; 4.099 ; Rise       ; freg_div_23:freg1|q[18] ;
;  HEX1[4]  ; freg_div_23:freg1|q[18] ; 4.011 ; 4.098 ; Rise       ; freg_div_23:freg1|q[18] ;
;  HEX1[5]  ; freg_div_23:freg1|q[18] ; 4.039 ; 4.131 ; Rise       ; freg_div_23:freg1|q[18] ;
;  HEX1[6]  ; freg_div_23:freg1|q[18] ; 4.035 ; 4.007 ; Rise       ; freg_div_23:freg1|q[18] ;
; HEX2[*]   ; freg_div_23:freg1|q[18] ; 4.283 ; 4.225 ; Rise       ; freg_div_23:freg1|q[18] ;
;  HEX2[0]  ; freg_div_23:freg1|q[18] ; 4.011 ; 4.024 ; Rise       ; freg_div_23:freg1|q[18] ;
;  HEX2[1]  ; freg_div_23:freg1|q[18] ; 4.021 ; 4.055 ; Rise       ; freg_div_23:freg1|q[18] ;
;  HEX2[2]  ; freg_div_23:freg1|q[18] ; 3.744 ; 3.681 ; Rise       ; freg_div_23:freg1|q[18] ;
;  HEX2[3]  ; freg_div_23:freg1|q[18] ; 4.027 ; 4.048 ; Rise       ; freg_div_23:freg1|q[18] ;
;  HEX2[4]  ; freg_div_23:freg1|q[18] ; 4.066 ; 3.940 ; Rise       ; freg_div_23:freg1|q[18] ;
;  HEX2[5]  ; freg_div_23:freg1|q[18] ; 4.099 ; 4.054 ; Rise       ; freg_div_23:freg1|q[18] ;
;  HEX2[6]  ; freg_div_23:freg1|q[18] ; 4.283 ; 4.225 ; Rise       ; freg_div_23:freg1|q[18] ;
; HEX3[*]   ; freg_div_23:freg1|q[18] ; 4.286 ; 4.253 ; Rise       ; freg_div_23:freg1|q[18] ;
;  HEX3[0]  ; freg_div_23:freg1|q[18] ; 4.048 ; 3.950 ; Rise       ; freg_div_23:freg1|q[18] ;
;  HEX3[1]  ; freg_div_23:freg1|q[18] ; 4.237 ; 4.241 ; Rise       ; freg_div_23:freg1|q[18] ;
;  HEX3[2]  ; freg_div_23:freg1|q[18] ; 4.129 ; 4.197 ; Rise       ; freg_div_23:freg1|q[18] ;
;  HEX3[3]  ; freg_div_23:freg1|q[18] ; 4.177 ; 4.152 ; Rise       ; freg_div_23:freg1|q[18] ;
;  HEX3[4]  ; freg_div_23:freg1|q[18] ; 4.267 ; 4.147 ; Rise       ; freg_div_23:freg1|q[18] ;
;  HEX3[5]  ; freg_div_23:freg1|q[18] ; 4.195 ; 4.253 ; Rise       ; freg_div_23:freg1|q[18] ;
;  HEX3[6]  ; freg_div_23:freg1|q[18] ; 4.286 ; 4.226 ; Rise       ; freg_div_23:freg1|q[18] ;
+-----------+-------------------------+-------+-------+------------+-------------------------+


+--------------------------------------------------------------------------------------------+
; Minimum Clock to Output Times                                                              ;
+-----------+-------------------------+-------+-------+------------+-------------------------+
; Data Port ; Clock Port              ; Rise  ; Fall  ; Clock Edge ; Clock Reference         ;
+-----------+-------------------------+-------+-------+------------+-------------------------+
; HEX0[*]   ; freg_div_23:freg1|q[18] ; 3.549 ; 3.537 ; Rise       ; freg_div_23:freg1|q[18] ;
;  HEX0[0]  ; freg_div_23:freg1|q[18] ; 3.782 ; 3.761 ; Rise       ; freg_div_23:freg1|q[18] ;
;  HEX0[1]  ; freg_div_23:freg1|q[18] ; 3.772 ; 3.751 ; Rise       ; freg_div_23:freg1|q[18] ;
;  HEX0[2]  ; freg_div_23:freg1|q[18] ; 3.613 ; 3.667 ; Rise       ; freg_div_23:freg1|q[18] ;
;  HEX0[3]  ; freg_div_23:freg1|q[18] ; 3.549 ; 3.537 ; Rise       ; freg_div_23:freg1|q[18] ;
;  HEX0[4]  ; freg_div_23:freg1|q[18] ; 3.698 ; 3.612 ; Rise       ; freg_div_23:freg1|q[18] ;
;  HEX0[5]  ; freg_div_23:freg1|q[18] ; 3.550 ; 3.539 ; Rise       ; freg_div_23:freg1|q[18] ;
;  HEX0[6]  ; freg_div_23:freg1|q[18] ; 3.613 ; 3.605 ; Rise       ; freg_div_23:freg1|q[18] ;
; HEX1[*]   ; freg_div_23:freg1|q[18] ; 3.665 ; 3.656 ; Rise       ; freg_div_23:freg1|q[18] ;
;  HEX1[0]  ; freg_div_23:freg1|q[18] ; 3.885 ; 3.808 ; Rise       ; freg_div_23:freg1|q[18] ;
;  HEX1[1]  ; freg_div_23:freg1|q[18] ; 3.838 ; 3.817 ; Rise       ; freg_div_23:freg1|q[18] ;
;  HEX1[2]  ; freg_div_23:freg1|q[18] ; 3.715 ; 3.762 ; Rise       ; freg_div_23:freg1|q[18] ;
;  HEX1[3]  ; freg_div_23:freg1|q[18] ; 3.720 ; 3.709 ; Rise       ; freg_div_23:freg1|q[18] ;
;  HEX1[4]  ; freg_div_23:freg1|q[18] ; 3.778 ; 3.711 ; Rise       ; freg_div_23:freg1|q[18] ;
;  HEX1[5]  ; freg_div_23:freg1|q[18] ; 3.750 ; 3.802 ; Rise       ; freg_div_23:freg1|q[18] ;
;  HEX1[6]  ; freg_div_23:freg1|q[18] ; 3.665 ; 3.656 ; Rise       ; freg_div_23:freg1|q[18] ;
; HEX2[*]   ; freg_div_23:freg1|q[18] ; 3.409 ; 3.393 ; Rise       ; freg_div_23:freg1|q[18] ;
;  HEX2[0]  ; freg_div_23:freg1|q[18] ; 3.536 ; 3.524 ; Rise       ; freg_div_23:freg1|q[18] ;
;  HEX2[1]  ; freg_div_23:freg1|q[18] ; 3.564 ; 3.626 ; Rise       ; freg_div_23:freg1|q[18] ;
;  HEX2[2]  ; freg_div_23:freg1|q[18] ; 3.409 ; 3.393 ; Rise       ; freg_div_23:freg1|q[18] ;
;  HEX2[3]  ; freg_div_23:freg1|q[18] ; 3.547 ; 3.536 ; Rise       ; freg_div_23:freg1|q[18] ;
;  HEX2[4]  ; freg_div_23:freg1|q[18] ; 3.575 ; 3.564 ; Rise       ; freg_div_23:freg1|q[18] ;
;  HEX2[5]  ; freg_div_23:freg1|q[18] ; 3.596 ; 3.584 ; Rise       ; freg_div_23:freg1|q[18] ;
;  HEX2[6]  ; freg_div_23:freg1|q[18] ; 3.781 ; 3.749 ; Rise       ; freg_div_23:freg1|q[18] ;
; HEX3[*]   ; freg_div_23:freg1|q[18] ; 3.689 ; 3.679 ; Rise       ; freg_div_23:freg1|q[18] ;
;  HEX3[0]  ; freg_div_23:freg1|q[18] ; 3.689 ; 3.679 ; Rise       ; freg_div_23:freg1|q[18] ;
;  HEX3[1]  ; freg_div_23:freg1|q[18] ; 3.886 ; 3.861 ; Rise       ; freg_div_23:freg1|q[18] ;
;  HEX3[2]  ; freg_div_23:freg1|q[18] ; 3.908 ; 3.810 ; Rise       ; freg_div_23:freg1|q[18] ;
;  HEX3[3]  ; freg_div_23:freg1|q[18] ; 3.809 ; 3.793 ; Rise       ; freg_div_23:freg1|q[18] ;
;  HEX3[4]  ; freg_div_23:freg1|q[18] ; 3.895 ; 3.950 ; Rise       ; freg_div_23:freg1|q[18] ;
;  HEX3[5]  ; freg_div_23:freg1|q[18] ; 3.892 ; 3.950 ; Rise       ; freg_div_23:freg1|q[18] ;
;  HEX3[6]  ; freg_div_23:freg1|q[18] ; 3.903 ; 3.948 ; Rise       ; freg_div_23:freg1|q[18] ;
+-----------+-------------------------+-------+-------+------------+-------------------------+


---------------------------------------------
; Fast 1200mV 0C Model Metastability Report ;
---------------------------------------------
No synchronizer chains to report.


+----------------------------------------------------------------------------------------+
; Multicorner Timing Analysis Summary                                                    ;
+--------------------------+---------+--------+----------+---------+---------------------+
; Clock                    ; Setup   ; Hold   ; Recovery ; Removal ; Minimum Pulse Width ;
+--------------------------+---------+--------+----------+---------+---------------------+
; Worst-case Slack         ; -1.378  ; -0.132 ; N/A      ; N/A     ; -3.000              ;
;  CLK                     ; -1.378  ; -0.132 ; N/A      ; N/A     ; -3.000              ;
;  freg_div_23:freg1|q[18] ; -0.866  ; 0.186  ; N/A      ; N/A     ; -1.000              ;
; Design-wide TNS          ; -26.503 ; -0.132 ; 0.0      ; 0.0     ; -37.064             ;
;  CLK                     ; -16.040 ; -0.132 ; N/A      ; N/A     ; -23.064             ;
;  freg_div_23:freg1|q[18] ; -10.463 ; 0.000  ; N/A      ; N/A     ; -14.000             ;
+--------------------------+---------+--------+----------+---------+---------------------+


+--------------------------------------------------------------------------------------------+
; Setup Times                                                                                ;
+-----------+-------------------------+-------+-------+------------+-------------------------+
; Data Port ; Clock Port              ; Rise  ; Fall  ; Clock Edge ; Clock Reference         ;
+-----------+-------------------------+-------+-------+------------+-------------------------+
; BTN[*]    ; freg_div_23:freg1|q[18] ; 2.929 ; 3.377 ; Rise       ; freg_div_23:freg1|q[18] ;
;  BTN[0]   ; freg_div_23:freg1|q[18] ; 2.929 ; 3.377 ; Rise       ; freg_div_23:freg1|q[18] ;
+-----------+-------------------------+-------+-------+------------+-------------------------+


+----------------------------------------------------------------------------------------------+
; Hold Times                                                                                   ;
+-----------+-------------------------+--------+--------+------------+-------------------------+
; Data Port ; Clock Port              ; Rise   ; Fall   ; Clock Edge ; Clock Reference         ;
+-----------+-------------------------+--------+--------+------------+-------------------------+
; BTN[*]    ; freg_div_23:freg1|q[18] ; -1.114 ; -1.725 ; Rise       ; freg_div_23:freg1|q[18] ;
;  BTN[0]   ; freg_div_23:freg1|q[18] ; -1.114 ; -1.725 ; Rise       ; freg_div_23:freg1|q[18] ;
+-----------+-------------------------+--------+--------+------------+-------------------------+


+--------------------------------------------------------------------------------------------+
; Clock to Output Times                                                                      ;
+-----------+-------------------------+-------+-------+------------+-------------------------+
; Data Port ; Clock Port              ; Rise  ; Fall  ; Clock Edge ; Clock Reference         ;
+-----------+-------------------------+-------+-------+------------+-------------------------+
; HEX0[*]   ; freg_div_23:freg1|q[18] ; 7.065 ; 7.189 ; Rise       ; freg_div_23:freg1|q[18] ;
;  HEX0[0]  ; freg_div_23:freg1|q[18] ; 7.008 ; 7.066 ; Rise       ; freg_div_23:freg1|q[18] ;
;  HEX0[1]  ; freg_div_23:freg1|q[18] ; 6.970 ; 7.062 ; Rise       ; freg_div_23:freg1|q[18] ;
;  HEX0[2]  ; freg_div_23:freg1|q[18] ; 7.065 ; 7.089 ; Rise       ; freg_div_23:freg1|q[18] ;
;  HEX0[3]  ; freg_div_23:freg1|q[18] ; 7.053 ; 7.154 ; Rise       ; freg_div_23:freg1|q[18] ;
;  HEX0[4]  ; freg_div_23:freg1|q[18] ; 7.064 ; 7.189 ; Rise       ; freg_div_23:freg1|q[18] ;
;  HEX0[5]  ; freg_div_23:freg1|q[18] ; 7.046 ; 7.172 ; Rise       ; freg_div_23:freg1|q[18] ;
;  HEX0[6]  ; freg_div_23:freg1|q[18] ; 7.056 ; 7.112 ; Rise       ; freg_div_23:freg1|q[18] ;
; HEX1[*]   ; freg_div_23:freg1|q[18] ; 7.004 ; 7.118 ; Rise       ; freg_div_23:freg1|q[18] ;
;  HEX1[0]  ; freg_div_23:freg1|q[18] ; 7.004 ; 7.117 ; Rise       ; freg_div_23:freg1|q[18] ;
;  HEX1[1]  ; freg_div_23:freg1|q[18] ; 6.985 ; 7.118 ; Rise       ; freg_div_23:freg1|q[18] ;
;  HEX1[2]  ; freg_div_23:freg1|q[18] ; 6.790 ; 6.780 ; Rise       ; freg_div_23:freg1|q[18] ;
;  HEX1[3]  ; freg_div_23:freg1|q[18] ; 6.819 ; 6.923 ; Rise       ; freg_div_23:freg1|q[18] ;
;  HEX1[4]  ; freg_div_23:freg1|q[18] ; 6.802 ; 6.925 ; Rise       ; freg_div_23:freg1|q[18] ;
;  HEX1[5]  ; freg_div_23:freg1|q[18] ; 6.903 ; 7.013 ; Rise       ; freg_div_23:freg1|q[18] ;
;  HEX1[6]  ; freg_div_23:freg1|q[18] ; 6.773 ; 6.801 ; Rise       ; freg_div_23:freg1|q[18] ;
; HEX2[*]   ; freg_div_23:freg1|q[18] ; 7.129 ; 7.166 ; Rise       ; freg_div_23:freg1|q[18] ;
;  HEX2[0]  ; freg_div_23:freg1|q[18] ; 6.700 ; 6.805 ; Rise       ; freg_div_23:freg1|q[18] ;
;  HEX2[1]  ; freg_div_23:freg1|q[18] ; 6.724 ; 6.836 ; Rise       ; freg_div_23:freg1|q[18] ;
;  HEX2[2]  ; freg_div_23:freg1|q[18] ; 6.277 ; 6.283 ; Rise       ; freg_div_23:freg1|q[18] ;
;  HEX2[3]  ; freg_div_23:freg1|q[18] ; 6.721 ; 6.837 ; Rise       ; freg_div_23:freg1|q[18] ;
;  HEX2[4]  ; freg_div_23:freg1|q[18] ; 6.771 ; 6.753 ; Rise       ; freg_div_23:freg1|q[18] ;
;  HEX2[5]  ; freg_div_23:freg1|q[18] ; 6.826 ; 6.863 ; Rise       ; freg_div_23:freg1|q[18] ;
;  HEX2[6]  ; freg_div_23:freg1|q[18] ; 7.129 ; 7.166 ; Rise       ; freg_div_23:freg1|q[18] ;
; HEX3[*]   ; freg_div_23:freg1|q[18] ; 7.153 ; 7.227 ; Rise       ; freg_div_23:freg1|q[18] ;
;  HEX3[0]  ; freg_div_23:freg1|q[18] ; 6.750 ; 6.752 ; Rise       ; freg_div_23:freg1|q[18] ;
;  HEX3[1]  ; freg_div_23:freg1|q[18] ; 7.099 ; 7.227 ; Rise       ; freg_div_23:freg1|q[18] ;
;  HEX3[2]  ; freg_div_23:freg1|q[18] ; 6.975 ; 7.110 ; Rise       ; freg_div_23:freg1|q[18] ;
;  HEX3[3]  ; freg_div_23:freg1|q[18] ; 6.973 ; 7.028 ; Rise       ; freg_div_23:freg1|q[18] ;
;  HEX3[4]  ; freg_div_23:freg1|q[18] ; 7.115 ; 7.132 ; Rise       ; freg_div_23:freg1|q[18] ;
;  HEX3[5]  ; freg_div_23:freg1|q[18] ; 7.081 ; 7.220 ; Rise       ; freg_div_23:freg1|q[18] ;
;  HEX3[6]  ; freg_div_23:freg1|q[18] ; 7.153 ; 7.198 ; Rise       ; freg_div_23:freg1|q[18] ;
+-----------+-------------------------+-------+-------+------------+-------------------------+


+--------------------------------------------------------------------------------------------+
; Minimum Clock to Output Times                                                              ;
+-----------+-------------------------+-------+-------+------------+-------------------------+
; Data Port ; Clock Port              ; Rise  ; Fall  ; Clock Edge ; Clock Reference         ;
+-----------+-------------------------+-------+-------+------------+-------------------------+
; HEX0[*]   ; freg_div_23:freg1|q[18] ; 3.549 ; 3.537 ; Rise       ; freg_div_23:freg1|q[18] ;
;  HEX0[0]  ; freg_div_23:freg1|q[18] ; 3.782 ; 3.761 ; Rise       ; freg_div_23:freg1|q[18] ;
;  HEX0[1]  ; freg_div_23:freg1|q[18] ; 3.772 ; 3.751 ; Rise       ; freg_div_23:freg1|q[18] ;
;  HEX0[2]  ; freg_div_23:freg1|q[18] ; 3.613 ; 3.667 ; Rise       ; freg_div_23:freg1|q[18] ;
;  HEX0[3]  ; freg_div_23:freg1|q[18] ; 3.549 ; 3.537 ; Rise       ; freg_div_23:freg1|q[18] ;
;  HEX0[4]  ; freg_div_23:freg1|q[18] ; 3.698 ; 3.612 ; Rise       ; freg_div_23:freg1|q[18] ;
;  HEX0[5]  ; freg_div_23:freg1|q[18] ; 3.550 ; 3.539 ; Rise       ; freg_div_23:freg1|q[18] ;
;  HEX0[6]  ; freg_div_23:freg1|q[18] ; 3.613 ; 3.605 ; Rise       ; freg_div_23:freg1|q[18] ;
; HEX1[*]   ; freg_div_23:freg1|q[18] ; 3.665 ; 3.656 ; Rise       ; freg_div_23:freg1|q[18] ;
;  HEX1[0]  ; freg_div_23:freg1|q[18] ; 3.885 ; 3.808 ; Rise       ; freg_div_23:freg1|q[18] ;
;  HEX1[1]  ; freg_div_23:freg1|q[18] ; 3.838 ; 3.817 ; Rise       ; freg_div_23:freg1|q[18] ;
;  HEX1[2]  ; freg_div_23:freg1|q[18] ; 3.715 ; 3.762 ; Rise       ; freg_div_23:freg1|q[18] ;
;  HEX1[3]  ; freg_div_23:freg1|q[18] ; 3.720 ; 3.709 ; Rise       ; freg_div_23:freg1|q[18] ;
;  HEX1[4]  ; freg_div_23:freg1|q[18] ; 3.778 ; 3.711 ; Rise       ; freg_div_23:freg1|q[18] ;
;  HEX1[5]  ; freg_div_23:freg1|q[18] ; 3.750 ; 3.802 ; Rise       ; freg_div_23:freg1|q[18] ;
;  HEX1[6]  ; freg_div_23:freg1|q[18] ; 3.665 ; 3.656 ; Rise       ; freg_div_23:freg1|q[18] ;
; HEX2[*]   ; freg_div_23:freg1|q[18] ; 3.409 ; 3.393 ; Rise       ; freg_div_23:freg1|q[18] ;
;  HEX2[0]  ; freg_div_23:freg1|q[18] ; 3.536 ; 3.524 ; Rise       ; freg_div_23:freg1|q[18] ;
;  HEX2[1]  ; freg_div_23:freg1|q[18] ; 3.564 ; 3.626 ; Rise       ; freg_div_23:freg1|q[18] ;
;  HEX2[2]  ; freg_div_23:freg1|q[18] ; 3.409 ; 3.393 ; Rise       ; freg_div_23:freg1|q[18] ;
;  HEX2[3]  ; freg_div_23:freg1|q[18] ; 3.547 ; 3.536 ; Rise       ; freg_div_23:freg1|q[18] ;
;  HEX2[4]  ; freg_div_23:freg1|q[18] ; 3.575 ; 3.564 ; Rise       ; freg_div_23:freg1|q[18] ;
;  HEX2[5]  ; freg_div_23:freg1|q[18] ; 3.596 ; 3.584 ; Rise       ; freg_div_23:freg1|q[18] ;
;  HEX2[6]  ; freg_div_23:freg1|q[18] ; 3.781 ; 3.749 ; Rise       ; freg_div_23:freg1|q[18] ;
; HEX3[*]   ; freg_div_23:freg1|q[18] ; 3.689 ; 3.679 ; Rise       ; freg_div_23:freg1|q[18] ;
;  HEX3[0]  ; freg_div_23:freg1|q[18] ; 3.689 ; 3.679 ; Rise       ; freg_div_23:freg1|q[18] ;
;  HEX3[1]  ; freg_div_23:freg1|q[18] ; 3.886 ; 3.861 ; Rise       ; freg_div_23:freg1|q[18] ;
;  HEX3[2]  ; freg_div_23:freg1|q[18] ; 3.908 ; 3.810 ; Rise       ; freg_div_23:freg1|q[18] ;
;  HEX3[3]  ; freg_div_23:freg1|q[18] ; 3.809 ; 3.793 ; Rise       ; freg_div_23:freg1|q[18] ;
;  HEX3[4]  ; freg_div_23:freg1|q[18] ; 3.895 ; 3.950 ; Rise       ; freg_div_23:freg1|q[18] ;
;  HEX3[5]  ; freg_div_23:freg1|q[18] ; 3.892 ; 3.950 ; Rise       ; freg_div_23:freg1|q[18] ;
;  HEX3[6]  ; freg_div_23:freg1|q[18] ; 3.903 ; 3.948 ; Rise       ; freg_div_23:freg1|q[18] ;
+-----------+-------------------------+-------+-------+------------+-------------------------+


+------------------------------------------------------------------------------------------------------------------------------------------------------------------------------------------------------------------------------------------------------------------------------------------------------------------------------------------------------------------------------------------------------------------+
; Board Trace Model Assignments                                                                                                                                                                                                                                                                                                                                                                                    ;
+---------------+--------------+-------------------+-------------------------+-------------------------+---------------+---------------------+----------------+------------------+--------+------------------+------------------------+------------------------+--------------+---------------+-----------------+-------+---------------------+--------------------+---------------+-----------------+-------------+
; Pin           ; I/O Standard ; Near Tline Length ; Near Tline L per Length ; Near Tline C per Length ; Near Series R ; Near Differential R ; Near Pull-up R ; Near Pull-down R ; Near C ; Far Tline Length ; Far Tline L per Length ; Far Tline C per Length ; Far Series R ; Far Pull-up R ; Far Pull-down R ; Far C ; Termination Voltage ; Far Differential R ; EBD File Name ; EBD Signal Name ; EBD Far-end ;
+---------------+--------------+-------------------+-------------------------+-------------------------+---------------+---------------------+----------------+------------------+--------+------------------+------------------------+------------------------+--------------+---------------+-----------------+-------+---------------------+--------------------+---------------+-----------------+-------------+
; HEX0[0]       ; 2.5 V        ; 0 in              ; 0 H/in                  ; 0 F/in                  ; short         ; -                   ; open           ; open             ; open   ; 0 in             ; 0 H/in                 ; 0 F/in                 ; short        ; open          ; open            ; open  ; 0 V                 ; -                  ; n/a           ; n/a             ; n/a         ;
; HEX0[1]       ; 2.5 V        ; 0 in              ; 0 H/in                  ; 0 F/in                  ; short         ; -                   ; open           ; open             ; open   ; 0 in             ; 0 H/in                 ; 0 F/in                 ; short        ; open          ; open            ; open  ; 0 V                 ; -                  ; n/a           ; n/a             ; n/a         ;
; HEX0[2]       ; 2.5 V        ; 0 in              ; 0 H/in                  ; 0 F/in                  ; short         ; -                   ; open           ; open             ; open   ; 0 in             ; 0 H/in                 ; 0 F/in                 ; short        ; open          ; open            ; open  ; 0 V                 ; -                  ; n/a           ; n/a             ; n/a         ;
; HEX0[3]       ; 2.5 V        ; 0 in              ; 0 H/in                  ; 0 F/in                  ; short         ; -                   ; open           ; open             ; open   ; 0 in             ; 0 H/in                 ; 0 F/in                 ; short        ; open          ; open            ; open  ; 0 V                 ; -                  ; n/a           ; n/a             ; n/a         ;
; HEX0[4]       ; 2.5 V        ; 0 in              ; 0 H/in                  ; 0 F/in                  ; short         ; -                   ; open           ; open             ; open   ; 0 in             ; 0 H/in                 ; 0 F/in                 ; short        ; open          ; open            ; open  ; 0 V                 ; -                  ; n/a           ; n/a             ; n/a         ;
; HEX0[5]       ; 2.5 V        ; 0 in              ; 0 H/in                  ; 0 F/in                  ; short         ; -                   ; open           ; open             ; open   ; 0 in             ; 0 H/in                 ; 0 F/in                 ; short        ; open          ; open            ; open  ; 0 V                 ; -                  ; n/a           ; n/a             ; n/a         ;
; HEX0[6]       ; 2.5 V        ; 0 in              ; 0 H/in                  ; 0 F/in                  ; short         ; -                   ; open           ; open             ; open   ; 0 in             ; 0 H/in                 ; 0 F/in                 ; short        ; open          ; open            ; open  ; 0 V                 ; -                  ; n/a           ; n/a             ; n/a         ;
; HEX1[0]       ; 2.5 V        ; 0 in              ; 0 H/in                  ; 0 F/in                  ; short         ; -                   ; open           ; open             ; open   ; 0 in             ; 0 H/in                 ; 0 F/in                 ; short        ; open          ; open            ; open  ; 0 V                 ; -                  ; n/a           ; n/a             ; n/a         ;
; HEX1[1]       ; 2.5 V        ; 0 in              ; 0 H/in                  ; 0 F/in                  ; short         ; -                   ; open           ; open             ; open   ; 0 in             ; 0 H/in                 ; 0 F/in                 ; short        ; open          ; open            ; open  ; 0 V                 ; -                  ; n/a           ; n/a             ; n/a         ;
; HEX1[2]       ; 2.5 V        ; 0 in              ; 0 H/in                  ; 0 F/in                  ; short         ; -                   ; open           ; open             ; open   ; 0 in             ; 0 H/in                 ; 0 F/in                 ; short        ; open          ; open            ; open  ; 0 V                 ; -                  ; n/a           ; n/a             ; n/a         ;
; HEX1[3]       ; 2.5 V        ; 0 in              ; 0 H/in                  ; 0 F/in                  ; short         ; -                   ; open           ; open             ; open   ; 0 in             ; 0 H/in                 ; 0 F/in                 ; short        ; open          ; open            ; open  ; 0 V                 ; -                  ; n/a           ; n/a             ; n/a         ;
; HEX1[4]       ; 2.5 V        ; 0 in              ; 0 H/in                  ; 0 F/in                  ; short         ; -                   ; open           ; open             ; open   ; 0 in             ; 0 H/in                 ; 0 F/in                 ; short        ; open          ; open            ; open  ; 0 V                 ; -                  ; n/a           ; n/a             ; n/a         ;
; HEX1[5]       ; 2.5 V        ; 0 in              ; 0 H/in                  ; 0 F/in                  ; short         ; -                   ; open           ; open             ; open   ; 0 in             ; 0 H/in                 ; 0 F/in                 ; short        ; open          ; open            ; open  ; 0 V                 ; -                  ; n/a           ; n/a             ; n/a         ;
; HEX1[6]       ; 2.5 V        ; 0 in              ; 0 H/in                  ; 0 F/in                  ; short         ; -                   ; open           ; open             ; open   ; 0 in             ; 0 H/in                 ; 0 F/in                 ; short        ; open          ; open            ; open  ; 0 V                 ; -                  ; n/a           ; n/a             ; n/a         ;
; HEX2[0]       ; 2.5 V        ; 0 in              ; 0 H/in                  ; 0 F/in                  ; short         ; -                   ; open           ; open             ; open   ; 0 in             ; 0 H/in                 ; 0 F/in                 ; short        ; open          ; open            ; open  ; 0 V                 ; -                  ; n/a           ; n/a             ; n/a         ;
; HEX2[1]       ; 2.5 V        ; 0 in              ; 0 H/in                  ; 0 F/in                  ; short         ; -                   ; open           ; open             ; open   ; 0 in             ; 0 H/in                 ; 0 F/in                 ; short        ; open          ; open            ; open  ; 0 V                 ; -                  ; n/a           ; n/a             ; n/a         ;
; HEX2[2]       ; 2.5 V        ; 0 in              ; 0 H/in                  ; 0 F/in                  ; short         ; -                   ; open           ; open             ; open   ; 0 in             ; 0 H/in                 ; 0 F/in                 ; short        ; open          ; open            ; open  ; 0 V                 ; -                  ; n/a           ; n/a             ; n/a         ;
; HEX2[3]       ; 2.5 V        ; 0 in              ; 0 H/in                  ; 0 F/in                  ; short         ; -                   ; open           ; open             ; open   ; 0 in             ; 0 H/in                 ; 0 F/in                 ; short        ; open          ; open            ; open  ; 0 V                 ; -                  ; n/a           ; n/a             ; n/a         ;
; HEX2[4]       ; 2.5 V        ; 0 in              ; 0 H/in                  ; 0 F/in                  ; short         ; -                   ; open           ; open             ; open   ; 0 in             ; 0 H/in                 ; 0 F/in                 ; short        ; open          ; open            ; open  ; 0 V                 ; -                  ; n/a           ; n/a             ; n/a         ;
; HEX2[5]       ; 2.5 V        ; 0 in              ; 0 H/in                  ; 0 F/in                  ; short         ; -                   ; open           ; open             ; open   ; 0 in             ; 0 H/in                 ; 0 F/in                 ; short        ; open          ; open            ; open  ; 0 V                 ; -                  ; n/a           ; n/a             ; n/a         ;
; HEX2[6]       ; 2.5 V        ; 0 in              ; 0 H/in                  ; 0 F/in                  ; short         ; -                   ; open           ; open             ; open   ; 0 in             ; 0 H/in                 ; 0 F/in                 ; short        ; open          ; open            ; open  ; 0 V                 ; -                  ; n/a           ; n/a             ; n/a         ;
; HEX3[0]       ; 2.5 V        ; 0 in              ; 0 H/in                  ; 0 F/in                  ; short         ; -                   ; open           ; open             ; open   ; 0 in             ; 0 H/in                 ; 0 F/in                 ; short        ; open          ; open            ; open  ; 0 V                 ; -                  ; n/a           ; n/a             ; n/a         ;
; HEX3[1]       ; 2.5 V        ; 0 in              ; 0 H/in                  ; 0 F/in                  ; short         ; -                   ; open           ; open             ; open   ; 0 in             ; 0 H/in                 ; 0 F/in                 ; short        ; open          ; open            ; open  ; 0 V                 ; -                  ; n/a           ; n/a             ; n/a         ;
; HEX3[2]       ; 2.5 V        ; 0 in              ; 0 H/in                  ; 0 F/in                  ; short         ; -                   ; open           ; open             ; open   ; 0 in             ; 0 H/in                 ; 0 F/in                 ; short        ; open          ; open            ; open  ; 0 V                 ; -                  ; n/a           ; n/a             ; n/a         ;
; HEX3[3]       ; 2.5 V        ; 0 in              ; 0 H/in                  ; 0 F/in                  ; short         ; -                   ; open           ; open             ; open   ; 0 in             ; 0 H/in                 ; 0 F/in                 ; short        ; open          ; open            ; open  ; 0 V                 ; -                  ; n/a           ; n/a             ; n/a         ;
; HEX3[4]       ; 2.5 V        ; 0 in              ; 0 H/in                  ; 0 F/in                  ; short         ; -                   ; open           ; open             ; open   ; 0 in             ; 0 H/in                 ; 0 F/in                 ; short        ; open          ; open            ; open  ; 0 V                 ; -                  ; n/a           ; n/a             ; n/a         ;
; HEX3[5]       ; 2.5 V        ; 0 in              ; 0 H/in                  ; 0 F/in                  ; short         ; -                   ; open           ; open             ; open   ; 0 in             ; 0 H/in                 ; 0 F/in                 ; short        ; open          ; open            ; open  ; 0 V                 ; -                  ; n/a           ; n/a             ; n/a         ;
; HEX3[6]       ; 2.5 V        ; 0 in              ; 0 H/in                  ; 0 F/in                  ; short         ; -                   ; open           ; open             ; open   ; 0 in             ; 0 H/in                 ; 0 F/in                 ; short        ; open          ; open            ; open  ; 0 V                 ; -                  ; n/a           ; n/a             ; n/a         ;
; LED[0]        ; 2.5 V        ; 0 in              ; 0 H/in                  ; 0 F/in                  ; short         ; -                   ; open           ; open             ; open   ; 0 in             ; 0 H/in                 ; 0 F/in                 ; short        ; open          ; open            ; open  ; 0 V                 ; -                  ; n/a           ; n/a             ; n/a         ;
; LED[1]        ; 2.5 V        ; 0 in              ; 0 H/in                  ; 0 F/in                  ; short         ; -                   ; open           ; open             ; open   ; 0 in             ; 0 H/in                 ; 0 F/in                 ; short        ; open          ; open            ; open  ; 0 V                 ; -                  ; n/a           ; n/a             ; n/a         ;
; LED[2]        ; 2.5 V        ; 0 in              ; 0 H/in                  ; 0 F/in                  ; short         ; -                   ; open           ; open             ; open   ; 0 in             ; 0 H/in                 ; 0 F/in                 ; short        ; open          ; open            ; open  ; 0 V                 ; -                  ; n/a           ; n/a             ; n/a         ;
; LED[3]        ; 2.5 V        ; 0 in              ; 0 H/in                  ; 0 F/in                  ; short         ; -                   ; open           ; open             ; open   ; 0 in             ; 0 H/in                 ; 0 F/in                 ; short        ; open          ; open            ; open  ; 0 V                 ; -                  ; n/a           ; n/a             ; n/a         ;
; LED[4]        ; 2.5 V        ; 0 in              ; 0 H/in                  ; 0 F/in                  ; short         ; -                   ; open           ; open             ; open   ; 0 in             ; 0 H/in                 ; 0 F/in                 ; short        ; open          ; open            ; open  ; 0 V                 ; -                  ; n/a           ; n/a             ; n/a         ;
; LED[5]        ; 2.5 V        ; 0 in              ; 0 H/in                  ; 0 F/in                  ; short         ; -                   ; open           ; open             ; open   ; 0 in             ; 0 H/in                 ; 0 F/in                 ; short        ; open          ; open            ; open  ; 0 V                 ; -                  ; n/a           ; n/a             ; n/a         ;
; LED[6]        ; 2.5 V        ; 0 in              ; 0 H/in                  ; 0 F/in                  ; short         ; -                   ; open           ; open             ; open   ; 0 in             ; 0 H/in                 ; 0 F/in                 ; short        ; open          ; open            ; open  ; 0 V                 ; -                  ; n/a           ; n/a             ; n/a         ;
; LED[7]        ; 2.5 V        ; 0 in              ; 0 H/in                  ; 0 F/in                  ; short         ; -                   ; open           ; open             ; open   ; 0 in             ; 0 H/in                 ; 0 F/in                 ; short        ; open          ; open            ; open  ; 0 V                 ; -                  ; n/a           ; n/a             ; n/a         ;
; LED[8]        ; 2.5 V        ; 0 in              ; 0 H/in                  ; 0 F/in                  ; short         ; -                   ; open           ; open             ; open   ; 0 in             ; 0 H/in                 ; 0 F/in                 ; short        ; open          ; open            ; open  ; 0 V                 ; -                  ; n/a           ; n/a             ; n/a         ;
; LED[9]        ; 2.5 V        ; 0 in              ; 0 H/in                  ; 0 F/in                  ; short         ; -                   ; open           ; open             ; open   ; 0 in             ; 0 H/in                 ; 0 F/in                 ; short        ; open          ; open            ; open  ; 0 V                 ; -                  ; n/a           ; n/a             ; n/a         ;
; ~ALTERA_DCLK~ ; 2.5 V        ; 0 in              ; 0 H/in                  ; 0 F/in                  ; short         ; -                   ; open           ; open             ; open   ; 0 in             ; 0 H/in                 ; 0 F/in                 ; short        ; open          ; open            ; open  ; 0 V                 ; -                  ; n/a           ; n/a             ; n/a         ;
; ~ALTERA_nCEO~ ; 2.5 V        ; 0 in              ; 0 H/in                  ; 0 F/in                  ; short         ; -                   ; open           ; open             ; open   ; 0 in             ; 0 H/in                 ; 0 F/in                 ; short        ; open          ; open            ; open  ; 0 V                 ; -                  ; n/a           ; n/a             ; n/a         ;
+---------------+--------------+-------------------+-------------------------+-------------------------+---------------+---------------------+----------------+------------------+--------+------------------+------------------------+------------------------+--------------+---------------+-----------------+-------+---------------------+--------------------+---------------+-----------------+-------------+


+----------------------------------------------------------------------------+
; Input Transition Times                                                     ;
+-------------------------+--------------+-----------------+-----------------+
; Pin                     ; I/O Standard ; 10-90 Rise Time ; 90-10 Fall Time ;
+-------------------------+--------------+-----------------+-----------------+
; SW[0]                   ; 2.5 V        ; 2000 ps         ; 2000 ps         ;
; SW[1]                   ; 2.5 V        ; 2000 ps         ; 2000 ps         ;
; SW[2]                   ; 2.5 V        ; 2000 ps         ; 2000 ps         ;
; SW[3]                   ; 2.5 V        ; 2000 ps         ; 2000 ps         ;
; SW[4]                   ; 2.5 V        ; 2000 ps         ; 2000 ps         ;
; SW[5]                   ; 2.5 V        ; 2000 ps         ; 2000 ps         ;
; SW[6]                   ; 2.5 V        ; 2000 ps         ; 2000 ps         ;
; SW[7]                   ; 2.5 V        ; 2000 ps         ; 2000 ps         ;
; SW[8]                   ; 2.5 V        ; 2000 ps         ; 2000 ps         ;
; SW[9]                   ; 2.5 V        ; 2000 ps         ; 2000 ps         ;
; BTN[1]                  ; 2.5 V        ; 2000 ps         ; 2000 ps         ;
; BTN[2]                  ; 2.5 V        ; 2000 ps         ; 2000 ps         ;
; BTN[0]                  ; 2.5 V        ; 2000 ps         ; 2000 ps         ;
; CLK                     ; 2.5 V        ; 2000 ps         ; 2000 ps         ;
; ~ALTERA_ASDO_DATA1~     ; 2.5 V        ; 2000 ps         ; 2000 ps         ;
; ~ALTERA_FLASH_nCE_nCSO~ ; 2.5 V        ; 2000 ps         ; 2000 ps         ;
; ~ALTERA_DATA0~          ; 2.5 V        ; 2000 ps         ; 2000 ps         ;
+-------------------------+--------------+-----------------+-----------------+


+--------------------------------------------------------------------------------------------------------------------------------------------------------------------------------------------------------------------------------------------------------------------------------------------------------------------------------------------------------------------------------------------------------------------------------------------------------------------------------------------------------------------------------------------------------------------------------------------------------------------------------------------------------------------------------------------+
; Slow Corner Signal Integrity Metrics                                                                                                                                                                                                                                                                                                                                                                                                                                                                                                                                                                                                                                                       ;
+---------------+--------------+---------------------+---------------------+------------------------------+------------------------------+---------------------+---------------------+--------------------------------------+--------------------------------------+-----------------------------+-----------------------------+----------------------------+----------------------------+-----------------------------+-----------------------------+--------------------+--------------------+-------------------------------------+-------------------------------------+----------------------------+----------------------------+---------------------------+---------------------------+
; Pin           ; I/O Standard ; Board Delay on Rise ; Board Delay on Fall ; Steady State Voh at FPGA Pin ; Steady State Vol at FPGA Pin ; Voh Max at FPGA Pin ; Vol Min at FPGA Pin ; Ringback Voltage on Rise at FPGA Pin ; Ringback Voltage on Fall at FPGA Pin ; 10-90 Rise Time at FPGA Pin ; 90-10 Fall Time at FPGA Pin ; Monotonic Rise at FPGA Pin ; Monotonic Fall at FPGA Pin ; Steady State Voh at Far-end ; Steady State Vol at Far-end ; Voh Max at Far-end ; Vol Min at Far-end ; Ringback Voltage on Rise at Far-end ; Ringback Voltage on Fall at Far-end ; 10-90 Rise Time at Far-end ; 90-10 Fall Time at Far-end ; Monotonic Rise at Far-end ; Monotonic Fall at Far-end ;
+---------------+--------------+---------------------+---------------------+------------------------------+------------------------------+---------------------+---------------------+--------------------------------------+--------------------------------------+-----------------------------+-----------------------------+----------------------------+----------------------------+-----------------------------+-----------------------------+--------------------+--------------------+-------------------------------------+-------------------------------------+----------------------------+----------------------------+---------------------------+---------------------------+
; HEX0[0]       ; 2.5 V        ; 0 s                 ; 0 s                 ; 2.32 V                       ; 1.08e-06 V                   ; 2.36 V              ; -0.0113 V           ; 0.122 V                              ; 0.022 V                              ; 4.5e-10 s                   ; 4.45e-10 s                  ; Yes                        ; Yes                        ; 2.32 V                      ; 1.08e-06 V                  ; 2.36 V             ; -0.0113 V          ; 0.122 V                             ; 0.022 V                             ; 4.5e-10 s                  ; 4.45e-10 s                 ; Yes                       ; Yes                       ;
; HEX0[1]       ; 2.5 V        ; 0 s                 ; 0 s                 ; 2.32 V                       ; 1.08e-06 V                   ; 2.36 V              ; -0.0113 V           ; 0.122 V                              ; 0.022 V                              ; 4.5e-10 s                   ; 4.45e-10 s                  ; Yes                        ; Yes                        ; 2.32 V                      ; 1.08e-06 V                  ; 2.36 V             ; -0.0113 V          ; 0.122 V                             ; 0.022 V                             ; 4.5e-10 s                  ; 4.45e-10 s                 ; Yes                       ; Yes                       ;
; HEX0[2]       ; 2.5 V        ; 0 s                 ; 0 s                 ; 2.32 V                       ; 1.08e-06 V                   ; 2.36 V              ; -0.0113 V           ; 0.122 V                              ; 0.022 V                              ; 4.5e-10 s                   ; 4.45e-10 s                  ; Yes                        ; Yes                        ; 2.32 V                      ; 1.08e-06 V                  ; 2.36 V             ; -0.0113 V          ; 0.122 V                             ; 0.022 V                             ; 4.5e-10 s                  ; 4.45e-10 s                 ; Yes                       ; Yes                       ;
; HEX0[3]       ; 2.5 V        ; 0 s                 ; 0 s                 ; 2.32 V                       ; 1.08e-06 V                   ; 2.36 V              ; -0.0113 V           ; 0.122 V                              ; 0.022 V                              ; 4.5e-10 s                   ; 4.45e-10 s                  ; Yes                        ; Yes                        ; 2.32 V                      ; 1.08e-06 V                  ; 2.36 V             ; -0.0113 V          ; 0.122 V                             ; 0.022 V                             ; 4.5e-10 s                  ; 4.45e-10 s                 ; Yes                       ; Yes                       ;
; HEX0[4]       ; 2.5 V        ; 0 s                 ; 0 s                 ; 2.32 V                       ; 1.08e-06 V                   ; 2.36 V              ; -0.0113 V           ; 0.122 V                              ; 0.022 V                              ; 4.5e-10 s                   ; 4.45e-10 s                  ; Yes                        ; Yes                        ; 2.32 V                      ; 1.08e-06 V                  ; 2.36 V             ; -0.0113 V          ; 0.122 V                             ; 0.022 V                             ; 4.5e-10 s                  ; 4.45e-10 s                 ; Yes                       ; Yes                       ;
; HEX0[5]       ; 2.5 V        ; 0 s                 ; 0 s                 ; 2.32 V                       ; 1.08e-06 V                   ; 2.36 V              ; -0.0113 V           ; 0.122 V                              ; 0.022 V                              ; 4.5e-10 s                   ; 4.45e-10 s                  ; Yes                        ; Yes                        ; 2.32 V                      ; 1.08e-06 V                  ; 2.36 V             ; -0.0113 V          ; 0.122 V                             ; 0.022 V                             ; 4.5e-10 s                  ; 4.45e-10 s                 ; Yes                       ; Yes                       ;
; HEX0[6]       ; 2.5 V        ; 0 s                 ; 0 s                 ; 2.32 V                       ; 1.08e-06 V                   ; 2.36 V              ; -0.0113 V           ; 0.122 V                              ; 0.022 V                              ; 4.5e-10 s                   ; 4.45e-10 s                  ; Yes                        ; Yes                        ; 2.32 V                      ; 1.08e-06 V                  ; 2.36 V             ; -0.0113 V          ; 0.122 V                             ; 0.022 V                             ; 4.5e-10 s                  ; 4.45e-10 s                 ; Yes                       ; Yes                       ;
; HEX1[0]       ; 2.5 V        ; 0 s                 ; 0 s                 ; 2.32 V                       ; 1.08e-06 V                   ; 2.36 V              ; -0.0113 V           ; 0.122 V                              ; 0.022 V                              ; 4.5e-10 s                   ; 4.45e-10 s                  ; Yes                        ; Yes                        ; 2.32 V                      ; 1.08e-06 V                  ; 2.36 V             ; -0.0113 V          ; 0.122 V                             ; 0.022 V                             ; 4.5e-10 s                  ; 4.45e-10 s                 ; Yes                       ; Yes                       ;
; HEX1[1]       ; 2.5 V        ; 0 s                 ; 0 s                 ; 2.32 V                       ; 1.08e-06 V                   ; 2.36 V              ; -0.0113 V           ; 0.122 V                              ; 0.022 V                              ; 4.5e-10 s                   ; 4.45e-10 s                  ; Yes                        ; Yes                        ; 2.32 V                      ; 1.08e-06 V                  ; 2.36 V             ; -0.0113 V          ; 0.122 V                             ; 0.022 V                             ; 4.5e-10 s                  ; 4.45e-10 s                 ; Yes                       ; Yes                       ;
; HEX1[2]       ; 2.5 V        ; 0 s                 ; 0 s                 ; 2.32 V                       ; 1.08e-06 V                   ; 2.36 V              ; -0.0113 V           ; 0.122 V                              ; 0.022 V                              ; 4.5e-10 s                   ; 4.45e-10 s                  ; Yes                        ; Yes                        ; 2.32 V                      ; 1.08e-06 V                  ; 2.36 V             ; -0.0113 V          ; 0.122 V                             ; 0.022 V                             ; 4.5e-10 s                  ; 4.45e-10 s                 ; Yes                       ; Yes                       ;
; HEX1[3]       ; 2.5 V        ; 0 s                 ; 0 s                 ; 2.32 V                       ; 1.08e-06 V                   ; 2.36 V              ; -0.0113 V           ; 0.122 V                              ; 0.022 V                              ; 4.5e-10 s                   ; 4.45e-10 s                  ; Yes                        ; Yes                        ; 2.32 V                      ; 1.08e-06 V                  ; 2.36 V             ; -0.0113 V          ; 0.122 V                             ; 0.022 V                             ; 4.5e-10 s                  ; 4.45e-10 s                 ; Yes                       ; Yes                       ;
; HEX1[4]       ; 2.5 V        ; 0 s                 ; 0 s                 ; 2.32 V                       ; 1.08e-06 V                   ; 2.36 V              ; -0.0113 V           ; 0.122 V                              ; 0.022 V                              ; 4.5e-10 s                   ; 4.45e-10 s                  ; Yes                        ; Yes                        ; 2.32 V                      ; 1.08e-06 V                  ; 2.36 V             ; -0.0113 V          ; 0.122 V                             ; 0.022 V                             ; 4.5e-10 s                  ; 4.45e-10 s                 ; Yes                       ; Yes                       ;
; HEX1[5]       ; 2.5 V        ; 0 s                 ; 0 s                 ; 2.32 V                       ; 1.08e-06 V                   ; 2.36 V              ; -0.0113 V           ; 0.122 V                              ; 0.022 V                              ; 4.5e-10 s                   ; 4.45e-10 s                  ; Yes                        ; Yes                        ; 2.32 V                      ; 1.08e-06 V                  ; 2.36 V             ; -0.0113 V          ; 0.122 V                             ; 0.022 V                             ; 4.5e-10 s                  ; 4.45e-10 s                 ; Yes                       ; Yes                       ;
; HEX1[6]       ; 2.5 V        ; 0 s                 ; 0 s                 ; 2.32 V                       ; 1.08e-06 V                   ; 2.36 V              ; -0.0113 V           ; 0.122 V                              ; 0.022 V                              ; 4.5e-10 s                   ; 4.45e-10 s                  ; Yes                        ; Yes                        ; 2.32 V                      ; 1.08e-06 V                  ; 2.36 V             ; -0.0113 V          ; 0.122 V                             ; 0.022 V                             ; 4.5e-10 s                  ; 4.45e-10 s                 ; Yes                       ; Yes                       ;
; HEX2[0]       ; 2.5 V        ; 0 s                 ; 0 s                 ; 2.32 V                       ; 1.08e-06 V                   ; 2.36 V              ; -0.0113 V           ; 0.122 V                              ; 0.022 V                              ; 4.5e-10 s                   ; 4.45e-10 s                  ; Yes                        ; Yes                        ; 2.32 V                      ; 1.08e-06 V                  ; 2.36 V             ; -0.0113 V          ; 0.122 V                             ; 0.022 V                             ; 4.5e-10 s                  ; 4.45e-10 s                 ; Yes                       ; Yes                       ;
; HEX2[1]       ; 2.5 V        ; 0 s                 ; 0 s                 ; 2.32 V                       ; 1.08e-06 V                   ; 2.36 V              ; -0.0113 V           ; 0.122 V                              ; 0.022 V                              ; 4.5e-10 s                   ; 4.45e-10 s                  ; Yes                        ; Yes                        ; 2.32 V                      ; 1.08e-06 V                  ; 2.36 V             ; -0.0113 V          ; 0.122 V                             ; 0.022 V                             ; 4.5e-10 s                  ; 4.45e-10 s                 ; Yes                       ; Yes                       ;
; HEX2[2]       ; 2.5 V        ; 0 s                 ; 0 s                 ; 2.32 V                       ; 1.08e-06 V                   ; 2.36 V              ; -0.0113 V           ; 0.122 V                              ; 0.022 V                              ; 4.5e-10 s                   ; 4.45e-10 s                  ; Yes                        ; Yes                        ; 2.32 V                      ; 1.08e-06 V                  ; 2.36 V             ; -0.0113 V          ; 0.122 V                             ; 0.022 V                             ; 4.5e-10 s                  ; 4.45e-10 s                 ; Yes                       ; Yes                       ;
; HEX2[3]       ; 2.5 V        ; 0 s                 ; 0 s                 ; 2.32 V                       ; 1.08e-06 V                   ; 2.36 V              ; -0.0113 V           ; 0.122 V                              ; 0.022 V                              ; 4.5e-10 s                   ; 4.45e-10 s                  ; Yes                        ; Yes                        ; 2.32 V                      ; 1.08e-06 V                  ; 2.36 V             ; -0.0113 V          ; 0.122 V                             ; 0.022 V                             ; 4.5e-10 s                  ; 4.45e-10 s                 ; Yes                       ; Yes                       ;
; HEX2[4]       ; 2.5 V        ; 0 s                 ; 0 s                 ; 2.32 V                       ; 1.08e-06 V                   ; 2.36 V              ; -0.0113 V           ; 0.122 V                              ; 0.022 V                              ; 4.5e-10 s                   ; 4.45e-10 s                  ; Yes                        ; Yes                        ; 2.32 V                      ; 1.08e-06 V                  ; 2.36 V             ; -0.0113 V          ; 0.122 V                             ; 0.022 V                             ; 4.5e-10 s                  ; 4.45e-10 s                 ; Yes                       ; Yes                       ;
; HEX2[5]       ; 2.5 V        ; 0 s                 ; 0 s                 ; 2.32 V                       ; 1.08e-06 V                   ; 2.36 V              ; -0.0113 V           ; 0.122 V                              ; 0.022 V                              ; 4.5e-10 s                   ; 4.45e-10 s                  ; Yes                        ; Yes                        ; 2.32 V                      ; 1.08e-06 V                  ; 2.36 V             ; -0.0113 V          ; 0.122 V                             ; 0.022 V                             ; 4.5e-10 s                  ; 4.45e-10 s                 ; Yes                       ; Yes                       ;
; HEX2[6]       ; 2.5 V        ; 0 s                 ; 0 s                 ; 2.32 V                       ; 1.08e-06 V                   ; 2.36 V              ; -0.0113 V           ; 0.122 V                              ; 0.022 V                              ; 4.5e-10 s                   ; 4.45e-10 s                  ; Yes                        ; Yes                        ; 2.32 V                      ; 1.08e-06 V                  ; 2.36 V             ; -0.0113 V          ; 0.122 V                             ; 0.022 V                             ; 4.5e-10 s                  ; 4.45e-10 s                 ; Yes                       ; Yes                       ;
; HEX3[0]       ; 2.5 V        ; 0 s                 ; 0 s                 ; 2.32 V                       ; 1.08e-06 V                   ; 2.36 V              ; -0.0113 V           ; 0.122 V                              ; 0.022 V                              ; 4.5e-10 s                   ; 4.45e-10 s                  ; Yes                        ; Yes                        ; 2.32 V                      ; 1.08e-06 V                  ; 2.36 V             ; -0.0113 V          ; 0.122 V                             ; 0.022 V                             ; 4.5e-10 s                  ; 4.45e-10 s                 ; Yes                       ; Yes                       ;
; HEX3[1]       ; 2.5 V        ; 0 s                 ; 0 s                 ; 2.32 V                       ; 1.08e-06 V                   ; 2.36 V              ; -0.0113 V           ; 0.122 V                              ; 0.022 V                              ; 4.5e-10 s                   ; 4.45e-10 s                  ; Yes                        ; Yes                        ; 2.32 V                      ; 1.08e-06 V                  ; 2.36 V             ; -0.0113 V          ; 0.122 V                             ; 0.022 V                             ; 4.5e-10 s                  ; 4.45e-10 s                 ; Yes                       ; Yes                       ;
; HEX3[2]       ; 2.5 V        ; 0 s                 ; 0 s                 ; 2.32 V                       ; 1.08e-06 V                   ; 2.36 V              ; -0.0113 V           ; 0.122 V                              ; 0.022 V                              ; 4.5e-10 s                   ; 4.45e-10 s                  ; Yes                        ; Yes                        ; 2.32 V                      ; 1.08e-06 V                  ; 2.36 V             ; -0.0113 V          ; 0.122 V                             ; 0.022 V                             ; 4.5e-10 s                  ; 4.45e-10 s                 ; Yes                       ; Yes                       ;
; HEX3[3]       ; 2.5 V        ; 0 s                 ; 0 s                 ; 2.32 V                       ; 1.08e-06 V                   ; 2.36 V              ; -0.0113 V           ; 0.122 V                              ; 0.022 V                              ; 4.5e-10 s                   ; 4.45e-10 s                  ; Yes                        ; Yes                        ; 2.32 V                      ; 1.08e-06 V                  ; 2.36 V             ; -0.0113 V          ; 0.122 V                             ; 0.022 V                             ; 4.5e-10 s                  ; 4.45e-10 s                 ; Yes                       ; Yes                       ;
; HEX3[4]       ; 2.5 V        ; 0 s                 ; 0 s                 ; 2.32 V                       ; 1.08e-06 V                   ; 2.36 V              ; -0.0113 V           ; 0.122 V                              ; 0.022 V                              ; 4.5e-10 s                   ; 4.45e-10 s                  ; Yes                        ; Yes                        ; 2.32 V                      ; 1.08e-06 V                  ; 2.36 V             ; -0.0113 V          ; 0.122 V                             ; 0.022 V                             ; 4.5e-10 s                  ; 4.45e-10 s                 ; Yes                       ; Yes                       ;
; HEX3[5]       ; 2.5 V        ; 0 s                 ; 0 s                 ; 2.32 V                       ; 1.08e-06 V                   ; 2.36 V              ; -0.0113 V           ; 0.122 V                              ; 0.022 V                              ; 4.5e-10 s                   ; 4.45e-10 s                  ; Yes                        ; Yes                        ; 2.32 V                      ; 1.08e-06 V                  ; 2.36 V             ; -0.0113 V          ; 0.122 V                             ; 0.022 V                             ; 4.5e-10 s                  ; 4.45e-10 s                 ; Yes                       ; Yes                       ;
; HEX3[6]       ; 2.5 V        ; 0 s                 ; 0 s                 ; 2.32 V                       ; 1.08e-06 V                   ; 2.36 V              ; -0.0113 V           ; 0.122 V                              ; 0.022 V                              ; 4.5e-10 s                   ; 4.45e-10 s                  ; Yes                        ; Yes                        ; 2.32 V                      ; 1.08e-06 V                  ; 2.36 V             ; -0.0113 V          ; 0.122 V                             ; 0.022 V                             ; 4.5e-10 s                  ; 4.45e-10 s                 ; Yes                       ; Yes                       ;
; LED[0]        ; 2.5 V        ; 0 s                 ; 0 s                 ; 2.32 V                       ; 7.25e-07 V                   ; 2.35 V              ; -0.0111 V           ; 0.113 V                              ; 0.035 V                              ; 7.76e-10 s                  ; 8.04e-10 s                  ; Yes                        ; Yes                        ; 2.32 V                      ; 7.25e-07 V                  ; 2.35 V             ; -0.0111 V          ; 0.113 V                             ; 0.035 V                             ; 7.76e-10 s                 ; 8.04e-10 s                 ; Yes                       ; Yes                       ;
; LED[1]        ; 2.5 V        ; 0 s                 ; 0 s                 ; 2.32 V                       ; 7.25e-07 V                   ; 2.35 V              ; -0.0111 V           ; 0.113 V                              ; 0.035 V                              ; 7.76e-10 s                  ; 8.04e-10 s                  ; Yes                        ; Yes                        ; 2.32 V                      ; 7.25e-07 V                  ; 2.35 V             ; -0.0111 V          ; 0.113 V                             ; 0.035 V                             ; 7.76e-10 s                 ; 8.04e-10 s                 ; Yes                       ; Yes                       ;
; LED[2]        ; 2.5 V        ; 0 s                 ; 0 s                 ; 2.32 V                       ; 7.25e-07 V                   ; 2.33 V              ; -0.00317 V          ; 0.162 V                              ; 0.063 V                              ; 3.54e-09 s                  ; 3.41e-09 s                  ; Yes                        ; Yes                        ; 2.32 V                      ; 7.25e-07 V                  ; 2.33 V             ; -0.00317 V         ; 0.162 V                             ; 0.063 V                             ; 3.54e-09 s                 ; 3.41e-09 s                 ; Yes                       ; Yes                       ;
; LED[3]        ; 2.5 V        ; 0 s                 ; 0 s                 ; 2.32 V                       ; 7.25e-07 V                   ; 2.35 V              ; -0.0111 V           ; 0.113 V                              ; 0.035 V                              ; 7.76e-10 s                  ; 8.04e-10 s                  ; Yes                        ; Yes                        ; 2.32 V                      ; 7.25e-07 V                  ; 2.35 V             ; -0.0111 V          ; 0.113 V                             ; 0.035 V                             ; 7.76e-10 s                 ; 8.04e-10 s                 ; Yes                       ; Yes                       ;
; LED[4]        ; 2.5 V        ; 0 s                 ; 0 s                 ; 2.32 V                       ; 7.25e-07 V                   ; 2.35 V              ; -0.0111 V           ; 0.113 V                              ; 0.035 V                              ; 7.76e-10 s                  ; 8.04e-10 s                  ; Yes                        ; Yes                        ; 2.32 V                      ; 7.25e-07 V                  ; 2.35 V             ; -0.0111 V          ; 0.113 V                             ; 0.035 V                             ; 7.76e-10 s                 ; 8.04e-10 s                 ; Yes                       ; Yes                       ;
; LED[5]        ; 2.5 V        ; 0 s                 ; 0 s                 ; 2.32 V                       ; 7.25e-07 V                   ; 2.35 V              ; -0.0111 V           ; 0.113 V                              ; 0.035 V                              ; 7.76e-10 s                  ; 8.04e-10 s                  ; Yes                        ; Yes                        ; 2.32 V                      ; 7.25e-07 V                  ; 2.35 V             ; -0.0111 V          ; 0.113 V                             ; 0.035 V                             ; 7.76e-10 s                 ; 8.04e-10 s                 ; Yes                       ; Yes                       ;
; LED[6]        ; 2.5 V        ; 0 s                 ; 0 s                 ; 2.32 V                       ; 7.25e-07 V                   ; 2.35 V              ; -0.0111 V           ; 0.113 V                              ; 0.035 V                              ; 7.76e-10 s                  ; 8.04e-10 s                  ; Yes                        ; Yes                        ; 2.32 V                      ; 7.25e-07 V                  ; 2.35 V             ; -0.0111 V          ; 0.113 V                             ; 0.035 V                             ; 7.76e-10 s                 ; 8.04e-10 s                 ; Yes                       ; Yes                       ;
; LED[7]        ; 2.5 V        ; 0 s                 ; 0 s                 ; 2.32 V                       ; 7.25e-07 V                   ; 2.35 V              ; -0.0111 V           ; 0.113 V                              ; 0.035 V                              ; 7.76e-10 s                  ; 8.04e-10 s                  ; Yes                        ; Yes                        ; 2.32 V                      ; 7.25e-07 V                  ; 2.35 V             ; -0.0111 V          ; 0.113 V                             ; 0.035 V                             ; 7.76e-10 s                 ; 8.04e-10 s                 ; Yes                       ; Yes                       ;
; LED[8]        ; 2.5 V        ; 0 s                 ; 0 s                 ; 2.32 V                       ; 7.25e-07 V                   ; 2.35 V              ; -0.0111 V           ; 0.113 V                              ; 0.035 V                              ; 7.76e-10 s                  ; 8.04e-10 s                  ; Yes                        ; Yes                        ; 2.32 V                      ; 7.25e-07 V                  ; 2.35 V             ; -0.0111 V          ; 0.113 V                             ; 0.035 V                             ; 7.76e-10 s                 ; 8.04e-10 s                 ; Yes                       ; Yes                       ;
; LED[9]        ; 2.5 V        ; 0 s                 ; 0 s                 ; 2.32 V                       ; 7.25e-07 V                   ; 2.35 V              ; -0.0111 V           ; 0.113 V                              ; 0.035 V                              ; 7.76e-10 s                  ; 8.04e-10 s                  ; Yes                        ; Yes                        ; 2.32 V                      ; 7.25e-07 V                  ; 2.35 V             ; -0.0111 V          ; 0.113 V                             ; 0.035 V                             ; 7.76e-10 s                 ; 8.04e-10 s                 ; Yes                       ; Yes                       ;
; ~ALTERA_DCLK~ ; 2.5 V        ; 0 s                 ; 0 s                 ; 2.32 V                       ; 5.68e-07 V                   ; 2.35 V              ; -0.0132 V           ; 0.2 V                                ; 0.027 V                              ; 5.26e-10 s                  ; 4.81e-10 s                  ; Yes                        ; Yes                        ; 2.32 V                      ; 5.68e-07 V                  ; 2.35 V             ; -0.0132 V          ; 0.2 V                               ; 0.027 V                             ; 5.26e-10 s                 ; 4.81e-10 s                 ; Yes                       ; Yes                       ;
; ~ALTERA_nCEO~ ; 2.5 V        ; 0 s                 ; 0 s                 ; 2.32 V                       ; 9.36e-07 V                   ; 2.35 V              ; -0.00444 V          ; 0.18 V                               ; 0.019 V                              ; 7.23e-10 s                  ; 9.82e-10 s                  ; Yes                        ; Yes                        ; 2.32 V                      ; 9.36e-07 V                  ; 2.35 V             ; -0.00444 V         ; 0.18 V                              ; 0.019 V                             ; 7.23e-10 s                 ; 9.82e-10 s                 ; Yes                       ; Yes                       ;
+---------------+--------------+---------------------+---------------------+------------------------------+------------------------------+---------------------+---------------------+--------------------------------------+--------------------------------------+-----------------------------+-----------------------------+----------------------------+----------------------------+-----------------------------+-----------------------------+--------------------+--------------------+-------------------------------------+-------------------------------------+----------------------------+----------------------------+---------------------------+---------------------------+


+--------------------------------------------------------------------------------------------------------------------------------------------------------------------------------------------------------------------------------------------------------------------------------------------------------------------------------------------------------------------------------------------------------------------------------------------------------------------------------------------------------------------------------------------------------------------------------------------------------------------------------------------------------------------------------------------+
; Fast Corner Signal Integrity Metrics                                                                                                                                                                                                                                                                                                                                                                                                                                                                                                                                                                                                                                                       ;
+---------------+--------------+---------------------+---------------------+------------------------------+------------------------------+---------------------+---------------------+--------------------------------------+--------------------------------------+-----------------------------+-----------------------------+----------------------------+----------------------------+-----------------------------+-----------------------------+--------------------+--------------------+-------------------------------------+-------------------------------------+----------------------------+----------------------------+---------------------------+---------------------------+
; Pin           ; I/O Standard ; Board Delay on Rise ; Board Delay on Fall ; Steady State Voh at FPGA Pin ; Steady State Vol at FPGA Pin ; Voh Max at FPGA Pin ; Vol Min at FPGA Pin ; Ringback Voltage on Rise at FPGA Pin ; Ringback Voltage on Fall at FPGA Pin ; 10-90 Rise Time at FPGA Pin ; 90-10 Fall Time at FPGA Pin ; Monotonic Rise at FPGA Pin ; Monotonic Fall at FPGA Pin ; Steady State Voh at Far-end ; Steady State Vol at Far-end ; Voh Max at Far-end ; Vol Min at Far-end ; Ringback Voltage on Rise at Far-end ; Ringback Voltage on Fall at Far-end ; 10-90 Rise Time at Far-end ; 90-10 Fall Time at Far-end ; Monotonic Rise at Far-end ; Monotonic Fall at Far-end ;
+---------------+--------------+---------------------+---------------------+------------------------------+------------------------------+---------------------+---------------------+--------------------------------------+--------------------------------------+-----------------------------+-----------------------------+----------------------------+----------------------------+-----------------------------+-----------------------------+--------------------+--------------------+-------------------------------------+-------------------------------------+----------------------------+----------------------------+---------------------------+---------------------------+
; HEX0[0]       ; 2.5 V        ; 0 s                 ; 0 s                 ; 2.62 V                       ; 4.11e-08 V                   ; 2.73 V              ; -0.0566 V           ; 0.191 V                              ; 0.12 V                               ; 2.69e-10 s                  ; 2.76e-10 s                  ; Yes                        ; Yes                        ; 2.62 V                      ; 4.11e-08 V                  ; 2.73 V             ; -0.0566 V          ; 0.191 V                             ; 0.12 V                              ; 2.69e-10 s                 ; 2.76e-10 s                 ; Yes                       ; Yes                       ;
; HEX0[1]       ; 2.5 V        ; 0 s                 ; 0 s                 ; 2.62 V                       ; 4.11e-08 V                   ; 2.73 V              ; -0.0566 V           ; 0.191 V                              ; 0.12 V                               ; 2.69e-10 s                  ; 2.76e-10 s                  ; Yes                        ; Yes                        ; 2.62 V                      ; 4.11e-08 V                  ; 2.73 V             ; -0.0566 V          ; 0.191 V                             ; 0.12 V                              ; 2.69e-10 s                 ; 2.76e-10 s                 ; Yes                       ; Yes                       ;
; HEX0[2]       ; 2.5 V        ; 0 s                 ; 0 s                 ; 2.62 V                       ; 4.11e-08 V                   ; 2.73 V              ; -0.0566 V           ; 0.191 V                              ; 0.12 V                               ; 2.69e-10 s                  ; 2.76e-10 s                  ; Yes                        ; Yes                        ; 2.62 V                      ; 4.11e-08 V                  ; 2.73 V             ; -0.0566 V          ; 0.191 V                             ; 0.12 V                              ; 2.69e-10 s                 ; 2.76e-10 s                 ; Yes                       ; Yes                       ;
; HEX0[3]       ; 2.5 V        ; 0 s                 ; 0 s                 ; 2.62 V                       ; 4.11e-08 V                   ; 2.73 V              ; -0.0566 V           ; 0.191 V                              ; 0.12 V                               ; 2.69e-10 s                  ; 2.76e-10 s                  ; Yes                        ; Yes                        ; 2.62 V                      ; 4.11e-08 V                  ; 2.73 V             ; -0.0566 V          ; 0.191 V                             ; 0.12 V                              ; 2.69e-10 s                 ; 2.76e-10 s                 ; Yes                       ; Yes                       ;
; HEX0[4]       ; 2.5 V        ; 0 s                 ; 0 s                 ; 2.62 V                       ; 4.11e-08 V                   ; 2.73 V              ; -0.0566 V           ; 0.191 V                              ; 0.12 V                               ; 2.69e-10 s                  ; 2.76e-10 s                  ; Yes                        ; Yes                        ; 2.62 V                      ; 4.11e-08 V                  ; 2.73 V             ; -0.0566 V          ; 0.191 V                             ; 0.12 V                              ; 2.69e-10 s                 ; 2.76e-10 s                 ; Yes                       ; Yes                       ;
; HEX0[5]       ; 2.5 V        ; 0 s                 ; 0 s                 ; 2.62 V                       ; 4.11e-08 V                   ; 2.73 V              ; -0.0566 V           ; 0.191 V                              ; 0.12 V                               ; 2.69e-10 s                  ; 2.76e-10 s                  ; Yes                        ; Yes                        ; 2.62 V                      ; 4.11e-08 V                  ; 2.73 V             ; -0.0566 V          ; 0.191 V                             ; 0.12 V                              ; 2.69e-10 s                 ; 2.76e-10 s                 ; Yes                       ; Yes                       ;
; HEX0[6]       ; 2.5 V        ; 0 s                 ; 0 s                 ; 2.62 V                       ; 4.11e-08 V                   ; 2.73 V              ; -0.0566 V           ; 0.191 V                              ; 0.12 V                               ; 2.69e-10 s                  ; 2.76e-10 s                  ; Yes                        ; Yes                        ; 2.62 V                      ; 4.11e-08 V                  ; 2.73 V             ; -0.0566 V          ; 0.191 V                             ; 0.12 V                              ; 2.69e-10 s                 ; 2.76e-10 s                 ; Yes                       ; Yes                       ;
; HEX1[0]       ; 2.5 V        ; 0 s                 ; 0 s                 ; 2.62 V                       ; 4.11e-08 V                   ; 2.73 V              ; -0.0566 V           ; 0.191 V                              ; 0.12 V                               ; 2.69e-10 s                  ; 2.76e-10 s                  ; Yes                        ; Yes                        ; 2.62 V                      ; 4.11e-08 V                  ; 2.73 V             ; -0.0566 V          ; 0.191 V                             ; 0.12 V                              ; 2.69e-10 s                 ; 2.76e-10 s                 ; Yes                       ; Yes                       ;
; HEX1[1]       ; 2.5 V        ; 0 s                 ; 0 s                 ; 2.62 V                       ; 4.11e-08 V                   ; 2.73 V              ; -0.0566 V           ; 0.191 V                              ; 0.12 V                               ; 2.69e-10 s                  ; 2.76e-10 s                  ; Yes                        ; Yes                        ; 2.62 V                      ; 4.11e-08 V                  ; 2.73 V             ; -0.0566 V          ; 0.191 V                             ; 0.12 V                              ; 2.69e-10 s                 ; 2.76e-10 s                 ; Yes                       ; Yes                       ;
; HEX1[2]       ; 2.5 V        ; 0 s                 ; 0 s                 ; 2.62 V                       ; 4.11e-08 V                   ; 2.73 V              ; -0.0566 V           ; 0.191 V                              ; 0.12 V                               ; 2.69e-10 s                  ; 2.76e-10 s                  ; Yes                        ; Yes                        ; 2.62 V                      ; 4.11e-08 V                  ; 2.73 V             ; -0.0566 V          ; 0.191 V                             ; 0.12 V                              ; 2.69e-10 s                 ; 2.76e-10 s                 ; Yes                       ; Yes                       ;
; HEX1[3]       ; 2.5 V        ; 0 s                 ; 0 s                 ; 2.62 V                       ; 4.11e-08 V                   ; 2.73 V              ; -0.0566 V           ; 0.191 V                              ; 0.12 V                               ; 2.69e-10 s                  ; 2.76e-10 s                  ; Yes                        ; Yes                        ; 2.62 V                      ; 4.11e-08 V                  ; 2.73 V             ; -0.0566 V          ; 0.191 V                             ; 0.12 V                              ; 2.69e-10 s                 ; 2.76e-10 s                 ; Yes                       ; Yes                       ;
; HEX1[4]       ; 2.5 V        ; 0 s                 ; 0 s                 ; 2.62 V                       ; 4.11e-08 V                   ; 2.73 V              ; -0.0566 V           ; 0.191 V                              ; 0.12 V                               ; 2.69e-10 s                  ; 2.76e-10 s                  ; Yes                        ; Yes                        ; 2.62 V                      ; 4.11e-08 V                  ; 2.73 V             ; -0.0566 V          ; 0.191 V                             ; 0.12 V                              ; 2.69e-10 s                 ; 2.76e-10 s                 ; Yes                       ; Yes                       ;
; HEX1[5]       ; 2.5 V        ; 0 s                 ; 0 s                 ; 2.62 V                       ; 4.11e-08 V                   ; 2.73 V              ; -0.0566 V           ; 0.191 V                              ; 0.12 V                               ; 2.69e-10 s                  ; 2.76e-10 s                  ; Yes                        ; Yes                        ; 2.62 V                      ; 4.11e-08 V                  ; 2.73 V             ; -0.0566 V          ; 0.191 V                             ; 0.12 V                              ; 2.69e-10 s                 ; 2.76e-10 s                 ; Yes                       ; Yes                       ;
; HEX1[6]       ; 2.5 V        ; 0 s                 ; 0 s                 ; 2.62 V                       ; 4.11e-08 V                   ; 2.73 V              ; -0.0566 V           ; 0.191 V                              ; 0.12 V                               ; 2.69e-10 s                  ; 2.76e-10 s                  ; Yes                        ; Yes                        ; 2.62 V                      ; 4.11e-08 V                  ; 2.73 V             ; -0.0566 V          ; 0.191 V                             ; 0.12 V                              ; 2.69e-10 s                 ; 2.76e-10 s                 ; Yes                       ; Yes                       ;
; HEX2[0]       ; 2.5 V        ; 0 s                 ; 0 s                 ; 2.62 V                       ; 4.11e-08 V                   ; 2.73 V              ; -0.0566 V           ; 0.191 V                              ; 0.12 V                               ; 2.69e-10 s                  ; 2.76e-10 s                  ; Yes                        ; Yes                        ; 2.62 V                      ; 4.11e-08 V                  ; 2.73 V             ; -0.0566 V          ; 0.191 V                             ; 0.12 V                              ; 2.69e-10 s                 ; 2.76e-10 s                 ; Yes                       ; Yes                       ;
; HEX2[1]       ; 2.5 V        ; 0 s                 ; 0 s                 ; 2.62 V                       ; 4.11e-08 V                   ; 2.73 V              ; -0.0566 V           ; 0.191 V                              ; 0.12 V                               ; 2.69e-10 s                  ; 2.76e-10 s                  ; Yes                        ; Yes                        ; 2.62 V                      ; 4.11e-08 V                  ; 2.73 V             ; -0.0566 V          ; 0.191 V                             ; 0.12 V                              ; 2.69e-10 s                 ; 2.76e-10 s                 ; Yes                       ; Yes                       ;
; HEX2[2]       ; 2.5 V        ; 0 s                 ; 0 s                 ; 2.62 V                       ; 4.11e-08 V                   ; 2.73 V              ; -0.0566 V           ; 0.191 V                              ; 0.12 V                               ; 2.69e-10 s                  ; 2.76e-10 s                  ; Yes                        ; Yes                        ; 2.62 V                      ; 4.11e-08 V                  ; 2.73 V             ; -0.0566 V          ; 0.191 V                             ; 0.12 V                              ; 2.69e-10 s                 ; 2.76e-10 s                 ; Yes                       ; Yes                       ;
; HEX2[3]       ; 2.5 V        ; 0 s                 ; 0 s                 ; 2.62 V                       ; 4.11e-08 V                   ; 2.73 V              ; -0.0566 V           ; 0.191 V                              ; 0.12 V                               ; 2.69e-10 s                  ; 2.76e-10 s                  ; Yes                        ; Yes                        ; 2.62 V                      ; 4.11e-08 V                  ; 2.73 V             ; -0.0566 V          ; 0.191 V                             ; 0.12 V                              ; 2.69e-10 s                 ; 2.76e-10 s                 ; Yes                       ; Yes                       ;
; HEX2[4]       ; 2.5 V        ; 0 s                 ; 0 s                 ; 2.62 V                       ; 4.11e-08 V                   ; 2.73 V              ; -0.0566 V           ; 0.191 V                              ; 0.12 V                               ; 2.69e-10 s                  ; 2.76e-10 s                  ; Yes                        ; Yes                        ; 2.62 V                      ; 4.11e-08 V                  ; 2.73 V             ; -0.0566 V          ; 0.191 V                             ; 0.12 V                              ; 2.69e-10 s                 ; 2.76e-10 s                 ; Yes                       ; Yes                       ;
; HEX2[5]       ; 2.5 V        ; 0 s                 ; 0 s                 ; 2.62 V                       ; 4.11e-08 V                   ; 2.73 V              ; -0.0566 V           ; 0.191 V                              ; 0.12 V                               ; 2.69e-10 s                  ; 2.76e-10 s                  ; Yes                        ; Yes                        ; 2.62 V                      ; 4.11e-08 V                  ; 2.73 V             ; -0.0566 V          ; 0.191 V                             ; 0.12 V                              ; 2.69e-10 s                 ; 2.76e-10 s                 ; Yes                       ; Yes                       ;
; HEX2[6]       ; 2.5 V        ; 0 s                 ; 0 s                 ; 2.62 V                       ; 4.11e-08 V                   ; 2.73 V              ; -0.0566 V           ; 0.191 V                              ; 0.12 V                               ; 2.69e-10 s                  ; 2.76e-10 s                  ; Yes                        ; Yes                        ; 2.62 V                      ; 4.11e-08 V                  ; 2.73 V             ; -0.0566 V          ; 0.191 V                             ; 0.12 V                              ; 2.69e-10 s                 ; 2.76e-10 s                 ; Yes                       ; Yes                       ;
; HEX3[0]       ; 2.5 V        ; 0 s                 ; 0 s                 ; 2.62 V                       ; 4.11e-08 V                   ; 2.73 V              ; -0.0566 V           ; 0.191 V                              ; 0.12 V                               ; 2.69e-10 s                  ; 2.76e-10 s                  ; Yes                        ; Yes                        ; 2.62 V                      ; 4.11e-08 V                  ; 2.73 V             ; -0.0566 V          ; 0.191 V                             ; 0.12 V                              ; 2.69e-10 s                 ; 2.76e-10 s                 ; Yes                       ; Yes                       ;
; HEX3[1]       ; 2.5 V        ; 0 s                 ; 0 s                 ; 2.62 V                       ; 4.11e-08 V                   ; 2.73 V              ; -0.0566 V           ; 0.191 V                              ; 0.12 V                               ; 2.69e-10 s                  ; 2.76e-10 s                  ; Yes                        ; Yes                        ; 2.62 V                      ; 4.11e-08 V                  ; 2.73 V             ; -0.0566 V          ; 0.191 V                             ; 0.12 V                              ; 2.69e-10 s                 ; 2.76e-10 s                 ; Yes                       ; Yes                       ;
; HEX3[2]       ; 2.5 V        ; 0 s                 ; 0 s                 ; 2.62 V                       ; 4.11e-08 V                   ; 2.73 V              ; -0.0566 V           ; 0.191 V                              ; 0.12 V                               ; 2.69e-10 s                  ; 2.76e-10 s                  ; Yes                        ; Yes                        ; 2.62 V                      ; 4.11e-08 V                  ; 2.73 V             ; -0.0566 V          ; 0.191 V                             ; 0.12 V                              ; 2.69e-10 s                 ; 2.76e-10 s                 ; Yes                       ; Yes                       ;
; HEX3[3]       ; 2.5 V        ; 0 s                 ; 0 s                 ; 2.62 V                       ; 4.11e-08 V                   ; 2.73 V              ; -0.0566 V           ; 0.191 V                              ; 0.12 V                               ; 2.69e-10 s                  ; 2.76e-10 s                  ; Yes                        ; Yes                        ; 2.62 V                      ; 4.11e-08 V                  ; 2.73 V             ; -0.0566 V          ; 0.191 V                             ; 0.12 V                              ; 2.69e-10 s                 ; 2.76e-10 s                 ; Yes                       ; Yes                       ;
; HEX3[4]       ; 2.5 V        ; 0 s                 ; 0 s                 ; 2.62 V                       ; 4.11e-08 V                   ; 2.73 V              ; -0.0566 V           ; 0.191 V                              ; 0.12 V                               ; 2.69e-10 s                  ; 2.76e-10 s                  ; Yes                        ; Yes                        ; 2.62 V                      ; 4.11e-08 V                  ; 2.73 V             ; -0.0566 V          ; 0.191 V                             ; 0.12 V                              ; 2.69e-10 s                 ; 2.76e-10 s                 ; Yes                       ; Yes                       ;
; HEX3[5]       ; 2.5 V        ; 0 s                 ; 0 s                 ; 2.62 V                       ; 4.11e-08 V                   ; 2.73 V              ; -0.0566 V           ; 0.191 V                              ; 0.12 V                               ; 2.69e-10 s                  ; 2.76e-10 s                  ; Yes                        ; Yes                        ; 2.62 V                      ; 4.11e-08 V                  ; 2.73 V             ; -0.0566 V          ; 0.191 V                             ; 0.12 V                              ; 2.69e-10 s                 ; 2.76e-10 s                 ; Yes                       ; Yes                       ;
; HEX3[6]       ; 2.5 V        ; 0 s                 ; 0 s                 ; 2.62 V                       ; 4.11e-08 V                   ; 2.73 V              ; -0.0566 V           ; 0.191 V                              ; 0.12 V                               ; 2.69e-10 s                  ; 2.76e-10 s                  ; Yes                        ; Yes                        ; 2.62 V                      ; 4.11e-08 V                  ; 2.73 V             ; -0.0566 V          ; 0.191 V                             ; 0.12 V                              ; 2.69e-10 s                 ; 2.76e-10 s                 ; Yes                       ; Yes                       ;
; LED[0]        ; 2.5 V        ; 0 s                 ; 0 s                 ; 2.62 V                       ; 2.78e-08 V                   ; 2.71 V              ; -0.0349 V           ; 0.253 V                              ; 0.069 V                              ; 4.96e-10 s                  ; 5.19e-10 s                  ; No                         ; Yes                        ; 2.62 V                      ; 2.78e-08 V                  ; 2.71 V             ; -0.0349 V          ; 0.253 V                             ; 0.069 V                             ; 4.96e-10 s                 ; 5.19e-10 s                 ; No                        ; Yes                       ;
; LED[1]        ; 2.5 V        ; 0 s                 ; 0 s                 ; 2.62 V                       ; 2.78e-08 V                   ; 2.71 V              ; -0.0349 V           ; 0.253 V                              ; 0.069 V                              ; 4.96e-10 s                  ; 5.19e-10 s                  ; No                         ; Yes                        ; 2.62 V                      ; 2.78e-08 V                  ; 2.71 V             ; -0.0349 V          ; 0.253 V                             ; 0.069 V                             ; 4.96e-10 s                 ; 5.19e-10 s                 ; No                        ; Yes                       ;
; LED[2]        ; 2.5 V        ; 0 s                 ; 0 s                 ; 2.62 V                       ; 2.78e-08 V                   ; 2.64 V              ; -0.0109 V           ; 0.244 V                              ; 0.16 V                               ; 2.42e-09 s                  ; 2.37e-09 s                  ; No                         ; Yes                        ; 2.62 V                      ; 2.78e-08 V                  ; 2.64 V             ; -0.0109 V          ; 0.244 V                             ; 0.16 V                              ; 2.42e-09 s                 ; 2.37e-09 s                 ; No                        ; Yes                       ;
; LED[3]        ; 2.5 V        ; 0 s                 ; 0 s                 ; 2.62 V                       ; 2.78e-08 V                   ; 2.71 V              ; -0.0349 V           ; 0.253 V                              ; 0.069 V                              ; 4.96e-10 s                  ; 5.19e-10 s                  ; No                         ; Yes                        ; 2.62 V                      ; 2.78e-08 V                  ; 2.71 V             ; -0.0349 V          ; 0.253 V                             ; 0.069 V                             ; 4.96e-10 s                 ; 5.19e-10 s                 ; No                        ; Yes                       ;
; LED[4]        ; 2.5 V        ; 0 s                 ; 0 s                 ; 2.62 V                       ; 2.78e-08 V                   ; 2.71 V              ; -0.0349 V           ; 0.253 V                              ; 0.069 V                              ; 4.96e-10 s                  ; 5.19e-10 s                  ; No                         ; Yes                        ; 2.62 V                      ; 2.78e-08 V                  ; 2.71 V             ; -0.0349 V          ; 0.253 V                             ; 0.069 V                             ; 4.96e-10 s                 ; 5.19e-10 s                 ; No                        ; Yes                       ;
; LED[5]        ; 2.5 V        ; 0 s                 ; 0 s                 ; 2.62 V                       ; 2.78e-08 V                   ; 2.71 V              ; -0.0349 V           ; 0.253 V                              ; 0.069 V                              ; 4.96e-10 s                  ; 5.19e-10 s                  ; No                         ; Yes                        ; 2.62 V                      ; 2.78e-08 V                  ; 2.71 V             ; -0.0349 V          ; 0.253 V                             ; 0.069 V                             ; 4.96e-10 s                 ; 5.19e-10 s                 ; No                        ; Yes                       ;
; LED[6]        ; 2.5 V        ; 0 s                 ; 0 s                 ; 2.62 V                       ; 2.78e-08 V                   ; 2.71 V              ; -0.0349 V           ; 0.253 V                              ; 0.069 V                              ; 4.96e-10 s                  ; 5.19e-10 s                  ; No                         ; Yes                        ; 2.62 V                      ; 2.78e-08 V                  ; 2.71 V             ; -0.0349 V          ; 0.253 V                             ; 0.069 V                             ; 4.96e-10 s                 ; 5.19e-10 s                 ; No                        ; Yes                       ;
; LED[7]        ; 2.5 V        ; 0 s                 ; 0 s                 ; 2.62 V                       ; 2.78e-08 V                   ; 2.71 V              ; -0.0349 V           ; 0.253 V                              ; 0.069 V                              ; 4.96e-10 s                  ; 5.19e-10 s                  ; No                         ; Yes                        ; 2.62 V                      ; 2.78e-08 V                  ; 2.71 V             ; -0.0349 V          ; 0.253 V                             ; 0.069 V                             ; 4.96e-10 s                 ; 5.19e-10 s                 ; No                        ; Yes                       ;
; LED[8]        ; 2.5 V        ; 0 s                 ; 0 s                 ; 2.62 V                       ; 2.78e-08 V                   ; 2.71 V              ; -0.0349 V           ; 0.253 V                              ; 0.069 V                              ; 4.96e-10 s                  ; 5.19e-10 s                  ; No                         ; Yes                        ; 2.62 V                      ; 2.78e-08 V                  ; 2.71 V             ; -0.0349 V          ; 0.253 V                             ; 0.069 V                             ; 4.96e-10 s                 ; 5.19e-10 s                 ; No                        ; Yes                       ;
; LED[9]        ; 2.5 V        ; 0 s                 ; 0 s                 ; 2.62 V                       ; 2.78e-08 V                   ; 2.71 V              ; -0.0349 V           ; 0.253 V                              ; 0.069 V                              ; 4.96e-10 s                  ; 5.19e-10 s                  ; No                         ; Yes                        ; 2.62 V                      ; 2.78e-08 V                  ; 2.71 V             ; -0.0349 V          ; 0.253 V                             ; 0.069 V                             ; 4.96e-10 s                 ; 5.19e-10 s                 ; No                        ; Yes                       ;
; ~ALTERA_DCLK~ ; 2.5 V        ; 0 s                 ; 0 s                 ; 2.62 V                       ; 2.22e-08 V                   ; 2.72 V              ; -0.0747 V           ; 0.28 V                               ; 0.169 V                              ; 3.1e-10 s                   ; 3.01e-10 s                  ; No                         ; Yes                        ; 2.62 V                      ; 2.22e-08 V                  ; 2.72 V             ; -0.0747 V          ; 0.28 V                              ; 0.169 V                             ; 3.1e-10 s                  ; 3.01e-10 s                 ; No                        ; Yes                       ;
; ~ALTERA_nCEO~ ; 2.5 V        ; 0 s                 ; 0 s                 ; 2.62 V                       ; 3.53e-08 V                   ; 2.7 V               ; -0.0212 V           ; 0.204 V                              ; 0.049 V                              ; 4.85e-10 s                  ; 6.73e-10 s                  ; No                         ; Yes                        ; 2.62 V                      ; 3.53e-08 V                  ; 2.7 V              ; -0.0212 V          ; 0.204 V                             ; 0.049 V                             ; 4.85e-10 s                 ; 6.73e-10 s                 ; No                        ; Yes                       ;
+---------------+--------------+---------------------+---------------------+------------------------------+------------------------------+---------------------+---------------------+--------------------------------------+--------------------------------------+-----------------------------+-----------------------------+----------------------------+----------------------------+-----------------------------+-----------------------------+--------------------+--------------------+-------------------------------------+-------------------------------------+----------------------------+----------------------------+---------------------------+---------------------------+


+-----------------------------------------------------------------------------------------------+
; Setup Transfers                                                                               ;
+-------------------------+-------------------------+----------+----------+----------+----------+
; From Clock              ; To Clock                ; RR Paths ; FR Paths ; RF Paths ; FF Paths ;
+-------------------------+-------------------------+----------+----------+----------+----------+
; CLK                     ; CLK                     ; 189      ; 0        ; 0        ; 0        ;
; freg_div_23:freg1|q[18] ; CLK                     ; 1        ; 1        ; 0        ; 0        ;
; freg_div_23:freg1|q[18] ; freg_div_23:freg1|q[18] ; 107      ; 0        ; 0        ; 0        ;
+-------------------------+-------------------------+----------+----------+----------+----------+
Entries labeled "false path" only account for clock-to-clock false paths and not path-based false paths. As a result, actual path counts may be lower than reported.


+-----------------------------------------------------------------------------------------------+
; Hold Transfers                                                                                ;
+-------------------------+-------------------------+----------+----------+----------+----------+
; From Clock              ; To Clock                ; RR Paths ; FR Paths ; RF Paths ; FF Paths ;
+-------------------------+-------------------------+----------+----------+----------+----------+
; CLK                     ; CLK                     ; 189      ; 0        ; 0        ; 0        ;
; freg_div_23:freg1|q[18] ; CLK                     ; 1        ; 1        ; 0        ; 0        ;
; freg_div_23:freg1|q[18] ; freg_div_23:freg1|q[18] ; 107      ; 0        ; 0        ; 0        ;
+-------------------------+-------------------------+----------+----------+----------+----------+
Entries labeled "false path" only account for clock-to-clock false paths and not path-based false paths. As a result, actual path counts may be lower than reported.


---------------
; Report TCCS ;
---------------
No dedicated SERDES Transmitter circuitry present in device or used in design


---------------
; Report RSKM ;
---------------
No non-DPA dedicated SERDES Receiver circuitry present in device or used in design


+------------------------------------------------+
; Unconstrained Paths                            ;
+---------------------------------+-------+------+
; Property                        ; Setup ; Hold ;
+---------------------------------+-------+------+
; Illegal Clocks                  ; 0     ; 0    ;
; Unconstrained Clocks            ; 0     ; 0    ;
; Unconstrained Input Ports       ; 1     ; 1    ;
; Unconstrained Input Port Paths  ; 33    ; 33   ;
; Unconstrained Output Ports      ; 28    ; 28   ;
; Unconstrained Output Port Paths ; 98    ; 98   ;
+---------------------------------+-------+------+


+------------------------------------+
; TimeQuest Timing Analyzer Messages ;
+------------------------------------+
Info: *******************************************************************
Info: Running Quartus II 64-Bit TimeQuest Timing Analyzer
    Info: Version 13.1.0 Build 162 10/23/2013 SJ Web Edition
    Info: Processing started: Tue May 20 15:05:15 2025
Info: Command: quartus_sta mcu -c mcu
Info: qsta_default_script.tcl version: #1
Info (11104): Parallel Compilation has detected 12 hyper-threaded processors. However, the extra hyper-threaded processors will not be used by default. Parallel Compilation will use 8 of the 8 physical processors detected instead.
Info (21077): Core supply voltage is 1.2V
Info (21077): Low junction temperature is 0 degrees C
Info (21077): High junction temperature is 85 degrees C
Info (332104): Reading SDC File: 'mcu.sdc'
Warning (332174): Ignored filter at mcu.sdc(9): CLOCK_50 could not be matched with a port
Warning (332049): Ignored create_clock at mcu.sdc(9): Argument <targets> is an empty collection
    Info (332050): create_clock -period 20.000ns [get_ports CLOCK_50]
Info (332151): Clock uncertainty is not calculated until you update the timing netlist.
Info (332142): No user constrained base clocks found in the design. Calling "derive_clocks -period 1.0"
Info (332105): Deriving Clocks
    Info (332105): create_clock -period 1.000 -name CLK CLK
    Info (332105): create_clock -period 1.000 -name freg_div_23:freg1|q[18] freg_div_23:freg1|q[18]
Info (332123): Deriving Clock Uncertainty. Please refer to report_sdc in TimeQuest to see clock uncertainties.
Info: Found TIMEQUEST_REPORT_SCRIPT_INCLUDE_DEFAULT_ANALYSIS = ON
Info: Analyzing Slow 1200mV 85C Model
Critical Warning (332148): Timing requirements not met
    Info (11105): For recommendations on closing timing, run Report Timing Closure Recommendations in the TimeQuest Timing Analyzer.
Info (332146): Worst-case setup slack is -1.378
    Info (332119):     Slack       End Point TNS Clock 
    Info (332119): ========= =================== =====================
    Info (332119):    -1.378             -16.040 CLK 
    Info (332119):    -0.866             -10.463 freg_div_23:freg1|q[18] 
Info (332146): Worst-case hold slack is -0.075
    Info (332119):     Slack       End Point TNS Clock 
    Info (332119): ========= =================== =====================
    Info (332119):    -0.075              -0.075 CLK 
    Info (332119):     0.358               0.000 freg_div_23:freg1|q[18] 
Info (332140): No Recovery paths to report
Info (332140): No Removal paths to report
Info (332146): Worst-case minimum pulse width slack is -3.000
    Info (332119):     Slack       End Point TNS Clock 
    Info (332119): ========= =================== =====================
    Info (332119):    -3.000             -22.000 CLK 
    Info (332119):    -1.000             -14.000 freg_div_23:freg1|q[18] 
Info: Analyzing Slow 1200mV 0C Model
Info (334003): Started post-fitting delay annotation
Info (334004): Delay annotation completed successfully
Info (332123): Deriving Clock Uncertainty. Please refer to report_sdc in TimeQuest to see clock uncertainties.
Critical Warning (332148): Timing requirements not met
    Info (11105): For recommendations on closing timing, run Report Timing Closure Recommendations in the TimeQuest Timing Analyzer.
Info (332146): Worst-case setup slack is -1.092
    Info (332119):     Slack       End Point TNS Clock 
    Info (332119): ========= =================== =====================
    Info (332119):    -1.092             -12.156 CLK 
    Info (332119):    -0.661              -7.808 freg_div_23:freg1|q[18] 
Info (332146): Worst-case hold slack is -0.047
    Info (332119):     Slack       End Point TNS Clock 
    Info (332119): ========= =================== =====================
    Info (332119):    -0.047              -0.047 CLK 
    Info (332119):     0.313               0.000 freg_div_23:freg1|q[18] 
Info (332140): No Recovery paths to report
Info (332140): No Removal paths to report
Info (332146): Worst-case minimum pulse width slack is -3.000
    Info (332119):     Slack       End Point TNS Clock 
    Info (332119): ========= =================== =====================
    Info (332119):    -3.000             -22.000 CLK 
    Info (332119):    -1.000             -14.000 freg_div_23:freg1|q[18] 
Info: Analyzing Fast 1200mV 0C Model
Info (332123): Deriving Clock Uncertainty. Please refer to report_sdc in TimeQuest to see clock uncertainties.
Critical Warning (332148): Timing requirements not met
    Info (11105): For recommendations on closing timing, run Report Timing Closure Recommendations in the TimeQuest Timing Analyzer.
Info (332146): Worst-case setup slack is -0.351
    Info (332119):     Slack       End Point TNS Clock 
    Info (332119): ========= =================== =====================
    Info (332119):    -0.351              -2.148 CLK 
    Info (332119):    -0.065              -0.366 freg_div_23:freg1|q[18] 
Info (332146): Worst-case hold slack is -0.132
    Info (332119):     Slack       End Point TNS Clock 
    Info (332119): ========= =================== =====================
    Info (332119):    -0.132              -0.132 CLK 
    Info (332119):     0.186               0.000 freg_div_23:freg1|q[18] 
Info (332140): No Recovery paths to report
Info (332140): No Removal paths to report
Info (332146): Worst-case minimum pulse width slack is -3.000
    Info (332119):     Slack       End Point TNS Clock 
    Info (332119): ========= =================== =====================
    Info (332119):    -3.000             -23.064 CLK 
    Info (332119):    -1.000             -14.000 freg_div_23:freg1|q[18] 
Info (332102): Design is not fully constrained for setup requirements
Info (332102): Design is not fully constrained for hold requirements
Info: Quartus II 64-Bit TimeQuest Timing Analyzer was successful. 0 errors, 5 warnings
    Info: Peak virtual memory: 4726 megabytes
    Info: Processing ended: Tue May 20 15:05:16 2025
    Info: Elapsed time: 00:00:01
    Info: Total CPU time (on all processors): 00:00:01


