sitename,county,aqi,pollutant,status,so2_conc,so2_avg_conc,co_conc,co_8hr_conc,o3_conc,o3_8hr_conc,pm10_conc,pm10_avg_conc,pm2.5_conc,pm2.5_avg_conc,no2_conc,nox_conc,no_conc,windspeed,winddirec,datacreationdate,longitude,latitude,siteid,unit
屏東(枋山),屏東縣,77,細懸浮微粒,普通,0.6,1,0.18,0.2,66,57,41,48,17,22,2,2.4,0.1,3.2,289.0,"2025-11-24 14:00",120.651472,22.260899,313,
臺南（南化）,臺南市,63,細懸浮微粒,普通,1,0,0.3,0.2,67,35,38,26,21,17,3,4,0.2,0.4,353.0,"2025-11-24 14:00",120.44583156,23.04562013,312,
新北(樹林),新北市,52,細懸浮微粒,普通,3.8,0,0.33,0.3,56,27,35,20,21,13,23,25.5,2.2,0.4,326.0,"2025-11-24 14:00",121.38352778,24.94902778,311,
台中市（和平區）,臺中市,37,,良好,0.9,0,0.36,0.2,78,39,40,22,17,7.5,10,10.9,0.8,0.6,290.0,"2025-11-24 14:00",120.883858,24.174592,310,
屏東（琉球）,屏東縣,75,細懸浮微粒,普通,1.1,1,0.15,0.2,56,41,41,49,14,21.1,3,3.9,0.6,2.2,325.0,"2025-11-24 14:00",120.37722,22.35222,204,
南投（鹿谷）,南投縣,42,,良好,1.5,1,0.19,0.1,59,44,27,19,13,10.5,3,4.9,1,1.1,306.0,"2025-11-24 14:00",120.7944772,23.71867609,203,
高雄（湖內）,高雄市,108,細懸浮微粒,對敏感族群不健康,1.6,1,,0.3,79,41,,67,41,33.2,9,10.8,1.2,3.0,277.0,"2025-11-24 14:00",120.24535,22.87985556,202,
宜蘭（三星）,宜蘭縣,29,,良好,1.4,1,0.17,0.1,46,29,28,15,10,7.3,3,3.7,0.4,1.0,63.0,"2025-11-24 14:00",121.6565272,24.6757916,201,
員林,彰化縣,87,細懸浮微粒,普通,1.8,1,0.2,0.3,61,42,34,40,17,25.8,7,9.3,2,2.9,270.0,"2025-11-24 14:00",120.5631893,23.9615945,139,
大城,彰化縣,95,細懸浮微粒,普通,1.3,1,0.15,0.2,54,35,36,53,20,28.5,0,2.2,1.8,6.3,323.0,"2025-11-24 14:00",120.26964167,23.85493056,85,
富貴角,新北市,50,,良好,0.5,1,0.07,0,49,38,24,30,11,11.1,2,2.6,0.5,5.8,38.0,"2025-11-24 14:00",121.53656894,25.29681695,84,
麥寮,雲林縣,79,細懸浮微粒,普通,1.4,1,0.16,0.2,52,33,41,45,16,22.6,2,2.9,0.4,2.4,335.0,"2025-11-24 14:00",120.251825,23.753506,83,
關山,臺東縣,20,,良好,1.2,0,0.09,0.1,36,22,7,12,5,4.7,1,1.9,0.6,2.1,169.0,"2025-11-24 14:00",121.161933,23.045083,80,
馬公,澎湖縣,67,細懸浮微粒,普通,0.1,0,0.22,0.1,55,50,41,39,17,18.5,2,3.2,0.8,4.0,23.0,"2025-11-24 14:00",119.566158,23.569031,78,
金門,金門縣,108,細懸浮微粒,對敏感族群不健康,2.1,1,0.28,0.3,75,39,46,56,24,33.4,11,11.5,0.2,2.2,123.0,"2025-11-24 14:00",118.312256,24.432133,77,
馬祖,連江縣,70,細懸浮微粒,普通,1.7,1,0.31,0.3,54,43,34,33,20,19.4,4,6.1,1.3,2.7,340.0,"2025-11-24 14:00",119.952724,26.153736,75,
埔里,南投縣,52,細懸浮微粒,普通,1.3,1,0.22,0.2,56,29,27,17,14,12.9,2,4.9,2.1,3.2,276.0,"2025-11-24 14:00",120.967903,23.968842,72,
復興,高雄市,87,細懸浮微粒,普通,2.7,1,0.23,0.4,50,38,47,50,23,25.7,17,20.1,2.5,0.9,230.0,"2025-11-24 14:00",120.312017,22.608711,71,
永和,新北市,60,二氧化氮,普通,1.4,0,0.79,0.9,28,15,48,34,21,13.9,36,52.8,16.2,1.4,33.0,"2025-11-24 14:00",121.516306,25.017,70,
竹山,南投縣,75,細懸浮微粒,普通,1.8,1,0.24,0.2,80,40,46,37,26,21.3,4,5.4,0.4,1.9,290.0,"2025-11-24 14:00",120.677306,23.756389,69,
中壢,桃園市,69,細懸浮微粒,普通,1.6,1,0.49,1,,12,48,40,17,19.2,31,54.3,23.2,1.1,13.0,"2025-11-24 14:00",121.221667,24.953278,68,
三重,新北市,65,細懸浮微粒,普通,2.4,0,0.45,0.8,27,13,39,34,19,17.5,30,52.9,22.4,-,-,"2025-11-24 14:00",121.493806,25.072611,67,
冬山,宜蘭縣,43,,良好,1.5,1,0.21,0.2,39,22,29,26,11,10.5,7,11.1,3.5,2.3,50.0,"2025-11-24 14:00",121.792928,24.632203,66,
宜蘭,宜蘭縣,35,,良好,1.2,1,0.19,0.2,45,30,24,18,5,8.7,2,3.1,1.1,1.9,99.0,"2025-11-24 14:00",121.746394,24.747917,65,
陽明,臺北市,42,,良好,2.1,1,0.14,0.1,38,35,24,22,8,10.4,2,3.4,1.2,,,"2025-11-24 14:00",121.529583,25.182722,64,
花蓮,花蓮縣,30,,良好,0.8,0,0.14,0.1,43,28,22,18,4,7.5,1,1.7,0.2,2.7,99.0,"2025-11-24 14:00",121.599769,23.971306,63,
臺東,臺東縣,37,,良好,2.4,1,0.14,0.1,38,29,26,22,9,9,2,4.1,1.7,2.4,68.0,"2025-11-24 14:00",121.15045,22.755358,62,
恆春,屏東縣,34,,良好,,0,,0.1,,37,22,17,12,8.5,0,2,1.5,5.2,353.0,"2025-11-24 14:00",120.788928,21.958069,61,
潮州,屏東縣,101,細懸浮微粒,對敏感族群不健康,3.6,2,0.38,0.3,84,46,62,54,32,30.5,8,10.2,1.6,3.7,264.0,"2025-11-24 14:00",120.561175,22.523108,60,
屏東,屏東縣,83,細懸浮微粒,普通,2,1,0.29,0.3,92,46,59,47,31,24.3,9,9.9,0.1,2.2,255.0,"2025-11-24 14:00",120.488033,22.673081,59,
小港,高雄市,92,細懸浮微粒,普通,0.9,1,0.19,0.4,47,28,42,56,25,27.5,18,21.5,3.4,3.9,261.0,"2025-11-24 14:00",120.337736,22.565833,58,
前鎮,高雄市,94,細懸浮微粒,普通,2.9,2,0.22,0.4,49,35,69,,22,28.2,16,20,3.3,2.3,353.0,"2025-11-24 14:00",120.30833356,22.6044507,57,
前金,高雄市,69,懸浮微粒,普通,2.2,1,0.29,0.2,66,43,35,47,,,7,8.5,0.8,3.0,238.0,"2025-11-24 14:00",120.28676111,22.63390278,56,
左營,高雄市,84,細懸浮微粒,普通,1.2,1,0.2,0.3,61,39,42,49,18,24.6,4,5.5,0.8,3.3,280.0,"2025-11-24 14:00",120.292917,22.674861,54,
楠梓,高雄市,90,細懸浮微粒,普通,1.4,1,0.23,0.3,65,41,48,56,19,26.7,7,8.7,0.7,2.1,241.0,"2025-11-24 14:00",120.328289,22.733667,53,
林園,高雄市,80,細懸浮微粒,普通,1.3,1,0.17,0.2,59,39,38,49,15,23.1,3,4.4,1.2,3.0,277.0,"2025-11-24 14:00",120.41175,22.4795,52,
大寮,高雄市,108,細懸浮微粒,對敏感族群不健康,8.1,2,0.5,0.5,54,41,60,62,27,33.3,19,21.9,2.6,1.7,275.0,"2025-11-24 14:00",120.425311,22.56413611,51,
鳳山,高雄市,88,細懸浮微粒,普通,2.4,2,0.45,0.5,61,40,42,50,18,26,14,16.2,1.8,1.2,231.0,"2025-11-24 14:00",120.357422,22.628126,50,
仁武,高雄市,86,細懸浮微粒,普通,2.2,1,,0.4,63,36,44,50,,25.3,7,8.9,1.6,3.3,287.0,"2025-11-24 14:00",120.332631,22.689056,49,
橋頭,高雄市,94,細懸浮微粒,普通,1.6,1,0.23,0.3,73,40,48,50,24,28.3,7,8.6,1.2,4.0,271.0,"2025-11-24 14:00",120.305689,22.757506,48,
美濃,高雄市,69,細懸浮微粒,普通,1.2,1,0.23,0.2,53,37,29,28,16,18.9,3,4,0.6,1.3,276.0,"2025-11-24 14:00",120.530542,22.883583,47,
臺南,臺南市,107,細懸浮微粒,對敏感族群不健康,1.9,1,0.31,0.3,73,41,58,62,34,33,8,9.9,1.8,2.9,351.0,"2025-11-24 14:00",120.21947897,22.98928311,46,
安南,臺南市,116,細懸浮微粒,對敏感族群不健康,1.2,0,0.3,0.4,70,35,66,63,46,36.5,6,7.1,0.8,3.2,319.0,"2025-11-24 14:00",120.2175,23.048197,45,
善化,臺南市,95,細懸浮微粒,普通,2.1,1,0.22,0.2,65,35,,52,30,28.6,4,6.3,1.5,3.4,339.0,"2025-11-24 14:00",120.29740529,23.11337642,44,
新營,臺南市,95,細懸浮微粒,普通,1.9,1,0.22,0.3,59,32,57,60,32,28.5,5,7.1,1.6,2.5,23.0,"2025-11-24 14:00",120.31725,23.305633,43,
嘉義,嘉義市,91,細懸浮微粒,普通,2.9,1,,0.3,69,39,52,50,,27.2,6,7.4,0.6,2.4,339.0,"2025-11-24 14:00",120.44125148,23.46477865,42,
臺西,雲林縣,75,細懸浮微粒,普通,1.5,0,0.17,0.2,53,34,39,48,15,21.4,3,5.8,2,5.3,26.0,"2025-11-24 14:00",120.19933333,23.702175,41,
朴子,嘉義縣,87,細懸浮微粒,普通,1.1,0,0.15,0.2,54,35,40,51,15,25.6,3,4.2,0.8,2.3,339.0,"2025-11-24 14:00",120.2478,23.46538,40,
新港,嘉義縣,94,細懸浮微粒,普通,2.3,2,0.15,0.2,52,36,47,54,19,28.2,3,3.9,0.3,3.4,319.0,"2025-11-24 14:00",120.345531,23.554839,39,
崙背,雲林縣,92,細懸浮微粒,普通,0.9,1,0.17,0.2,50,30,39,58,18,27.3,2,3.6,1.3,2.3,301.0,"2025-11-24 14:00",120.348742,23.757547,38,
斗六,雲林縣,104,細懸浮微粒,對敏感族群不健康,3.2,1,0.31,0.2,73,42,63,53,34,31.9,8,10,1.4,2.3,317.0,"2025-11-24 14:00",120.544994,23.711853,37,
南投,南投縣,67,細懸浮微粒,普通,1,,0.28,0.2,83,40,45,33,25,18.5,8,8.9,0.2,1.8,36.0,"2025-11-24 14:00",120.685306,23.913,36,
二林,彰化縣,80,細懸浮微粒,普通,1.3,1,0.17,0.3,54,32,42,51,15,23.1,3,4.4,1.1,3.8,4.0,"2025-11-24 14:00",120.409653,23.925175,35,
線西,彰化縣,72,細懸浮微粒,普通,1.6,1,0.15,0.3,51,27,41,42,13,20.1,3,3.8,0.2,5.8,3.0,"2025-11-24 14:00",120.469061,24.131672,34,
彰化,彰化縣,77,細懸浮微粒,普通,0.7,0,0.19,0.3,52,35,40,41,16,22.1,6,8.1,1.3,3.5,7.0,"2025-11-24 14:00",120.541519,24.066,33,
西屯,臺中市,82,細懸浮微粒,普通,1.5,1,0.16,0.3,53,28,36,42,16,23.7,5,6.5,0.7,3.7,353.0,"2025-11-24 14:00",120.616917,24.162197,32,
忠明,臺中市,79,細懸浮微粒,普通,1.7,1,0.24,0.4,56,31,33,40,14,22.7,6,8.4,2,2.9,326.0,"2025-11-24 14:00",120.641092,24.151958,31,
大里,臺中市,78,細懸浮微粒,普通,1.8,1,0.24,0.4,64,37,75,55,21,22.5,9,10.9,1.5,2.8,329.0,"2025-11-24 14:00",120.67844444,24.09961111,30,
沙鹿,臺中市,73,細懸浮微粒,普通,1.2,1,0.15,0.3,53,31,33,40,11,20.6,2,3.8,0.9,4.8,4.0,"2025-11-24 14:00",120.568794,24.225628,29,
豐原,臺中市,62,細懸浮微粒,普通,1.6,1,0.2,0.3,56,35,32,31,13,16.7,6,7.3,1.1,2.7,318.0,"2025-11-24 14:00",120.74252414,24.25699731,28,
三義,苗栗縣,58,細懸浮微粒,普通,1.5,1,0.18,0.2,56,39,21,25,12,15,4,5.4,0.7,3.8,14.0,"2025-11-24 14:00",120.75956754,24.38248443,27,
苗栗,苗栗縣,66,細懸浮微粒,普通,2.6,2,0.22,0.2,60,30,,23,23,18,6,7.8,1.3,3.3,4.0,"2025-11-24 14:00",120.82011468,24.56499183,26,
頭份,苗栗縣,58,細懸浮微粒,普通,1.4,1,0.17,0.2,45,25,33,33,12,15,5,8,2.9,3.8,350.0,"2025-11-24 14:00",120.89869286,24.69690679,25,
新竹,新竹市,53,細懸浮微粒,普通,1.5,1,0.21,0.3,51,24,27,28,11,13.2,5,5.9,0.8,1.9,32.0,"2025-11-24 14:00",120.97236752,24.8056356,24,
竹東,新竹縣,54,細懸浮微粒,普通,1.7,1,0.27,0.2,66,35,41,23,25,13.6,9,10.6,1.5,1.9,307.0,"2025-11-24 14:00",121.08895493,24.74091408,23,
湖口,新竹縣,61,細懸浮微粒,普通,1.8,1,0.15,0.2,50,33,30,32,13,16.3,3,4.5,0.8,4.1,19.0,"2025-11-24 14:00",121.03886894,24.90009696,22,
龍潭,桃園市,58,細懸浮微粒,普通,2.1,1,0.27,0.2,59,33,40,25,21,15.1,11,13.4,1.4,2.6,352.0,"2025-11-24 14:00",121.21645772,24.86400048,21,
平鎮,桃園市,57,細懸浮微粒,普通,1.1,0,0.26,0.3,43,28,28,30,8,14.6,13,16.6,3.3,1.5,33.0,"2025-11-24 14:00",121.203986,24.952786,20,
觀音,桃園市,58,細懸浮微粒,普通,0,1,0.12,0.2,43,27,25,27,10,15.1,3,4.6,1,4.5,56.0,"2025-11-24 14:00",121.08283092,25.03556747,19,
大園,桃園市,58,細懸浮微粒,普通,1,1,0.13,0.2,43,23,27,31,,14.9,5,7.4,2.3,5.9,24.0,"2025-11-24 14:00",121.20251473,25.06100357,18,
桃園,桃園市,51,細懸浮微粒,普通,3,1,0.23,0.4,43,23,29,30,9,12.5,13,16.8,3.2,2.6,350.0,"2025-11-24 14:00",121.30500531,24.9947107,17,
大同,臺北市,58,細懸浮微粒,普通,3.2,1,0.52,1.1,35,13,28,24,18,15,21,28.9,7.1,-,-,"2025-11-24 14:00",121.51342074,25.06331455,16,
松山,臺北市,48,,良好,,1,,0.3,35,16,31,21,9,11.8,,,,,,"2025-11-24 14:00",121.578611,25.05,15,
古亭,臺北市,42,,良好,2.2,1,0.31,0.3,48,25,42,25,13,10.1,17,20.1,2.8,1.8,336.0,"2025-11-24 14:00",121.529556,25.020608,14,
萬華,臺北市,53,細懸浮微粒,普通,2.4,1,0.36,0.4,39,21,32,26,17,13.2,20,24.9,4.4,0.9,22.0,"2025-11-24 14:00",121.507972,25.046503,13,
中山,臺北市,55,細懸浮微粒,普通,2.3,0,,0.4,40,22,37,29,,13.8,,,,2.3,3.0,"2025-11-24 14:00",121.526528,25.062361,12,
士林,臺北市,55,細懸浮微粒,普通,2.7,1,0.19,0.3,43,21,41,34,14,13.8,11,13.5,2.4,1.0,298.0,"2025-11-24 14:00",121.51666356,25.10334003,11,
淡水,新北市,51,細懸浮微粒,普通,1.8,1,0.18,0.3,39,24,33,30,9,12.5,4,5.3,1.2,,,"2025-11-24 14:00",121.449239,25.1645,10,
林口,新北市,56,細懸浮微粒,普通,2.1,1,0.14,0.3,42,26,28,28,12,14.2,4,5.7,1.4,2.7,12.0,"2025-11-24 14:00",121.36548982,25.07798949,9,
菜寮,新北市,51,細懸浮微粒,普通,2.4,0,0.28,0.5,41,23,35,29,16,12.5,15,19.3,3.8,2.0,348.0,"2025-11-24 14:00",121.481028,25.06895,8,
新莊,新北市,55,細懸浮微粒,普通,1.4,0,0.22,0.4,44,26,39,35,13,14.1,12,14.8,2.5,2.2,8.0,"2025-11-24 14:00",121.4325,25.037972,7,
板橋,新北市,61,細懸浮微粒,普通,2.3,1,0.29,0.5,52,25,32,27,19,16,14,17.3,2.4,2.7,266.0,"2025-11-24 14:00",121.458667,25.012972,6,
土城,新北市,58,細懸浮微粒,普通,1,0,0.3,0.4,56,22,33,31,17,15.1,15,18.2,2.4,1.8,307.0,"2025-11-24 14:00",121.451861,24.982528,5,
新店,新北市,58,細懸浮微粒,普通,1.2,0,0.36,0.3,57,28,42,26,20,15,18,21.5,2.6,2.1,346.0,"2025-11-24 14:00",121.537778,24.977222,4,
汐止,新北市,49,,良好,4.4,1,0.15,0.2,36,19,22,21,12,12.2,8,11.8,3.1,2.2,13.0,"2025-11-24 14:00",121.64081,25.06624,2,
基隆,基隆市,46,,良好,1,1,0.16,0.4,40,23,25,20,13,11.3,2,3.2,0.5,2.5,80.0,"2025-11-24 14:00",121.760056,25.129167,1,
屏東(枋山),屏東縣,80,細懸浮微粒,普通,1.2,1,0.21,0.2,69,52,,49,25,23.2,4,5,0.6,3.6,285.0,"2025-11-24 13:00",120.651472,22.260899,313,
臺南（南化）,臺南市,60,細懸浮微粒,普通,0.7,0,0.24,0.2,58,27,30,23,21,15.9,2,2.8,0.1,0.6,348.0,"2025-11-24 13:00",120.44583156,23.04562013,312,
新北(樹林),新北市,45,,良好,1.5,0,0.31,0.3,49,21,25,16,15,11.2,18,22.1,3.3,0.1,258.0,"2025-11-24 13:00",121.38352778,24.94902778,311,
台中市（和平區）,臺中市,29,,良好,0.9,0,0.34,0.2,75,31,36,16,17,4.6,8,9,0.9,1.7,280.0,"2025-11-24 13:00",120.883858,24.174592,310,
屏東（琉球）,屏東縣,81,細懸浮微粒,普通,1.1,2,0.15,0.3,54,35,41,51,19,23.5,3,4.7,0.7,3.0,317.0,"2025-11-24 13:00",120.37722,22.35222,204,
南投（鹿谷）,南投縣,40,,良好,1.4,1,,0.1,50,43,21,16,,9.8,3,4.6,1.1,0.7,17.0,"2025-11-24 13:00",120.7944772,23.71867609,203,
高雄（湖內）,高雄市,99,細懸浮微粒,普通,1.4,1,0.33,0.3,74,32,74,65,,30.1,10,11.6,1.4,1.2,351.0,"2025-11-24 13:00",120.24535,22.87985556,202,
宜蘭（三星）,宜蘭縣,26,,良好,1.4,1,0.16,0.1,47,25,24,11,12,6.4,3,3.4,0,0.2,64.0,"2025-11-24 13:00",121.6565272,24.6757916,201,
員林,彰化縣,92,細懸浮微粒,普通,2.4,1,0.24,0.3,58,36,40,41,25,27.3,11,13.7,2.6,2.9,305.0,"2025-11-24 13:00",120.5631893,23.9615945,139,
大城,彰化縣,103,細懸浮微粒,對敏感族群不健康,1.5,1,0.17,0.2,54,29,43,58,21,31.5,1,2.9,1.8,4.7,329.0,"2025-11-24 13:00",120.26964167,23.85493056,85,
富貴角,新北市,51,懸浮微粒,普通,0.8,0,0.09,0,44,37,30,31,10,11.5,2,3.9,0.9,4.9,46.0,"2025-11-24 13:00",121.53656894,25.29681695,84,
麥寮,雲林縣,83,細懸浮微粒,普通,1.4,1,,0.2,50,26,27,46,15,24.3,2,2.8,0.7,2.2,325.0,"2025-11-24 13:00",120.251825,23.753506,83,
關山,臺東縣,22,,良好,1.1,0,0.1,0.1,37,19,10,13,2,5,1,2.8,1,0.9,310.0,"2025-11-24 13:00",121.161933,23.045083,80,
馬公,澎湖縣,68,細懸浮微粒,普通,0.4,0,0.22,0.1,54,49,43,39,22,18.8,2,3.8,0.8,4.2,23.0,"2025-11-24 13:00",119.566158,23.569031,78,
金門,金門縣,115,細懸浮微粒,對敏感族群不健康,2.2,1,0.33,0.3,76,31,56,58,29,36.1,12,13.5,0.7,2.1,145.0,"2025-11-24 13:00",118.312256,24.432133,77,
馬祖,連江縣,72,細懸浮微粒,普通,1.9,1,0.34,0.3,48,41,,33,17,20,7,9.3,1.5,,,"2025-11-24 13:00",119.952724,26.153736,75,
埔里,南投縣,52,細懸浮微粒,普通,1.4,1,0.18,0.2,48,23,12,16,14,13,2,4.2,2,2.3,283.0,"2025-11-24 13:00",120.967903,23.968842,72,
復興,高雄市,91,細懸浮微粒,普通,1.7,2,0.25,0.4,50,34,43,53,21,27.2,11,13.8,2.2,1.0,276.0,"2025-11-24 13:00",120.312017,22.608711,71,
永和,新北市,55,二氧化氮,普通,0.7,0,0.66,0.9,33,13,37,32,10,12.9,28,37.7,9.3,1.0,23.0,"2025-11-24 13:00",121.516306,25.017,70,
竹山,南投縣,72,細懸浮微粒,普通,1.7,1,0.21,0.2,68,31,42,33,22,20,4,4.9,0.4,1.4,13.0,"2025-11-24 13:00",120.677306,23.756389,69,
中壢,桃園市,71,細懸浮微粒,普通,,1,,1,23,11,41,38,22,19.9,,,,0.9,26.0,"2025-11-24 13:00",121.221667,24.953278,68,
三重,新北市,62,細懸浮微粒,普通,1.6,0,0.59,0.8,24,10,42,33,21,16.7,32,63.3,30.5,-,-,"2025-11-24 13:00",121.493806,25.072611,67,
冬山,宜蘭縣,42,,良好,1.8,1,0.26,0.2,35,18,28,25,12,10.4,9,13.7,4.1,2.6,81.0,"2025-11-24 13:00",121.792928,24.632203,66,
宜蘭,宜蘭縣,38,,良好,1.3,1,0.19,0.1,41,26,22,16,8,9.4,2,4.7,2.2,3.0,130.0,"2025-11-24 13:00",121.746394,24.747917,65,
陽明,臺北市,41,,良好,2.7,1,0.18,0.1,39,34,31,20,18,10.2,3,4.9,1.4,1.2,20.0,"2025-11-24 13:00",121.529583,25.182722,64,
花蓮,花蓮縣,31,,良好,0.9,0,0.14,0.1,42,24,21,17,7,7.8,1,2.2,0.5,2.6,126.0,"2025-11-24 13:00",121.599769,23.971306,63,
臺東,臺東縣,35,,良好,1.8,1,0.15,0.1,37,27,20,21,11,8.6,2,4.7,2.1,2.1,71.0,"2025-11-24 13:00",121.15045,22.755358,62,
恆春,屏東縣,34,,良好,0.7,0,0.11,0.1,39,37,17,16,7,8.3,0,2.1,1.4,5.0,354.0,"2025-11-24 13:00",120.788928,21.958069,61,
潮州,屏東縣,100,細懸浮微粒,普通,3.2,2,0.34,0.3,77,36,50,53,22,30.3,5,7.1,1.4,2.7,257.0,"2025-11-24 13:00",120.561175,22.523108,60,
屏東,屏東縣,81,細懸浮微粒,普通,1.5,1,0.29,0.3,78,38,50,46,24,23.6,8,8.6,0.2,1.5,178.0,"2025-11-24 13:00",120.488033,22.673081,59,
小港,高雄市,96,細懸浮微粒,普通,1.1,1,0.21,0.4,44,23,48,60,21,29.1,19,24,4.4,2.9,263.0,"2025-11-24 13:00",120.337736,22.565833,58,
前鎮,高雄市,102,細懸浮微粒,對敏感族群不健康,2.1,2,0.21,0.4,49,32,,,,30.8,10,12.9,1.9,1.5,327.0,"2025-11-24 13:00",120.30833356,22.6044507,57,
前金,高雄市,72,懸浮微粒,普通,1.5,1,0.24,0.2,58,37,40,50,,,7,7.5,0.3,3.1,216.0,"2025-11-24 13:00",120.28676111,22.63390278,56,
左營,高雄市,89,細懸浮微粒,普通,1,1,0.2,0.3,56,32,46,52,21,26.3,5,6.2,1,2.6,270.0,"2025-11-24 13:00",120.292917,22.674861,54,
楠梓,高雄市,96,細懸浮微粒,普通,1.7,1,0.25,0.3,69,34,52,58,27,29,8,9.7,0.8,2.1,270.0,"2025-11-24 13:00",120.328289,22.733667,53,
林園,高雄市,88,細懸浮微粒,普通,1.4,1,0.17,0.2,57,35,41,54,21,26,5,6.7,1.7,2.9,275.0,"2025-11-24 13:00",120.41175,22.4795,52,
大寮,高雄市,110,細懸浮微粒,對敏感族群不健康,3.4,2,0.5,0.4,83,35,68,61,32,34.3,15,17.6,1.6,1.9,156.0,"2025-11-24 13:00",120.425311,22.56413611,51,
鳳山,高雄市,96,細懸浮微粒,普通,2.2,2,0.41,0.5,64,35,39,53,18,29,11,13.7,2.5,0.9,166.0,"2025-11-24 13:00",120.357422,22.628126,50,
仁武,高雄市,89,細懸浮微粒,普通,1.9,1,,0.3,59,30,45,53,21,26.4,7,9.4,1.6,2.5,240.0,"2025-11-24 13:00",120.332631,22.689056,49,
橋頭,高雄市,99,細懸浮微粒,普通,1.8,1,0.25,0.3,67,32,52,52,27,29.9,9,11.5,1.8,2.4,250.0,"2025-11-24 13:00",120.305689,22.757506,48,
美濃,高雄市,70,細懸浮微粒,普通,1.3,1,0.24,0.2,52,32,26,29,17,19.5,3,4,0.8,1.2,237.0,"2025-11-24 13:00",120.530542,22.883583,47,
臺南,臺南市,104,細懸浮微粒,對敏感族群不健康,2.2,1,0.36,0.3,70,33,63,62,39,31.6,12,14.8,2.7,2.1,1.0,"2025-11-24 13:00",120.21947897,22.98928311,46,
安南,臺南市,109,細懸浮微粒,對敏感族群不健康,1.4,0,0.35,0.4,68,27,59,62,33,33.6,6,8.3,1.3,2.8,342.0,"2025-11-24 13:00",120.2175,23.048197,45,
善化,臺南市,98,細懸浮微粒,普通,2.1,1,0.25,0.2,64,27,49,55,26,29.7,4,6.2,1.6,2.2,345.0,"2025-11-24 13:00",120.29740529,23.11337642,44,
新營,臺南市,95,細懸浮微粒,普通,2,1,0.25,0.3,59,26,57,61,27,28.7,5,7.5,1.9,2.8,327.0,"2025-11-24 13:00",120.31725,23.305633,43,
嘉義,嘉義市,89,細懸浮微粒,普通,3.5,1,0.37,0.3,62,32,52,50,33,26.4,7,9.3,1.5,2.2,334.0,"2025-11-24 13:00",120.44125148,23.46477865,42,
臺西,雲林縣,80,細懸浮微粒,普通,1.3,0,0.17,0.2,54,27,39,50,16,23,3,6,2.1,5.7,12.0,"2025-11-24 13:00",120.19933333,23.702175,41,
朴子,嘉義縣,94,細懸浮微粒,普通,1,0,0.17,0.3,54,30,44,54,21,28.2,3,4.5,0.7,2.5,343.0,"2025-11-24 13:00",120.2478,23.46538,40,
新港,嘉義縣,97,細懸浮微粒,普通,2.4,2,0.2,0.2,57,31,51,54,22,29.4,4,4.8,0.5,2.9,308.0,"2025-11-24 13:00",120.345531,23.554839,39,
崙背,雲林縣,97,細懸浮微粒,普通,1.3,1,0.16,0.3,46,24,36,62,16,29.2,2,4.1,1.2,2.6,301.0,"2025-11-24 13:00",120.348742,23.757547,38,
斗六,雲林縣,95,細懸浮微粒,普通,2.4,1,0.32,0.2,73,35,55,50,39,28.6,7,8.4,1.2,2.1,306.0,"2025-11-24 13:00",120.544994,23.711853,37,
南投,南投縣,64,細懸浮微粒,普通,1,,0.27,0.2,71,31,40,31,24,17.2,7,7.8,0.4,1.7,53.0,"2025-11-24 13:00",120.685306,23.913,36,
二林,彰化縣,90,細懸浮微粒,普通,1.4,1,0.17,0.3,51,27,35,55,18,26.7,3,5,1.2,4.0,356.0,"2025-11-24 13:00",120.409653,23.925175,35,
線西,彰化縣,83,細懸浮微粒,普通,2,1,0.15,0.3,45,22,38,46,15,24.2,5,6.4,0.9,5.3,11.0,"2025-11-24 13:00",120.469061,24.131672,34,
彰化,彰化縣,84,細懸浮微粒,普通,1,0,0.22,0.3,52,30,36,43,17,24.7,9,11.1,1.9,3.1,349.0,"2025-11-24 13:00",120.541519,24.066,33,
西屯,臺中市,90,細懸浮微粒,普通,1.6,1,0.18,0.3,51,22,35,45,19,26.7,6,7.7,0.8,3.1,341.0,"2025-11-24 13:00",120.616917,24.162197,32,
忠明,臺中市,85,細懸浮微粒,普通,2,1,0.26,0.4,51,24,38,43,17,25,12,15.6,3.3,2.9,310.0,"2025-11-24 13:00",120.641092,24.151958,31,
大里,臺中市,38,,良好,1.9,1,0.34,0.4,61,31,52,,25,,16,19.4,2.7,1.4,16.0,"2025-11-24 13:00",120.67844444,24.09961111,30,
沙鹿,臺中市,78,細懸浮微粒,普通,1.5,1,0.16,0.3,51,26,36,41,12,22.5,3,4.7,1.3,5.1,325.0,"2025-11-24 13:00",120.568794,24.225628,29,
豐原,臺中市,65,細懸浮微粒,普通,1.7,1,0.23,0.3,60,29,37,31,21,17.6,7,8,1,3.1,309.0,"2025-11-24 13:00",120.74252414,24.25699731,28,
三義,苗栗縣,60,細懸浮微粒,普通,1.5,1,0.21,0.2,55,34,26,26,15,15.7,5,6.9,0.9,3.7,2.0,"2025-11-24 13:00",120.75956754,24.38248443,27,
苗栗,苗栗縣,62,細懸浮微粒,普通,2.1,2,0.2,0.2,55,23,25,23,15,16.7,4,5.3,1.2,2.2,6.0,"2025-11-24 13:00",120.82011468,24.56499183,26,
頭份,苗栗縣,62,細懸浮微粒,普通,2.1,1,,0.2,46,21,46,33,24,16.5,,,,2.7,355.0,"2025-11-24 13:00",120.89869286,24.69690679,25,
新竹,新竹市,54,細懸浮微粒,普通,1.8,1,0.25,0.3,53,18,39,28,20,13.6,8,10.1,1.6,1.7,13.0,"2025-11-24 13:00",120.97236752,24.8056356,24,
竹東,新竹縣,40,,良好,1.5,1,0.24,0.1,60,29,31,17,16,10,6,7.6,1.1,1.7,290.0,"2025-11-24 13:00",121.08895493,24.74091408,23,
湖口,新竹縣,66,細懸浮微粒,普通,2.1,1,0.23,0.2,51,28,32,32,10,18,6,7.4,1.1,2.5,15.0,"2025-11-24 13:00",121.03886894,24.90009696,22,
龍潭,桃園市,53,細懸浮微粒,普通,1.6,1,0.29,0.2,59,29,25,22,16,13.1,10,11.4,1,2.6,333.0,"2025-11-24 13:00",121.21645772,24.86400048,21,
平鎮,桃園市,59,細懸浮微粒,普通,1.6,0,0.28,0.3,46,24,35,30,18,15.5,13,17.2,4.1,0.9,48.0,"2025-11-24 13:00",121.203986,24.952786,20,
觀音,桃園市,64,細懸浮微粒,普通,0.3,1,0.12,0.2,42,22,16,30,12,17.2,4,5.6,1.4,3.8,57.0,"2025-11-24 13:00",121.08283092,25.03556747,19,
大園,桃園市,57,細懸浮微粒,普通,1.3,1,0.16,0.2,41,18,27,32,11,14.8,5,7.8,2.5,5.0,26.0,"2025-11-24 13:00",121.20251473,25.06100357,18,
桃園,桃園市,52,細懸浮微粒,普通,2.9,1,0.27,0.4,42,20,37,29,11,13,18,23.5,4.9,2.4,343.0,"2025-11-24 13:00",121.30500531,24.9947107,17,
大同,臺北市,57,細懸浮微粒,普通,2.6,1,0.61,1.1,29,10,26,23,15,14.6,25,36.2,10.8,-,-,"2025-11-24 13:00",121.51342074,25.06331455,16,
松山,臺北市,54,細懸浮微粒,普通,0.9,1,0.15,0.3,34,14,,23,11,13.5,6,9,2.5,2.2,39.0,"2025-11-24 13:00",121.578611,25.05,15,
古亭,臺北市,40,,良好,1.5,1,0.33,0.3,41,21,25,22,11,9.7,17,21.9,4.1,2.1,302.0,"2025-11-24 13:00",121.529556,25.020608,14,
萬華,臺北市,51,二氧化氮,普通,1.6,1,0.43,0.4,36,18,33,25,15,12.2,22,28.5,5.9,1.1,312.0,"2025-11-24 13:00",121.507972,25.046503,13,
中山,臺北市,55,細懸浮微粒,普通,1.4,0,0.34,0.3,36,19,37,27,17,13.9,19,24.9,5.6,1.9,332.0,"2025-11-24 13:00",121.526528,25.062361,12,
士林,臺北市,53,細懸浮微粒,普通,2.1,1,0.23,0.3,40,17,46,32,15,13.3,14,17.4,3.2,2.7,328.0,"2025-11-24 13:00",121.51666356,25.10334003,11,
淡水,新北市,53,細懸浮微粒,普通,1.9,1,0.18,0.3,40,21,29,33,14,13.3,5,6.8,1.7,0.7,280.0,"2025-11-24 13:00",121.449239,25.1645,10,
林口,新北市,57,細懸浮微粒,普通,2.1,1,0.17,0.3,45,24,30,28,14,14.6,5,7.4,1.4,2.4,335.0,"2025-11-24 13:00",121.36548982,25.07798949,9,
菜寮,新北市,48,,良好,1.9,0,0.29,0.5,43,19,34,28,12,11.9,15,18.9,3.9,2.0,357.0,"2025-11-24 13:00",121.481028,25.06895,8,
新莊,新北市,56,細懸浮微粒,普通,0.7,0,0.31,0.4,47,21,40,34,16,14.3,18,22.3,4,2.5,22.0,"2025-11-24 13:00",121.4325,25.037972,7,
板橋,新北市,57,細懸浮微粒,普通,1.5,1,0.44,0.5,49,19,35,26,18,14.8,22,26.8,4.2,2.9,14.0,"2025-11-24 13:00",121.458667,25.012972,6,
土城,新北市,58,細懸浮微粒,普通,0.6,0,0.31,0.4,49,15,35,32,13,14.9,14,18.3,3.6,1.5,154.0,"2025-11-24 13:00",121.451861,24.982528,5,
新店,新北市,55,細懸浮微粒,普通,0.9,0,0.36,0.3,50,23,30,23,21,14,17,21,3.4,1.9,256.0,"2025-11-24 13:00",121.537778,24.977222,4,
汐止,新北市,52,細懸浮微粒,普通,2,1,0.15,0.2,36,15,21,22,9,13,7,10.7,2.8,2.0,17.0,"2025-11-24 13:00",121.64081,25.06624,2,
基隆,基隆市,44,,良好,0.8,1,0.17,0.4,40,18,25,20,12,10.9,2,3.2,0.6,2.7,83.0,"2025-11-24 13:00",121.760056,25.129167,1,
屏東(枋山),屏東縣,78,細懸浮微粒,普通,2.8,1,0.41,0.2,86,48,67,48,,22.4,7,8.4,0.6,2.9,301.0,"2025-11-24 12:00",120.651472,22.260899,313,
臺南（南化）,臺南市,58,細懸浮微粒,普通,0.6,0,0.22,0.2,51,20,24,23,15,15.2,2,2.6,0.1,0.4,345.0,"2025-11-24 12:00",120.44583156,23.04562013,312,
新北(樹林),新北市,42,,良好,0.9,0,0.26,0.3,46,17,21,15,12,10.5,17,19.8,2.7,0.2,255.0,"2025-11-24 12:00",121.38352778,24.94902778,311,
台中市（和平區）,臺中市,23,,良好,0.5,0,0.3,0.2,54,24,22,14,6,1.8,6,9.7,2.7,1.3,281.0,"2025-11-24 12:00",120.883858,24.174592,310,
屏東（琉球）,屏東縣,87,細懸浮微粒,普通,1.1,2,0.16,0.3,51,29,41,53,16,25.7,4,5.3,0.8,2.5,317.0,"2025-11-24 12:00",120.37722,22.35222,204,
南投（鹿谷）,南投縣,39,,良好,1.4,1,,0.1,44,42,,15,10,9.4,3,4.5,1.1,1.2,302.0,"2025-11-24 12:00",120.7944772,23.71867609,203,
高雄（湖內）,高雄市,99,細懸浮微粒,普通,1.6,1,0.28,0.3,66,24,76,63,35,30.1,8,10.1,1.6,2.1,266.0,"2025-11-24 12:00",120.24535,22.87985556,202,
宜蘭（三星）,宜蘭縣,21,,良好,1.4,1,0.17,0.1,38,21,15,8,7,5.3,3,3.2,0.2,0.3,50.0,"2025-11-24 12:00",121.6565272,24.6757916,201,
員林,彰化縣,93,細懸浮微粒,普通,2.1,1,0.32,0.3,56,30,44,42,27,27.9,10,13.7,2.8,1.7,6.0,"2025-11-24 12:00",120.5631893,23.9615945,139,
大城,彰化縣,111,細懸浮微粒,對敏感族群不健康,2.1,1,0.18,0.2,48,23,37,62,19,34.7,1,4,2,4.4,308.0,"2025-11-24 12:00",120.26964167,23.85493056,85,
富貴角,新北市,51,懸浮微粒,普通,0.7,0,0.1,0,39,36,26,31,10,11.7,4,5.8,1.6,3.5,63.0,"2025-11-24 12:00",121.53656894,25.29681695,84,
麥寮,雲林縣,93,細懸浮微粒,普通,1.7,1,0.17,0.3,47,20,33,53,14,27.8,2,3.4,0.8,2.7,341.0,"2025-11-24 12:00",120.251825,23.753506,83,
關山,臺東縣,26,,良好,0.6,0,0.1,0.1,33,16,11,15,0,6.4,1,3,1.1,1.3,42.0,"2025-11-24 12:00",121.161933,23.045083,80,
馬公,澎湖縣,68,細懸浮微粒,普通,0.3,0,0.21,0.1,52,48,41,39,21,18.7,2,2.8,0.6,4.2,21.0,"2025-11-24 12:00",119.566158,23.569031,78,
金門,金門縣,119,細懸浮微粒,對敏感族群不健康,1.7,1,0.33,0.3,58,24,52,60,32,37.8,19,22.9,3.1,1.2,49.0,"2025-11-24 12:00",118.312256,24.432133,77,
馬祖,連江縣,72,細懸浮微粒,普通,2,1,0.36,0.4,47,40,33,33,,20,6,8.8,1.9,2.5,331.0,"2025-11-24 12:00",119.952724,26.153736,75,
埔里,南投縣,52,細懸浮微粒,普通,1.3,1,0.17,0.2,46,18,9,17,8,13,4,6.1,2.1,1.5,334.0,"2025-11-24 12:00",120.967903,23.968842,72,
復興,高雄市,97,細懸浮微粒,普通,1.6,2,0.29,0.4,47,30,39,57,21,29.2,9,12.1,2.1,0.7,201.0,"2025-11-24 12:00",120.312017,22.608711,71,
永和,新北市,59,二氧化氮,普通,0.9,0,0.73,0.8,21,11,39,29,17,13.3,34,57.7,23.6,1.8,294.0,"2025-11-24 12:00",121.516306,25.017,70,
竹山,南投縣,71,細懸浮微粒,普通,1.7,1,0.18,0.2,53,24,43,31,21,19.8,5,5.9,0.8,1.9,287.0,"2025-11-24 12:00",120.677306,23.756389,69,
中壢,桃園市,67,細懸浮微粒,普通,1.8,1,0.76,0.9,22,10,46,36,21,18.2,37,79.4,42.2,0.9,39.0,"2025-11-24 12:00",121.221667,24.953278,68,
三重,新北市,60,細懸浮微粒,普通,0.9,0,0.6,0.8,22,8,36,29,18,15.9,36,64.9,28.2,-,-,"2025-11-24 12:00",121.493806,25.072611,67,
冬山,宜蘭縣,44,,良好,1.6,1,0.24,0.2,34,15,29,26,10,10.8,9,14.1,4.9,1.9,42.0,"2025-11-24 12:00",121.792928,24.632203,66,
宜蘭,宜蘭縣,38,,良好,1.1,1,0.19,0.1,41,23,22,14,11,9.4,2,3.8,1.3,2.0,118.0,"2025-11-24 12:00",121.746394,24.747917,65,
陽明,臺北市,33,,良好,4.3,1,0.15,0.1,35,34,24,18,10,8.3,1,3,1.3,3.0,350.0,"2025-11-24 12:00",121.529583,25.182722,64,
花蓮,花蓮縣,33,,良好,1.2,0,0.15,0.1,40,20,16,16,11,8.1,2,2.5,0.5,2.3,112.0,"2025-11-24 12:00",121.599769,23.971306,63,
臺東,臺東縣,35,,良好,1,1,0.16,0.1,37,26,21,21,10,8,3,6,2.3,3.0,75.0,"2025-11-24 12:00",121.15045,22.755358,62,
恆春,屏東縣,37,,良好,0.7,0,0.11,0.1,40,37,20,16,7,9.1,0,2.1,1.4,5.1,346.0,"2025-11-24 12:00",120.788928,21.958069,61,
潮州,屏東縣,107,細懸浮微粒,對敏感族群不健康,3.2,2,0.38,0.4,67,28,53,54,28,33.1,6,8.3,1.9,2.0,298.0,"2025-11-24 12:00",120.561175,22.523108,60,
屏東,屏東縣,82,細懸浮微粒,普通,1.4,1,0.28,0.3,66,30,48,46,20,23.7,7,7.4,0.2,1.3,302.0,"2025-11-24 12:00",120.488033,22.673081,59,
小港,高雄市,104,細懸浮微粒,對敏感族群不健康,1.4,1,0.23,0.4,43,20,44,65,22,31.9,18,23.1,5.1,3.2,265.0,"2025-11-24 12:00",120.337736,22.565833,58,
前鎮,高雄市,102,細懸浮微粒,對敏感族群不健康,1.8,2,0.26,0.4,41,28,,,,30.9,13,20.9,7.4,1.9,336.0,"2025-11-24 12:00",120.30833356,22.6044507,57,
前金,高雄市,77,懸浮微粒,普通,1.1,1,0.22,0.2,52,33,43,54,,,7,8.4,1.2,2.9,334.0,"2025-11-24 12:00",120.28676111,22.63390278,56,
左營,高雄市,92,細懸浮微粒,普通,1.3,1,0.19,0.3,51,27,52,54,24,27.6,7,9.1,1.7,2.6,280.0,"2025-11-24 12:00",120.292917,22.674861,54,
楠梓,高雄市,97,細懸浮微粒,普通,1.7,1,0.26,0.3,63,28,59,60,28,29.2,10,11.7,1.2,2.0,305.0,"2025-11-24 12:00",120.328289,22.733667,53,
林園,高雄市,93,細懸浮微粒,普通,1.6,1,0.18,0.3,55,30,38,57,17,27.7,7,9,1.8,2.8,270.0,"2025-11-24 12:00",120.41175,22.4795,52,
大寮,高雄市,110,細懸浮微粒,對敏感族群不健康,3,2,0.59,0.4,74,27,67,59,39,34.3,20,23.3,2.7,1.7,276.0,"2025-11-24 12:00",120.425311,22.56413611,51,
鳳山,高雄市,104,細懸浮微粒,對敏感族群不健康,2.2,2,0.5,0.5,54,29,50,56,21,31.8,15,18,2.9,1.2,298.0,"2025-11-24 12:00",120.357422,22.628126,50,
仁武,高雄市,92,細懸浮微粒,普通,1.8,1,,0.3,53,24,,57,24,27.6,9,11.4,2.1,2.6,265.0,"2025-11-24 12:00",120.332631,22.689056,49,
橋頭,高雄市,102,細懸浮微粒,對敏感族群不健康,1.8,1,0.25,0.3,60,26,54,55,29,31.1,10,13.2,2.2,1.9,297.0,"2025-11-24 12:00",120.305689,22.757506,48,
美濃,高雄市,74,細懸浮微粒,普通,1.5,1,0.25,0.3,52,27,25,31,21,20.8,3,3.9,0.7,1.0,237.0,"2025-11-24 12:00",120.530542,22.883583,47,
臺南,臺南市,97,細懸浮微粒,普通,1.9,1,0.39,0.3,50,26,73,61,43,29.2,17,21.8,4.4,1.7,53.0,"2025-11-24 12:00",120.21947897,22.98928311,46,
安南,臺南市,107,細懸浮微粒,對敏感族群不健康,1.5,0,0.41,0.4,56,19,68,62,38,33,13,16,2.3,2.1,326.0,"2025-11-24 12:00",120.2175,23.048197,45,
善化,臺南市,96,細懸浮微粒,普通,2.1,1,0.31,0.3,59,18,59,55,31,28.9,4,6.5,1.5,2.9,18.0,"2025-11-24 12:00",120.29740529,23.11337642,44,
新營,臺南市,98,細懸浮微粒,普通,2.3,1,0.3,0.3,52,20,80,61,28,29.7,7,9.6,2.2,2.2,33.0,"2025-11-24 12:00",120.31725,23.305633,43,
嘉義,嘉義市,89,細懸浮微粒,普通,4.3,1,0.31,0.3,50,27,51,51,22,26.4,9,11.3,2.1,2.4,21.0,"2025-11-24 12:00",120.44125148,23.46477865,42,
臺西,雲林縣,90,細懸浮微粒,普通,1.2,0,0.18,0.3,48,21,37,55,18,26.7,3,5.7,2.1,4.9,25.0,"2025-11-24 12:00",120.19933333,23.702175,41,
朴子,嘉義縣,98,細懸浮微粒,普通,1.4,0,0.2,0.3,52,24,48,55,28,29.7,4,5.8,0.8,2.2,332.0,"2025-11-24 12:00",120.2478,23.46538,40,
新港,嘉義縣,102,細懸浮微粒,對敏感族群不健康,2.6,2,0.23,0.2,53,26,56,55,34,31.1,4,5.5,0.7,2.3,311.0,"2025-11-24 12:00",120.345531,23.554839,39,
崙背,雲林縣,106,細懸浮微粒,對敏感族群不健康,1.6,1,0.21,0.3,47,19,65,68,22,32.7,4,5.5,1.3,2.0,291.0,"2025-11-24 12:00",120.348742,23.757547,38,
斗六,雲林縣,85,細懸浮微粒,普通,2,1,,0.2,58,30,,48,32,24.9,6,7.7,1.3,1.5,352.0,"2025-11-24 12:00",120.544994,23.711853,37,
南投,南投縣,62,細懸浮微粒,普通,0.8,,0.26,0.2,60,23,37,29,15,16.4,8,9.3,0.8,2.3,24.0,"2025-11-24 12:00",120.685306,23.913,36,
二林,彰化縣,98,細懸浮微粒,普通,2.3,1,0.18,0.3,47,21,44,61,16,29.5,6,7.8,1.7,3.3,354.0,"2025-11-24 12:00",120.409653,23.925175,35,
線西,彰化縣,91,細懸浮微粒,普通,1.7,1,,0.3,37,17,40,48,,27.1,6,7.3,0.9,4.0,336.0,"2025-11-24 12:00",120.469061,24.131672,34,
彰化,彰化縣,89,細懸浮微粒,普通,1.2,0,0.27,0.3,47,25,41,43,16,26.5,12,15.2,2.9,2.6,8.0,"2025-11-24 12:00",120.541519,24.066,33,
西屯,臺中市,95,細懸浮微粒,普通,1.8,1,0.21,0.3,49,16,31,48,18,28.7,8,10.5,1.8,2.4,303.0,"2025-11-24 12:00",120.616917,24.162197,32,
忠明,臺中市,90,細懸浮微粒,普通,2.2,1,0.3,0.4,46,21,42,43,21,26.7,14,18.4,3.9,2.2,304.0,"2025-11-24 12:00",120.641092,24.151958,31,
大里,臺中市,52,二氧化氮,普通,1.6,1,0.52,0.4,52,24,,,,,23,27.8,4.3,1.3,238.0,"2025-11-24 12:00",120.67844444,24.09961111,30,
沙鹿,臺中市,90,細懸浮微粒,普通,1.5,1,0.17,0.3,45,22,37,43,12,26.6,5,6.5,1.5,3.8,309.0,"2025-11-24 12:00",120.568794,24.225628,29,
豐原,臺中市,62,細懸浮微粒,普通,2.3,1,0.27,0.3,60,22,37,29,21,16.5,10,11.8,1.8,2.0,256.0,"2025-11-24 12:00",120.74252414,24.25699731,28,
三義,苗栗縣,57,細懸浮微粒,普通,1.3,1,0.23,0.2,53,29,29,24,17,14.8,5,7,1.2,2.8,348.0,"2025-11-24 12:00",120.75956754,24.38248443,27,
苗栗,苗栗縣,67,細懸浮微粒,普通,3.4,2,0.22,0.2,44,17,27,22,17,18.3,7,10.2,2.4,2.8,354.0,"2025-11-24 12:00",120.82011468,24.56499183,26,
頭份,苗栗縣,58,細懸浮微粒,普通,2,1,,0.2,28,16,41,29,,15.1,,,,2.7,324.0,"2025-11-24 12:00",120.89869286,24.69690679,25,
新竹,新竹市,52,細懸浮微粒,普通,1.4,1,0.37,0.3,39,12,35,26,17,12.7,17,21.8,4.2,2.8,296.0,"2025-11-24 12:00",120.97236752,24.8056356,24,
竹東,新竹縣,31,,良好,1.5,1,0.22,0.1,52,23,27,15,14,7.6,5,6.6,1.1,1.4,307.0,"2025-11-24 12:00",121.08895493,24.74091408,23,
湖口,新竹縣,73,細懸浮微粒,普通,2,1,0.25,0.2,50,23,42,33,22,20.5,7,8.4,1.3,3.2,353.0,"2025-11-24 12:00",121.03886894,24.90009696,22,
龍潭,桃園市,51,細懸浮微粒,普通,1.5,1,0.27,0.2,49,25,27,20,16,12.5,9,11.1,1.6,1.3,69.0,"2025-11-24 12:00",121.21645772,24.86400048,21,
平鎮,桃園市,55,細懸浮微粒,普通,1.1,0,0.39,0.3,42,20,34,28,18,14,19,23.9,4.9,1.1,34.0,"2025-11-24 12:00",121.203986,24.952786,20,
觀音,桃園市,71,細懸浮微粒,普通,,1,,0.3,39,18,,35,16,19.8,,,,3.5,38.0,"2025-11-24 12:00",121.08283092,25.03556747,19,
大園,桃園市,61,細懸浮微粒,普通,1.7,1,0.23,0.3,41,14,29,34,12,16.3,10,13.7,3.6,3.8,349.0,"2025-11-24 12:00",121.20251473,25.06100357,18,
桃園,桃園市,54,細懸浮微粒,普通,2.4,1,0.4,0.4,36,16,41,29,17,13.6,27,34.9,7.8,2.8,320.0,"2025-11-24 12:00",121.30500531,24.9947107,17,
大同,臺北市,58,二氧化氮,普通,1.9,1,0.87,1.1,22,9,30,23,16,14.8,33,54,20.9,-,-,"2025-11-24 12:00",121.51342074,25.06331455,16,
松山,臺北市,57,細懸浮微粒,普通,1.2,1,0.18,0.3,23,12,,25,10,14.7,,,,1.7,49.0,"2025-11-24 12:00",121.578611,25.05,15,
古亭,臺北市,43,,良好,1.3,1,0.35,0.2,33,19,28,21,10,9.8,18,24.6,5.7,1.8,248.0,"2025-11-24 12:00",121.529556,25.020608,14,
萬華,臺北市,53,二氧化氮,普通,1.2,1,0.48,0.4,27,16,31,22,13,11.7,25,35.8,10.1,1.5,319.0,"2025-11-24 12:00",121.507972,25.046503,13,
中山,臺北市,53,細懸浮微粒,普通,0.7,0,0.28,0.3,31,18,27,24,12,13.4,13,19.3,6.1,1.6,321.0,"2025-11-24 12:00",121.526528,25.062361,12,
士林,臺北市,54,細懸浮微粒,普通,,1,,0.3,,14,38,31,,13.7,,,,2.4,316.0,"2025-11-24 12:00",121.51666356,25.10334003,11,
淡水,新北市,57,懸浮微粒,普通,1.9,1,0.22,0.3,43,20,32,36,16,12.7,7,9.5,1.9,2.1,310.0,"2025-11-24 12:00",121.449239,25.1645,10,
林口,新北市,57,細懸浮微粒,普通,1.9,1,0.19,0.3,41,22,28,27,17,14.7,8,10.5,2.4,2.7,343.0,"2025-11-24 12:00",121.36548982,25.07798949,9,
菜寮,新北市,48,,良好,1.1,0,0.41,0.5,37,16,33,26,11,11.7,20,26.4,5.8,2.0,343.0,"2025-11-24 12:00",121.481028,25.06895,8,
新莊,新北市,56,細懸浮微粒,普通,0.6,0,0.48,0.4,39,17,42,32,14,14.2,26,33.3,6.8,2.4,13.0,"2025-11-24 12:00",121.4325,25.037972,7,
板橋,新北市,56,細懸浮微粒,普通,1.3,1,0.51,0.5,40,15,31,23,18,14.3,27,33.7,6.6,1.9,166.0,"2025-11-24 12:00",121.458667,25.012972,6,
土城,新北市,60,細懸浮微粒,普通,0.6,0,0.33,0.4,33,11,39,32,16,15.7,21,29.4,7.9,1.5,205.0,"2025-11-24 12:00",121.451861,24.982528,5,
新店,新北市,49,,良好,0.9,0,0.31,0.2,37,19,26,21,16,12.1,14,19.3,4.4,2.2,313.0,"2025-11-24 12:00",121.537778,24.977222,4,
汐止,新北市,56,細懸浮微粒,普通,1.5,1,0.16,0.3,33,12,18,23,8,14.5,7,10.4,3.3,1.6,49.0,"2025-11-24 12:00",121.64081,25.06624,2,
基隆,基隆市,46,,良好,0.9,1,0.17,0.4,37,14,16,20,9,11.3,3,4,0.7,2.3,80.0,"2025-11-24 12:00",121.760056,25.129167,1,
斗六,雲林縣,78,細懸浮微粒,普通,,1,,0.2,,22,,44,,22.2,,,,,,"2025-11-24 11:00",120.544994,23.711853,37,
屏東(枋山),屏東縣,75,細懸浮微粒,普通,1,1,0.32,0.2,65,43,62,41,30,21.2,3,4.2,0.4,3.1,291.0,"2025-11-24 11:00",120.651472,22.260899,313,
臺南（南化）,臺南市,57,細懸浮微粒,普通,0.4,0,0.21,0.1,43,14,25,21,13,14.8,2,2.7,0.3,0.8,352.0,"2025-11-24 11:00",120.44583156,23.04562013,312,
新北(樹林),新北市,48,,良好,0.9,0,0.29,0.2,29,14,20,13,12,10.2,20,24.7,4.3,0.0,215.0,"2025-11-24 11:00",121.38352778,24.94902778,311,
台中市（和平區）,臺中市,21,,良好,0.4,0,0.27,0.2,40,20,19,11,3,1.3,9,13.2,3.9,2.1,278.0,"2025-11-24 11:00",120.883858,24.174592,310,
屏東（琉球）,屏東縣,93,細懸浮微粒,普通,1.5,2,0.2,0.4,49,25,44,55,17,27.7,6,8,1.5,3.1,324.0,"2025-11-24 11:00",120.37722,22.35222,204,
南投（鹿谷）,南投縣,40,,良好,1.6,1,0.17,0.1,39,43,13,15,8,9,3,4.6,1.2,0.8,326.0,"2025-11-24 11:00",120.7944772,23.71867609,203,
高雄（湖內）,高雄市,97,細懸浮微粒,普通,1.3,1,0.31,0.3,50,18,65,59,33,29.2,11,14.7,2.8,1.9,272.0,"2025-11-24 11:00",120.24535,22.87985556,202,
宜蘭（三星）,宜蘭縣,21,,良好,1.3,1,0.14,0,34,18,9,7,6,5.1,1,2,0.1,0.4,61.0,"2025-11-24 11:00",121.6565272,24.6757916,201,
員林,彰化縣,95,細懸浮微粒,普通,1.7,1,0.32,0.3,51,25,40,42,26,28.5,7,9.3,2.1,2.4,313.0,"2025-11-24 11:00",120.5631893,23.9615945,139,
大城,彰化縣,121,細懸浮微粒,對敏感族群不健康,2.5,1,0.22,0.2,45,18,45,70,25,38.5,2,4.6,2.5,4.3,319.0,"2025-11-24 11:00",120.26964167,23.85493056,85,
富貴角,新北市,53,懸浮微粒,普通,0.6,0,0.1,0,41,36,34,33,13,11.6,2,3.4,0.8,3.6,83.0,"2025-11-24 11:00",121.53656894,25.29681695,84,
麥寮,雲林縣,101,細懸浮微粒,對敏感族群不健康,1.8,1,0.2,0.3,43,15,36,60,23,30.7,3,4.1,1,2.0,330.0,"2025-11-24 11:00",120.251825,23.753506,83,
關山,臺東縣,33,,良好,0.5,0,0.1,0.1,27,13,10,18,3,8.2,2,3.1,1.1,0.7,352.0,"2025-11-24 11:00",121.161933,23.045083,80,
馬公,澎湖縣,67,細懸浮微粒,普通,0.1,0,0.18,0.1,49,47,35,38,14,18.2,2,3.3,0.6,4.0,13.0,"2025-11-24 11:00",119.566158,23.569031,78,
金門,金門縣,121,細懸浮微粒,對敏感族群不健康,2.4,1,0.37,0.3,44,19,63,60,42,38.6,26,32.4,5.6,1.9,293.0,"2025-11-24 11:00",118.312256,24.432133,77,
馬祖,連江縣,72,細懸浮微粒,普通,1.7,1,0.34,0.4,42,40,33,34,21,20,6,8.5,1.8,3.9,339.0,"2025-11-24 11:00",119.952724,26.153736,75,
埔里,南投縣,55,細懸浮微粒,普通,1.5,1,0.29,0.2,39,14,26,20,16,13.9,9,13.3,4.2,1.3,297.0,"2025-11-24 11:00",120.967903,23.968842,72,
復興,高雄市,99,細懸浮微粒,普通,1.6,2,0.32,0.4,45,27,50,61,23,30.2,12,15.2,2.3,1.3,285.0,"2025-11-24 11:00",120.312017,22.608711,71,
永和,新北市,57,二氧化氮,普通,1.1,0,0.87,0.8,16,11,38,27,12,12.6,31,54.8,23.1,1.1,218.0,"2025-11-24 11:00",121.516306,25.017,70,
竹山,南投縣,74,細懸浮微粒,普通,1.5,1,0.16,0.2,47,20,29,29,14,20.8,3,4.9,0.9,1.1,337.0,"2025-11-24 11:00",120.677306,23.756389,69,
中壢,桃園市,64,細懸浮微粒,普通,1.5,1,0.88,0.8,14,9,,32,23,17.3,32,80.8,47.9,0.2,3.0,"2025-11-24 11:00",121.221667,24.953278,68,
三重,新北市,62,二氧化氮,普通,0.9,0,0.76,0.8,13,6,41,28,20,15.2,40,86.1,45.5,-,-,"2025-11-24 11:00",121.493806,25.072611,67,
冬山,宜蘭縣,45,,良好,1.4,1,0.21,0.2,28,12,20,27,11,10.9,8,13.7,5,1.2,7.0,"2025-11-24 11:00",121.792928,24.632203,66,
宜蘭,宜蘭縣,35,,良好,1.2,1,0.19,0.1,37,21,18,13,12,8.8,2,4.5,1.5,1.0,156.0,"2025-11-24 11:00",121.746394,24.747917,65,
陽明,臺北市,38,,良好,6.6,1,0.35,0.1,31,35,23,16,13,7.8,1,2.5,1.2,2.3,160.0,"2025-11-24 11:00",121.529583,25.182722,64,
花蓮,花蓮縣,29,,良好,1.5,0,0.15,0.1,36,17,16,16,10,7.2,2,3.2,0.6,1.4,123.0,"2025-11-24 11:00",121.599769,23.971306,63,
臺東,臺東縣,33,,良好,1.1,1,0.17,0.1,36,24,29,20,8,7.5,4,6.9,2.6,2.7,67.0,"2025-11-24 11:00",121.15045,22.755358,62,
恆春,屏東縣,38,,良好,0.8,0,0.11,0.1,38,37,17,16,7,9.4,0,2,1.4,4.5,354.0,"2025-11-24 11:00",120.788928,21.958069,61,
潮州,屏東縣,108,細懸浮微粒,對敏感族群不健康,2.3,2,0.35,0.4,56,21,58,54,31,33.4,6,8.4,2,1.9,277.0,"2025-11-24 11:00",120.561175,22.523108,60,
屏東,屏東縣,84,細懸浮微粒,普通,1.2,1,0.27,0.3,52,24,43,47,21,24.6,6,7,0.7,1.9,272.0,"2025-11-24 11:00",120.488033,22.673081,59,
小港,高雄市,111,細懸浮微粒,對敏感族群不健康,1.5,2,0.28,0.4,35,16,62,69,26,34.5,26,34.6,7.6,2.6,301.0,"2025-11-24 11:00",120.337736,22.565833,58,
前鎮,高雄市,102,細懸浮微粒,對敏感族群不健康,1.9,2,0.35,0.4,44,25,,69,31,31,13,20.1,6.9,1.7,336.0,"2025-11-24 11:00",120.30833356,22.6044507,57,
前金,高雄市,79,懸浮微粒,普通,1,1,0.22,0.3,48,28,44,56,,,8,9.7,1.4,3.4,350.0,"2025-11-24 11:00",120.28676111,22.63390278,56,
左營,高雄市,96,細懸浮微粒,普通,1.5,1,0.2,0.3,45,23,47,55,26,29,8,10.2,2,3.2,306.0,"2025-11-24 11:00",120.292917,22.674861,54,
楠梓,高雄市,96,細懸浮微粒,普通,1.9,1,0.3,0.3,53,22,62,59,30,28.9,13,15.7,1.9,1.3,311.0,"2025-11-24 11:00",120.328289,22.733667,53,
林園,高雄市,101,細懸浮微粒,對敏感族群不健康,2.3,2,0.22,0.3,49,25,50,61,22,30.7,10,13.3,3.2,2.8,281.0,"2025-11-24 11:00",120.41175,22.4795,52,
大寮,高雄市,108,細懸浮微粒,對敏感族群不健康,5.7,2,0.96,0.4,47,19,71,57,38,33.4,22,26.9,4.5,1.6,341.0,"2025-11-24 11:00",120.425311,22.56413611,51,
鳳山,高雄市,109,細懸浮微粒,對敏感族群不健康,1.9,2,0.59,0.4,50,25,57,57,34,33.6,17,21.9,3.9,1.0,264.0,"2025-11-24 11:00",120.357422,22.628126,50,
仁武,高雄市,96,細懸浮微粒,普通,2.2,1,0.27,0.3,47,20,50,58,26,29,13,16.5,3.2,2.7,276.0,"2025-11-24 11:00",120.332631,22.689056,49,
橋頭,高雄市,103,細懸浮微粒,對敏感族群不健康,1.9,1,0.26,0.3,51,20,48,54,30,31.3,13,16.4,2.9,1.8,326.0,"2025-11-24 11:00",120.305689,22.757506,48,
美濃,高雄市,73,細懸浮微粒,普通,1.4,1,0.26,0.3,49,22,25,34,18,20.7,3,4.7,0.7,1.1,326.0,"2025-11-24 11:00",120.530542,22.883583,47,
臺南,臺南市,87,細懸浮微粒,普通,2,1,0.41,0.3,39,23,73,58,35,25.5,16,22.2,5.3,1.8,13.0,"2025-11-24 11:00",120.21947897,22.98928311,46,
安南,臺南市,104,細懸浮微粒,對敏感族群不健康,,0,0.42,0.4,34,14,77,60,42,31.6,15,19.8,4.2,1.5,39.0,"2025-11-24 11:00",120.2175,23.048197,45,
善化,臺南市,91,細懸浮微粒,普通,1.8,1,0.27,0.3,44,11,66,51,37,27,5,8,2.1,2.0,13.0,"2025-11-24 11:00",120.29740529,23.11337642,44,
新營,臺南市,98,細懸浮微粒,普通,1.8,1,0.31,0.3,42,15,69,56,27,29.5,7,9.8,2.2,2.1,16.0,"2025-11-24 11:00",120.31725,23.305633,43,
嘉義,嘉義市,93,細懸浮微粒,普通,3.3,1,0.29,0.3,44,24,42,53,22,28,8,10.9,2,1.9,353.0,"2025-11-24 11:00",120.44125148,23.46477865,42,
臺西,雲林縣,95,細懸浮微粒,普通,1.6,0,0.2,0.3,44,17,44,61,18,28.6,4,6.9,2.3,5.1,27.0,"2025-11-24 11:00",120.19933333,23.702175,41,
朴子,嘉義縣,100,細懸浮微粒,普通,1.5,0,0.27,0.3,45,19,53,61,29,30.3,6,7.6,1.1,1.8,334.0,"2025-11-24 11:00",120.2478,23.46538,40,
新港,嘉義縣,102,細懸浮微粒,對敏感族群不健康,3.1,2,0.26,0.3,40,20,51,56,30,31,7,9.1,1.7,2.5,342.0,"2025-11-24 11:00",120.345531,23.554839,39,
崙背,雲林縣,112,細懸浮微粒,對敏感族群不健康,2.1,1,0.28,0.3,40,13,68,71,38,34.8,6,8.6,2.3,1.8,304.0,"2025-11-24 11:00",120.348742,23.757547,38,
南投,南投縣,61,細懸浮微粒,普通,0.8,,0.25,0.2,50,17,32,27,17,16.1,7,8.9,1.2,1.7,28.0,"2025-11-24 11:00",120.685306,23.913,36,
二林,彰化縣,104,細懸浮微粒,對敏感族群不健康,3.4,1,0.28,0.3,37,16,56,64,27,31.8,10,13.8,3.1,3.2,338.0,"2025-11-24 11:00",120.409653,23.925175,35,
線西,彰化縣,88,細懸浮微粒,普通,3.7,2,,0.3,32,12,,49,22,26.1,11,15.6,3.6,,,"2025-11-24 11:00",120.469061,24.131672,34,
彰化,彰化縣,95,細懸浮微粒,普通,1.2,0,0.37,0.3,39,21,43,44,25,28.4,15,20.6,5,2.0,325.0,"2025-11-24 11:00",120.541519,24.066,33,
西屯,臺中市,99,細懸浮微粒,普通,1.7,1,0.33,0.4,37,10,50,51,30,30.2,18,23.9,5.3,1.8,339.0,"2025-11-24 11:00",120.616917,24.162197,32,
忠明,臺中市,91,細懸浮微粒,普通,1.7,1,0.43,0.4,38,16,49,43,30,27.2,21,29.3,7.3,1.7,31.0,"2025-11-24 11:00",120.641092,24.151958,31,
大里,臺中市,84,細懸浮微粒,普通,1.4,1,0.59,0.4,48,18,71,57,32,24.5,19,23.6,3.8,1.2,300.0,"2025-11-24 11:00",120.67844444,24.09961111,30,
沙鹿,臺中市,100,細懸浮微粒,普通,1.8,1,0.2,0.3,37,18,33,47,21,30.4,8,10.9,2.4,2.9,8.0,"2025-11-24 11:00",120.568794,24.225628,29,
豐原,臺中市,59,細懸浮微粒,普通,2.9,1,0.27,0.3,40,16,36,26,18,15.4,16,20.2,4.2,1.4,334.0,"2025-11-24 11:00",120.74252414,24.25699731,28,
三義,苗栗縣,54,細懸浮微粒,普通,1.3,1,0.25,0.2,45,26,32,22,19,13.7,6,7.5,1.2,2.1,16.0,"2025-11-24 11:00",120.75956754,24.38248443,27,
苗栗,苗栗縣,68,細懸浮微粒,普通,4.7,2,0.22,0.2,30,13,23,22,18,18.8,10,14.4,4.1,1.6,324.0,"2025-11-24 11:00",120.82011468,24.56499183,26,
頭份,苗栗縣,57,細懸浮微粒,普通,1.8,1,0.24,0.2,33,13,,26,13,14.7,9,14.4,5.2,0.9,52.0,"2025-11-24 11:00",120.89869286,24.69690679,25,
新竹,新竹市,45,,良好,1.6,1,0.37,0.3,29,7,31,23,13,11.2,16,22.7,5.8,1.0,173.0,"2025-11-24 11:00",120.97236752,24.8056356,24,
竹東,新竹縣,24,,良好,1.8,1,0.2,0.1,40,19,21,12,19,6,6,8.5,2.1,0.8,224.0,"2025-11-24 11:00",121.08895493,24.74091408,23,
湖口,新竹縣,73,細懸浮微粒,普通,1.7,1,0.26,0.2,41,18,33,34,18,20.5,7,9.3,1.7,0.9,236.0,"2025-11-24 11:00",121.03886894,24.90009696,22,
龍潭,桃園市,45,,良好,1.4,1,0.24,0.2,37,20,22,18,14,11.2,8,11.2,2.3,1.1,284.0,"2025-11-24 11:00",121.21645772,24.86400048,21,
平鎮,桃園市,55,細懸浮微粒,普通,1,0,0.39,0.3,35,16,29,29,15,13.9,16,21.7,5.3,0.8,71.0,"2025-11-24 11:00",121.203986,24.952786,20,
觀音,桃園市,76,細懸浮微粒,普通,2.3,1,0.26,0.2,35,14,37,36,,21.6,13,18.4,4.6,2.0,62.0,"2025-11-24 11:00",121.08283092,25.03556747,19,
大園,桃園市,63,細懸浮微粒,普通,,1,,0.3,,11,47,34,22,17,,,,2.9,356.0,"2025-11-24 11:00",121.20251473,25.06100357,18,
桃園,桃園市,52,細懸浮微粒,普通,1.6,1,0.47,0.4,33,15,30,25,14,13,21,27.1,5.8,1.6,283.0,"2025-11-24 11:00",121.30500531,24.9947107,17,
大同,臺北市,59,二氧化氮,普通,2.1,1,0.83,1,13,10,23,21,18,14.3,35,65.8,29.9,-,-,"2025-11-24 11:00",121.51342074,25.06331455,16,
松山,臺北市,61,細懸浮微粒,普通,1.3,1,0.21,0.3,14,12,6,25,,16,,,,2.1,56.0,"2025-11-24 11:00",121.578611,25.05,15,
古亭,臺北市,39,,良好,1.5,1,0.28,0.2,25,18,25,19,9,9.6,16,24,7.1,1.3,208.0,"2025-11-24 11:00",121.529556,25.020608,14,
萬華,臺北市,56,二氧化氮,普通,1.1,1,0.65,0.3,19,16,28,20,14,11.3,30,43.9,13.6,1.3,311.0,"2025-11-24 11:00",121.507972,25.046503,13,
中山,臺北市,54,細懸浮微粒,普通,0.9,0,0.51,0.3,18,17,35,23,15,13.7,26,44.5,18,1.7,129.0,"2025-11-24 11:00",121.526528,25.062361,12,
士林,臺北市,53,細懸浮微粒,普通,,1,,0.3,,17,,28,17,13.2,,,,1.3,235.0,"2025-11-24 11:00",121.51666356,25.10334003,11,
淡水,新北市,55,懸浮微粒,普通,1.6,1,0.26,0.3,24,19,29,35,15,11.7,18,28.5,9.8,1.0,310.0,"2025-11-24 11:00",121.449239,25.1645,10,
林口,新北市,58,細懸浮微粒,普通,1.7,1,0.22,0.3,27,21,34,29,16,15,13,20.4,7.2,1.3,313.0,"2025-11-24 11:00",121.36548982,25.07798949,9,
菜寮,新北市,55,二氧化氮,普通,0.9,0,0.58,0.4,28,15,34,24,17,11.5,28,40.6,11.7,1.4,1.0,"2025-11-24 11:00",121.481028,25.06895,8,
新莊,新北市,55,二氧化氮,普通,0.7,0,0.63,0.4,33,15,39,32,18,13.7,28,37.2,8.9,1.1,244.0,"2025-11-24 11:00",121.4325,25.037972,7,
板橋,新北市,55,二氧化氮,普通,1.8,1,0.59,0.4,29,13,30,22,17,13.5,28,38.6,9.7,2.0,150.0,"2025-11-24 11:00",121.458667,25.012972,6,
土城,新北市,58,細懸浮微粒,普通,0.8,0,0.48,0.3,22,9,38,29,21,15,28,42,13.8,0.9,260.0,"2025-11-24 11:00",121.451861,24.982528,5,
新店,新北市,45,,良好,0.9,0,0.32,0.2,29,17,27,20,16,11.2,14,20.8,5.9,1.3,303.0,"2025-11-24 11:00",121.537778,24.977222,4,
汐止,新北市,60,細懸浮微粒,普通,1.7,1,0.19,0.3,28,9,21,24,16,15.7,9,14.7,4.9,1.7,39.0,"2025-11-24 11:00",121.64081,25.06624,2,
基隆,基隆市,47,,良好,0.9,1,0.17,0.4,35,11,20,21,12,11.6,3,4.8,1,2.6,89.0,"2025-11-24 11:00",121.760056,25.129167,1,
屏東(枋山),屏東縣,70,細懸浮微粒,普通,1,1,0.28,0.2,59,41,50,36,23,19.4,3,4,0.4,2.6,292.0,"2025-11-24 10:00",120.651472,22.260899,313,
臺南（南化）,臺南市,60,細懸浮微粒,普通,0.4,0,0.21,0.1,36,9,25,20,14,15.9,2,2.7,0.4,0.1,268.0,"2025-11-24 10:00",120.44583156,23.04562013,312,
新北(樹林),新北市,52,二氧化氮,普通,0.7,0,0.44,0.2,16,12,15,12,11,9.9,24,43.6,19.4,0.1,249.0,"2025-11-24 10:00",121.38352778,24.94902778,311,
台中市（和平區）,臺中市,16,,良好,0.3,0,0.21,0.1,24,17,10,9,0,1.5,5,8.1,2.9,0.0,238.0,"2025-11-24 10:00",120.883858,24.174592,310,
屏東（琉球）,屏東縣,98,細懸浮微粒,普通,1.9,2,0.28,0.4,44,22,55,55,28,29.5,13,17.1,3.4,2.5,332.0,"2025-11-24 10:00",120.37722,22.35222,204,
南投（鹿谷）,南投縣,42,,良好,1.5,1,0.16,0.1,35,45,13,16,8,9.7,3,4.2,1.1,0.7,280.0,"2025-11-24 10:00",120.7944772,23.71867609,203,
高雄（湖內）,高雄市,94,細懸浮微粒,普通,2,1,0.31,0.3,31,13,62,57,26,28.1,12,16.9,4.3,0.6,320.0,"2025-11-24 10:00",120.24535,22.87985556,202,
宜蘭（三星）,宜蘭縣,19,,良好,1,1,0.1,0,21,15,7,7,5,4.8,1,2,0.5,0.3,348.0,"2025-11-24 10:00",121.6565272,24.6757916,201,
員林,彰化縣,96,細懸浮微粒,普通,2,1,0.29,0.3,38,21,38,42,25,28.8,7,9.8,2.6,1.4,343.0,"2025-11-24 10:00",120.5631893,23.9615945,139,
大城,彰化縣,128,細懸浮微粒,對敏感族群不健康,2,1,0.24,0.2,38,13,67,77,40,41.3,3,5.9,2.4,3.8,338.0,"2025-11-24 10:00",120.26964167,23.85493056,85,
富貴角,新北市,54,懸浮微粒,普通,0.7,0,0.1,0,39,36,32,34,14,11.4,2,3.2,0.7,5.1,98.0,"2025-11-24 10:00",121.53656894,25.29681695,84,
麥寮,雲林縣,106,細懸浮微粒,對敏感族群不健康,1.9,1,0.21,0.3,36,12,45,65,26,32.6,4,6.4,1.6,1.8,349.0,"2025-11-24 10:00",120.251825,23.753506,83,
關山,臺東縣,35,,良好,0.6,0,0.1,0.1,19,12,10,18,5,8.7,2,4,1.8,0.7,94.0,"2025-11-24 10:00",121.161933,23.045083,80,
馬公,澎湖縣,68,細懸浮微粒,普通,0.2,0,0.17,0.1,48,47,44,39,20,18.7,2,3.2,0.5,3.5,14.0,"2025-11-24 10:00",119.566158,23.569031,78,
金門,金門縣,117,細懸浮微粒,對敏感族群不健康,2.3,1,0.4,0.3,29,16,67,59,45,37.2,30,41.9,11.8,2.3,303.0,"2025-11-24 10:00",118.312256,24.432133,77,
馬祖,連江縣,70,細懸浮微粒,普通,1.7,1,0.34,0.3,38,42,35,35,24,19.5,8,10.2,2,3.6,334.0,"2025-11-24 10:00",119.952724,26.153736,75,
埔里,南投縣,55,細懸浮微粒,普通,1.5,1,0.37,0.2,22,10,22,18,14,14,10,16.3,6,0.9,298.0,"2025-11-24 10:00",120.967903,23.968842,72,
復興,高雄市,102,細懸浮微粒,對敏感族群不健康,1.5,2,0.48,0.4,43,23,59,61,31,31,19,21.6,2.6,0.8,250.0,"2025-11-24 10:00",120.312017,22.608711,71,
永和,新北市,57,二氧化氮,普通,1,0,1.31,0.7,6,12,38,23,15,12,32,79.9,47.3,0.8,301.0,"2025-11-24 10:00",121.516306,25.017,70,
竹山,南投縣,78,細懸浮微粒,普通,1.4,1,0.21,0.2,35,17,21,30,16,22.4,6,8.8,2.3,1.3,355.0,"2025-11-24 10:00",120.677306,23.756389,69,
中壢,桃園市,65,細懸浮微粒,普通,1.4,1,0.68,0.8,9,9,,35,,17.7,32,70.3,38.2,0.4,307.0,"2025-11-24 10:00",121.221667,24.953278,68,
三重,新北市,60,二氧化氮,普通,0.9,0,1.11,0.7,6,5,34,25,15,14,36,107.9,71.5,-,-,"2025-11-24 10:00",121.493806,25.072611,67,
冬山,宜蘭縣,45,,良好,1.3,0,0.26,0.2,18,10,30,27,11,10.3,11,20,8.5,1.6,307.0,"2025-11-24 10:00",121.792928,24.632203,66,
宜蘭,宜蘭縣,33,,良好,1,1,0.2,0.1,24,18,10,12,9,8.1,3,5.5,2,1.0,96.0,"2025-11-24 10:00",121.746394,24.747917,65,
陽明,臺北市,33,,良好,4.7,1,0.19,0.1,31,36,12,16,7,7,0,1.7,1,2.2,170.0,"2025-11-24 10:00",121.529583,25.182722,64,
花蓮,花蓮縣,28,,良好,0.9,0,0.17,0.1,21,15,15,17,7,6.6,3,4.7,1.4,1.4,239.0,"2025-11-24 10:00",121.599769,23.971306,63,
臺東,臺東縣,30,,良好,1.2,1,0.17,0.1,25,24,17,18,6,7.2,3,6,2.4,1.8,14.0,"2025-11-24 10:00",121.15045,22.755358,62,
恆春,屏東縣,38,,良好,0.7,0,0.12,0.1,37,37,13,15,11,9.5,0,2.1,1.5,4.6,359.0,"2025-11-24 10:00",120.788928,21.958069,61,
潮州,屏東縣,110,細懸浮微粒,對敏感族群不健康,1.9,2,0.42,0.4,42,16,57,51,30,34,7,10.8,2.8,1.6,287.0,"2025-11-24 10:00",120.561175,22.523108,60,
屏東,屏東縣,87,細懸浮微粒,普通,1.2,1,0.38,0.3,33,20,51,47,26,25.5,11,14.5,2.7,1.6,15.0,"2025-11-24 10:00",120.488033,22.673081,59,
小港,高雄市,113,細懸浮微粒,對敏感族群不健康,1.7,2,0.5,0.4,32,13,67,69,36,35.4,33,42.2,8.9,2.4,289.0,"2025-11-24 10:00",120.337736,22.565833,58,
前鎮,高雄市,99,細懸浮微粒,普通,1.7,2,0.44,0.4,40,22,,67,30,30.2,22,33.1,10.8,1.3,7.0,"2025-11-24 10:00",120.30833356,22.6044507,57,
前金,高雄市,82,懸浮微粒,普通,1.1,1,0.25,0.3,41,24,48,59,,,12,15,2.4,2.8,350.0,"2025-11-24 10:00",120.28676111,22.63390278,56,
左營,高雄市,96,細懸浮微粒,普通,1.9,1,0.32,0.3,39,19,60,55,28,29,12,15.4,3,2.5,284.0,"2025-11-24 10:00",120.292917,22.674861,54,
楠梓,高雄市,95,細懸浮微粒,普通,1.8,1,0.35,0.3,39,17,66,58,34,28.7,13,16.2,2.7,1.3,305.0,"2025-11-24 10:00",120.328289,22.733667,53,
林園,高雄市,105,細懸浮微粒,對敏感族群不健康,3.6,2,0.34,0.3,39,21,70,64,32,32,16,21,4.6,2.1,246.0,"2025-11-24 10:00",120.41175,22.4795,52,
大寮,高雄市,106,細懸浮微粒,對敏感族群不健康,2,3,0.41,0.3,38,15,53,54,33,32.6,13,17.9,4,1.0,331.0,"2025-11-24 10:00",120.425311,22.56413611,51,
鳳山,高雄市,107,細懸浮微粒,對敏感族群不健康,2.1,2,0.71,0.4,31,20,64,56,36,32.8,29,36,7,0.9,298.0,"2025-11-24 10:00",120.357422,22.628126,50,
仁武,高雄市,95,細懸浮微粒,普通,1.7,1,0.36,0.3,37,16,63,59,32,28.6,20,26.5,5.9,1.3,248.0,"2025-11-24 10:00",120.332631,22.689056,49,
橋頭,高雄市,101,細懸浮微粒,對敏感族群不健康,1.8,1,0.37,0.3,33,16,63,53,36,30.5,19,26.4,6.4,1.6,333.0,"2025-11-24 10:00",120.305689,22.757506,48,
美濃,高雄市,75,細懸浮微粒,普通,1.3,1,0.29,0.3,44,17,35,35,19,21.4,4,5.4,0.9,1.2,260.0,"2025-11-24 10:00",120.530542,22.883583,47,
臺南,臺南市,81,細懸浮微粒,普通,2.1,1,0.43,0.3,37,22,61,54,30,23.6,14,19.7,4.8,1.3,20.0,"2025-11-24 10:00",120.21947897,22.98928311,46,
安南,臺南市,95,細懸浮微粒,普通,1.5,0,0.35,0.4,27,12,65,56,33,28.7,13,18.3,4.5,2.2,348.0,"2025-11-24 10:00",120.2175,23.048197,45,
善化,臺南市,84,細懸浮微粒,普通,2,1,0.31,0.3,28,6,75,47,41,24.5,6,10,3.2,2.1,11.0,"2025-11-24 10:00",120.29740529,23.11337642,44,
新營,臺南市,96,細懸浮微粒,普通,2,1,0.33,0.3,31,11,64,53,37,28.9,,,,1.8,25.0,"2025-11-24 10:00",120.31725,23.305633,43,
嘉義,嘉義市,96,細懸浮微粒,普通,1.9,1,0.32,0.3,33,21,44,53,19,29,10,13.8,3,1.1,358.0,"2025-11-24 10:00",120.44125148,23.46477865,42,
臺西,雲林縣,101,細懸浮微粒,對敏感族群不健康,1.2,0,0.22,0.3,37,14,50,65,26,30.7,5,8.4,2.7,4.1,30.0,"2025-11-24 10:00",120.19933333,23.702175,41,
朴子,嘉義縣,98,細懸浮微粒,普通,0.8,0,0.28,0.3,35,16,67,61,36,29.7,6,7.8,1.5,1.5,1.0,"2025-11-24 10:00",120.2478,23.46538,40,
新港,嘉義縣,103,細懸浮微粒,對敏感族群不健康,2.4,2,0.3,0.3,28,16,47,57,28,31.2,7,10,2.4,2.1,340.0,"2025-11-24 10:00",120.345531,23.554839,39,
崙背,雲林縣,110,細懸浮微粒,對敏感族群不健康,1.8,1,0.29,0.3,30,9,64,72,31,34.1,6,9.8,2.9,1.5,24.0,"2025-11-24 10:00",120.348742,23.757547,38,
斗六,雲林縣,82,細懸浮微粒,普通,1.2,1,0.2,0.2,35,22,33,45,12,24,7,9.8,2.6,1.4,348.0,"2025-11-24 10:00",120.544994,23.711853,37,
南投,南投縣,61,細懸浮微粒,普通,0.5,,0.27,0.2,31,12,31,25,16,16,6,7.7,1.4,1.0,27.0,"2025-11-24 10:00",120.685306,23.913,36,
二林,彰化縣,104,細懸浮微粒,對敏感族群不健康,2.4,1,0.5,0.3,32,12,72,64,42,31.6,8,11.3,2.6,2.6,6.0,"2025-11-24 10:00",120.409653,23.925175,35,
線西,彰化縣,88,細懸浮微粒,普通,3.5,1,0.4,0.3,22,10,61,47,36,25.9,16,24.3,7.3,3.4,305.0,"2025-11-24 10:00",120.469061,24.131672,34,
彰化,彰化縣,95,細懸浮微粒,普通,0.8,0,0.48,0.3,26,18,51,44,35,28.7,15,19.5,4.5,1.8,15.0,"2025-11-24 10:00",120.541519,24.066,33,
西屯,臺中市,98,細懸浮微粒,普通,1.4,1,0.52,0.4,20,6,63,50,39,29.7,26,38.4,11.7,1.4,75.0,"2025-11-24 10:00",120.616917,24.162197,32,
忠明,臺中市,88,細懸浮微粒,普通,1.5,1,0.66,0.4,21,13,55,41,30,25.9,25,35.5,10.4,1.2,310.0,"2025-11-24 10:00",120.641092,24.151958,31,
大里,臺中市,79,細懸浮微粒,普通,1.2,0,0.53,0.4,32,12,82,53,24,22.8,12,16.3,3.8,0.7,295.0,"2025-11-24 10:00",120.67844444,24.09961111,30,
沙鹿,臺中市,105,細懸浮微粒,對敏感族群不健康,1.9,1,0.29,0.4,30,15,44,49,21,32.1,10,14.2,3.4,2.6,330.0,"2025-11-24 10:00",120.568794,24.225628,29,
豐原,臺中市,56,細懸浮微粒,普通,1.2,1,0.36,0.3,31,11,34,25,20,14.2,15,21.2,5.8,1.1,332.0,"2025-11-24 10:00",120.74252414,24.25699731,28,
三義,苗栗縣,51,細懸浮微粒,普通,1.4,1,0.22,0.2,47,23,21,20,17,12.5,4,6,1.1,1.4,288.0,"2025-11-24 10:00",120.75956754,24.38248443,27,
苗栗,苗栗縣,70,細懸浮微粒,普通,3.8,2,0.31,0.2,24,10,23,23,16,19.6,11,16.8,5.8,1.7,354.0,"2025-11-24 10:00",120.82011468,24.56499183,26,
頭份,苗栗縣,56,細懸浮微粒,普通,1.4,1,0.35,0.2,22,10,34,25,21,14.2,14,23.3,8.5,1.6,283.0,"2025-11-24 10:00",120.89869286,24.69690679,25,
新竹,新竹市,52,二氧化氮,普通,1.6,1,0.57,0.3,16,5,36,21,15,11.2,23,39.9,16.2,1.1,96.0,"2025-11-24 10:00",120.97236752,24.8056356,24,
竹東,新竹縣,17,,良好,2.1,1,0.19,0.1,24,15,12,10,3,4,6,9.8,3,0.9,350.0,"2025-11-24 10:00",121.08895493,24.74091408,23,
湖口,新竹縣,72,細懸浮微粒,普通,1.6,1,0.27,0.2,31,14,35,33,26,20,9,12.5,2.9,0.9,57.0,"2025-11-24 10:00",121.03886894,24.90009696,22,
龍潭,桃園市,45,,良好,1.1,1,0.2,0.2,28,18,21,19,9,11.2,6,10.6,3.8,1.4,80.0,"2025-11-24 10:00",121.21645772,24.86400048,21,
平鎮,桃園市,58,細懸浮微粒,普通,1.1,0,0.41,0.3,27,14,29,30,14,15.2,15,21.7,5.9,1.0,56.0,"2025-11-24 10:00",121.203986,24.952786,20,
觀音,桃園市,74,細懸浮微粒,普通,2.6,1,0.27,0.2,26,13,41,35,20,20.9,13,18.9,5.5,1.5,351.0,"2025-11-24 10:00",121.08283092,25.03556747,19,
大園,桃園市,58,細懸浮微粒,普通,1,1,0.32,0.2,22,11,34,31,15,15.2,16,24.2,7.7,1.2,306.0,"2025-11-24 10:00",121.20251473,25.06100357,18,
桃園,桃園市,53,細懸浮微粒,普通,2.8,1,0.5,0.3,20,14,27,26,13,13.2,21,33.8,12.3,1.4,19.0,"2025-11-24 10:00",121.30500531,24.9947107,17,
大同,臺北市,60,二氧化氮,普通,2.2,1,1.48,0.9,6,11,27,21,16,13.7,37,88.5,50.7,-,-,"2025-11-24 10:00",121.51342074,25.06331455,16,
松山,臺北市,60,細懸浮微粒,普通,2.1,1,0.41,0.3,14,12,40,27,19,15.7,27,47.5,19.8,1.4,49.0,"2025-11-24 10:00",121.578611,25.05,15,
古亭,臺北市,43,,良好,1.4,1,0.43,0.2,17,18,27,18,11,9.5,18,27.8,9.5,0.8,60.0,"2025-11-24 10:00",121.529556,25.020608,14,
萬華,臺北市,52,二氧化氮,普通,1.2,1,0.67,0.3,16,17,23,18,11,10.8,24,37.1,12.9,1.5,261.0,"2025-11-24 10:00",121.507972,25.046503,13,
中山,臺北市,55,二氧化氮,普通,1,0,0.55,0.3,12,19,26,20,15,13.1,28,48.7,20.7,1.4,357.0,"2025-11-24 10:00",121.526528,25.062361,12,
士林,臺北市,54,二氧化氮,普通,1.4,1,0.54,0.2,13,19,34,26,13,12.2,27,45.8,18.6,1.2,304.0,"2025-11-24 10:00",121.51666356,25.10334003,11,
淡水,新北市,53,懸浮微粒,普通,1.6,1,0.41,0.2,19,20,66,33,15,11.2,23,39.7,16,0.5,290.0,"2025-11-24 10:00",121.449239,25.1645,10,
林口,新北市,56,細懸浮微粒,普通,1.5,1,0.31,0.2,24,22,31,28,16,14.5,19,33.8,14.6,1.9,55.0,"2025-11-24 10:00",121.36548982,25.07798949,9,
菜寮,新北市,55,二氧化氮,普通,0.6,0,0.7,0.4,15,15,32,22,14,10.1,28,46.2,17.7,0.9,3.0,"2025-11-24 10:00",121.481028,25.06895,8,
新莊,新北市,52,二氧化氮,普通,0.7,0,0.52,0.3,24,14,29,30,16,12.6,23,33.6,10.3,1.2,282.0,"2025-11-24 10:00",121.4325,25.037972,7,
板橋,新北市,55,二氧化氮,普通,1.6,1,0.64,0.4,17,13,25,20,12,13,28,41.8,13.6,1.3,164.0,"2025-11-24 10:00",121.458667,25.012972,6,
土城,新北市,55,二氧化氮,普通,0.9,0,0.66,0.3,10,10,41,26,18,13.2,29,57.4,27.6,1.1,339.0,"2025-11-24 10:00",121.451861,24.982528,5,
新店,新北市,42,,良好,0.8,0,0.32,0.2,20,17,26,19,13,10.3,14,22.1,7.6,1.2,299.0,"2025-11-24 10:00",121.537778,24.977222,4,
汐止,新北市,58,細懸浮微粒,普通,1.8,1,0.35,0.3,15,6,32,24,17,15,22,39.2,17.1,1.5,29.0,"2025-11-24 10:00",121.64081,25.06624,2,
基隆,基隆市,45,,良好,1.2,1,0.26,0.4,28,7,25,20,11,11.2,8,13.2,4.6,2.3,82.0,"2025-11-24 10:00",121.760056,25.129167,1,
屏東(枋山),屏東縣,68,細懸浮微粒,普通,0.6,1,0.24,0.2,48,41,48,32,21,18.8,3,4.4,0.7,1.8,321.0,"2025-11-24 09:00",120.651472,22.260899,313,
臺南（南化）,臺南市,61,細懸浮微粒,普通,0.3,0,0.24,0.1,14,5,25,19,16,16.3,4,7.5,3.5,0.1,16.0,"2025-11-24 09:00",120.44583156,23.04562013,312,
新北(樹林),新北市,45,,良好,0.8,0,0.46,0.2,9,13,13,11,11,9.5,19,39,19.5,0.0,249.0,"2025-11-24 09:00",121.38352778,24.94902778,311,
台中市（和平區）,臺中市,29,,良好,0.3,0,0.29,0.1,13,16,26,9,0,1.7,12,24.7,12.2,0.0,112.0,"2025-11-24 09:00",120.883858,24.174592,310,
屏東（琉球）,屏東縣,96,細懸浮微粒,普通,2,2,0.34,0.4,31,19,50,57,32,29,14,17.9,3.5,1.9,344.0,"2025-11-24 09:00",120.37722,22.35222,204,
南投（鹿谷）,南投縣,44,,良好,1.5,1,0.14,0.1,38,47,12,17,5,10.2,2,3.6,1,0.7,23.0,"2025-11-24 09:00",120.7944772,23.71867609,203,
高雄（湖內）,高雄市,93,細懸浮微粒,普通,1.7,1,0.28,0.3,21,11,55,56,31,27.8,12,17.6,5.5,0.5,333.0,"2025-11-24 09:00",120.24535,22.87985556,202,
宜蘭（三星）,宜蘭縣,21,,良好,1,1,0.08,0,16,14,6,8,5,5.2,,,,2.8,260.0,"2025-11-24 09:00",121.6565272,24.6757916,201,
員林,彰化縣,99,細懸浮微粒,普通,1.4,1,0.33,0.3,29,17,41,42,28,29.9,7,10.7,2.8,1.6,312.0,"2025-11-24 09:00",120.5631893,23.9615945,139,
大城,彰化縣,127,細懸浮微粒,對敏感族群不健康,1.9,1,0.29,0.2,24,10,72,79,46,41.2,7,11.6,4.1,1.7,316.0,"2025-11-24 09:00",120.26964167,23.85493056,85,
富貴角,新北市,54,懸浮微粒,普通,1.5,0,0.11,0,33,36,35,34,12,10.9,3,4,1,4.2,90.0,"2025-11-24 09:00",121.53656894,25.29681695,84,
麥寮,雲林縣,108,細懸浮微粒,對敏感族群不健康,1.6,1,0.32,0.3,23,9,73,69,41,33.5,8,12,3.8,1.5,358.0,"2025-11-24 09:00",120.251825,23.753506,83,
關山,臺東縣,38,,良好,0.6,0,0.15,0.1,13,12,23,19,10,9.4,4,10,5.1,1.4,56.0,"2025-11-24 09:00",121.161933,23.045083,80,
馬公,澎湖縣,67,細懸浮微粒,普通,0.2,0,0.18,0.1,47,47,42,39,23,18.3,3,4.3,0.8,3.1,10.0,"2025-11-24 09:00",119.566158,23.569031,78,
金門,金門縣,112,細懸浮微粒,對敏感族群不健康,1.9,1,0.42,0.3,14,16,69,55,46,34.8,31,45.3,14.2,2.0,327.0,"2025-11-24 09:00",118.312256,24.432133,77,
馬祖,連江縣,69,細懸浮微粒,普通,1.7,1,0.38,0.3,37,44,37,36,18,19.2,8,10.1,1.6,3.5,335.0,"2025-11-24 09:00",119.952724,26.153736,75,
埔里,南投縣,56,細懸浮微粒,普通,1.2,1,0.3,0.2,17,9,15,17,12,14.5,5,12.1,6.2,0.8,293.0,"2025-11-24 09:00",120.967903,23.968842,72,
復興,高雄市,102,細懸浮微粒,對敏感族群不健康,1.4,2,0.62,0.4,32,20,68,61,33,31,19,22.2,3,0.7,234.0,"2025-11-24 09:00",120.312017,22.608711,71,
永和,新北市,52,二氧化氮,普通,0.8,0,1.33,0.6,6,14,23,20,13,11.1,23,58.7,35.5,0.6,87.0,"2025-11-24 09:00",121.516306,25.017,70,
竹山,南投縣,81,細懸浮微粒,普通,1.5,1,0.3,0.2,17,15,26,32,22,23.3,8,12.2,3.8,1.1,116.0,"2025-11-24 09:00",120.677306,23.756389,69,
中壢,桃園市,65,細懸浮微粒,普通,1.5,1,1.56,0.8,4,10,37,34,14,17.5,28,93.7,64.8,0.4,246.0,"2025-11-24 09:00",121.221667,24.953278,68,
三重,新北市,56,細懸浮微粒,普通,0.7,0,1.07,0.6,6,6,23,23,16,14.5,30,89.8,59.7,-,-,"2025-11-24 09:00",121.493806,25.072611,67,
冬山,宜蘭縣,42,,良好,1.2,0,0.31,0.2,13,9,37,25,16,9.8,11,19.4,8.2,0.7,39.0,"2025-11-24 09:00",121.792928,24.632203,66,
宜蘭,宜蘭縣,33,,良好,0.9,1,0.24,0.1,16,17,11,13,7,8.1,3,5.6,2.1,0.5,217.0,"2025-11-24 09:00",121.746394,24.747917,65,
陽明,臺北市,34,,良好,2.5,1,0.13,0.1,33,37,16,17,6,7.1,0,1.7,1,2.1,190.0,"2025-11-24 09:00",121.529583,25.182722,64,
花蓮,花蓮縣,28,,良好,0.7,0,0.19,0.1,16,15,15,17,9,6.2,3,5.4,1.6,2.2,217.0,"2025-11-24 09:00",121.599769,23.971306,63,
臺東,臺東縣,31,,良好,1.2,1,0.22,0.1,17,25,21,18,8,7.8,4,7.4,2.9,1.3,323.0,"2025-11-24 09:00",121.15045,22.755358,62,
恆春,屏東縣,37,,良好,0.5,0,0.12,0.1,35,37,18,16,12,9.2,0,2.2,1.5,5.0,339.0,"2025-11-24 09:00",120.788928,21.958069,61,
潮州,屏東縣,111,細懸浮微粒,對敏感族群不健康,1.5,2,0.45,0.4,23,12,55,50,40,34.6,8,12.3,3.8,0.9,254.0,"2025-11-24 09:00",120.561175,22.523108,60,
屏東,屏東縣,85,細懸浮微粒,普通,1.1,1,0.4,0.3,21,19,51,46,24,25.1,11,15.4,3.6,1.2,300.0,"2025-11-24 09:00",120.488033,22.673081,59,
小港,高雄市,111,細懸浮微粒,對敏感族群不健康,2,2,0.72,0.4,13,10,77,69,39,34.7,37,59.5,22.2,0.8,333.0,"2025-11-24 09:00",120.337736,22.565833,58,
前鎮,高雄市,99,細懸浮微粒,普通,1.9,2,0.58,0.4,31,19,69,66,31,30.1,18,23.1,4.7,0.9,351.0,"2025-11-24 09:00",120.30833356,22.6044507,57,
前金,高雄市,86,懸浮微粒,普通,1.4,1,0.35,0.3,36,21,58,62,,,12,13.9,1.7,1.6,353.0,"2025-11-24 09:00",120.28676111,22.63390278,56,
左營,高雄市,95,細懸浮微粒,普通,1.8,1,0.62,0.3,30,17,58,54,29,28.5,14,17.6,3.4,1.5,305.0,"2025-11-24 09:00",120.292917,22.674861,54,
楠梓,高雄市,93,細懸浮微粒,普通,1.7,1,0.35,0.3,24,14,64,56,31,27.8,16,22.4,5.5,1.1,25.0,"2025-11-24 09:00",120.328289,22.733667,53,
林園,高雄市,105,細懸浮微粒,對敏感族群不健康,1.8,2,0.32,0.3,29,18,53,63,27,32.1,7,8,0.5,1.1,77.0,"2025-11-24 09:00",120.41175,22.4795,52,
大寮,高雄市,105,細懸浮微粒,對敏感族群不健康,1.7,3,0.41,0.3,21,12,51,53,32,32.1,16,23.8,7.2,1.2,335.0,"2025-11-24 09:00",120.425311,22.56413611,51,
鳳山,高雄市,104,細懸浮微粒,對敏感族群不健康,2.1,2,0.58,0.4,28,17,54,54,36,31.8,17,21.8,4.3,0.7,117.0,"2025-11-24 09:00",120.357422,22.628126,50,
仁武,高雄市,93,細懸浮微粒,普通,1.6,1,0.45,0.3,22,12,63,57,30,27.8,25,34.2,8.7,0.8,321.0,"2025-11-24 09:00",120.332631,22.689056,49,
橋頭,高雄市,96,細懸浮微粒,普通,1.6,1,0.48,0.3,20,14,67,50,39,29,19,27.3,7.7,1.0,348.0,"2025-11-24 09:00",120.305689,22.757506,48,
美濃,高雄市,77,細懸浮微粒,普通,1,1,0.33,0.3,27,14,38,35,26,21.9,7,9.1,2,1.8,216.0,"2025-11-24 09:00",120.530542,22.883583,47,
臺南,臺南市,79,細懸浮微粒,普通,2.1,1,0.42,0.3,28,22,56,53,28,22.7,14,18.5,4.4,1.0,1.0,"2025-11-24 09:00",120.21947897,22.98928311,46,
安南,臺南市,101,細懸浮微粒,對敏感族群不健康,1.4,0,0.48,0.4,19,12,64,57,32,30.7,17,25.5,7.6,1.5,316.0,"2025-11-24 09:00",120.2175,23.048197,45,
善化,臺南市,74,細懸浮微粒,普通,1.5,1,0.34,0.3,14,3,53,41,19,21,10,19.6,8.7,2.0,18.0,"2025-11-24 09:00",120.29740529,23.11337642,44,
新營,臺南市,90,細懸浮微粒,普通,1.9,1,0.4,0.3,10,8,65,49,36,26.7,14,19.9,5.3,1.7,24.0,"2025-11-24 09:00",120.31725,23.305633,43,
嘉義,嘉義市,100,細懸浮微粒,普通,2.1,1,0.42,0.3,20,19,60,53,37,30.4,12,16.3,3.7,1.2,23.0,"2025-11-24 09:00",120.44125148,23.46477865,42,
臺西,雲林縣,100,細懸浮微粒,普通,0.9,1,0.34,0.3,23,12,84,67,44,30.3,9,13.4,4.1,2.4,33.0,"2025-11-24 09:00",120.19933333,23.702175,41,
朴子,嘉義縣,95,細懸浮微粒,普通,0.7,0,0.31,0.3,29,13,59,60,35,28.7,7,9.7,2.1,0.9,23.0,"2025-11-24 09:00",120.2478,23.46538,40,
新港,嘉義縣,105,細懸浮微粒,對敏感族群不健康,1.9,2,0.31,0.3,20,14,56,60,36,32,8,10.8,2.6,1.3,16.0,"2025-11-24 09:00",120.345531,23.554839,39,
崙背,雲林縣,110,細懸浮微粒,對敏感族群不健康,1.1,1,0.38,0.3,17,7,79,73,42,34.2,9,15.2,5.2,1.4,62.0,"2025-11-24 09:00",120.348742,23.757547,38,
斗六,雲林縣,91,細懸浮微粒,普通,1.3,1,0.21,0.2,22,20,43,47,21,27,9,12.8,3.6,1.3,50.0,"2025-11-24 09:00",120.544994,23.711853,37,
南投,南投縣,59,細懸浮微粒,普通,0.6,,0.26,0.2,16,9,28,24,19,15.5,7,11,3.9,1.0,173.0,"2025-11-24 09:00",120.685306,23.913,36,
二林,彰化縣,94,細懸浮微粒,普通,1.5,1,0.36,0.3,21,9,77,61,40,28.2,10,14.8,4.3,1.6,357.0,"2025-11-24 09:00",120.409653,23.925175,35,
線西,彰化縣,82,細懸浮微粒,普通,1.3,1,0.38,0.3,18,8,51,45,32,23.7,13,18.8,5.5,1.3,26.0,"2025-11-24 09:00",120.469061,24.131672,34,
彰化,彰化縣,89,細懸浮微粒,普通,0.3,0,0.4,0.3,23,15,42,42,31,26.5,8,11.5,2.7,2.0,24.0,"2025-11-24 09:00",120.541519,24.066,33,
西屯,臺中市,91,細懸浮微粒,普通,1.3,1,0.54,0.4,8,4,53,47,34,27.1,22,37.3,14.8,0.8,340.0,"2025-11-24 09:00",120.616917,24.162197,32,
忠明,臺中市,85,細懸浮微粒,普通,1.3,1,0.63,0.4,15,12,41,37,30,24.8,16,25.1,8.5,1.0,68.0,"2025-11-24 09:00",120.641092,24.151958,31,
大里,臺中市,80,細懸浮微粒,普通,1,0,0.48,0.3,21,8,63,45,25,23,10,15.1,4.6,0.6,295.0,"2025-11-24 09:00",120.67844444,24.09961111,30,
沙鹿,臺中市,108,細懸浮微粒,對敏感族群不健康,1.4,1,0.4,0.4,22,12,52,51,42,33.4,15,19.7,4.4,0.9,330.0,"2025-11-24 09:00",120.568794,24.225628,29,
豐原,臺中市,52,細懸浮微粒,普通,1,1,0.44,0.2,15,9,28,22,14,13,13,23.3,9.5,0.1,21.0,"2025-11-24 09:00",120.74252414,24.25699731,28,
三義,苗栗縣,48,,良好,1.1,1,0.19,0.2,29,19,17,20,9,11.9,4,6.7,1.8,0.9,33.0,"2025-11-24 09:00",120.75956754,24.38248443,27,
苗栗,苗栗縣,71,細懸浮微粒,普通,1.5,1,0.41,0.2,13,9,24,22,27,19.7,11,18,6.9,1.0,30.0,"2025-11-24 09:00",120.82011468,24.56499183,26,
頭份,苗栗縣,50,,良好,1,1,0.37,0.2,13,8,29,23,19,12.3,12,21,8.9,0.7,271.0,"2025-11-24 09:00",120.89869286,24.69690679,25,
新竹,新竹市,53,二氧化氮,普通,1.7,1,0.7,0.2,4,5,28,18,15,9.7,25,56,30.7,0.5,104.0,"2025-11-24 09:00",120.97236752,24.8056356,24,
竹東,新竹縣,18,,良好,2.5,1,0.19,0.1,17,14,17,9,0,4.5,7,11.5,3.7,1.3,173.0,"2025-11-24 09:00",121.08895493,24.74091408,23,
湖口,新竹縣,66,細懸浮微粒,普通,1.5,1,0.28,0.2,22,12,42,31,27,17.8,13,18,4.5,0.4,280.0,"2025-11-24 09:00",121.03886894,24.90009696,22,
龍潭,桃園市,52,細懸浮微粒,普通,1.1,1,0.2,0.2,16,17,12,20,13,12.8,9,14.7,5.6,0.9,115.0,"2025-11-24 09:00",121.21645772,24.86400048,21,
平鎮,桃園市,58,細懸浮微粒,普通,0.7,0,0.43,0.3,11,13,27,31,9,15,19,33.6,14.6,1.2,103.0,"2025-11-24 09:00",121.203986,24.952786,20,
觀音,桃園市,71,細懸浮微粒,普通,2.4,1,0.31,0.2,18,12,41,32,27,19.8,14,22.1,7.7,0.5,77.0,"2025-11-24 09:00",121.08283092,25.03556747,19,
大園,桃園市,59,細懸浮微粒,普通,1,1,0.39,0.2,13,11,50,29,22,15.3,20,35.2,14.5,2.1,217.0,"2025-11-24 09:00",121.20251473,25.06100357,18,
桃園,桃園市,55,細懸浮微粒,普通,2.9,1,0.61,0.3,9,15,38,26,15,13.9,28,47.6,19.4,0.8,186.0,"2025-11-24 09:00",121.30500531,24.9947107,17,
大同,臺北市,57,二氧化氮,普通,2.5,1,2.23,0.8,2,13,26,19,17,12.9,31,126.3,94.5,-,-,"2025-11-24 09:00",121.51342074,25.06331455,16,
松山,臺北市,57,細懸浮微粒,普通,1.7,1,0.55,0.2,5,12,38,24,17,14.7,27,55.9,28.1,0.7,59.0,"2025-11-24 09:00",121.578611,25.05,15,
古亭,臺北市,38,,良好,1.4,1,0.39,0.2,13,19,16,15,12,9.3,13,22.4,8.6,0.5,185.0,"2025-11-24 09:00",121.529556,25.020608,14,
萬華,臺北市,50,,良好,1,1,0.55,0.2,11,18,20,17,13,10.2,21,33.4,12,0.6,206.0,"2025-11-24 09:00",121.507972,25.046503,13,
中山,臺北市,51,細懸浮微粒,普通,0.8,0,0.59,0.2,10,20,20,20,14,12.6,22,40.4,18.4,1.2,150.0,"2025-11-24 09:00",121.526528,25.062361,12,
士林,臺北市,52,二氧化氮,普通,1.3,1,0.54,0.2,9,22,48,23,17,12.2,24,40.8,16.4,1.2,207.0,"2025-11-24 09:00",121.51666356,25.10334003,11,
淡水,新北市,50,,良好,1.3,1,0.46,0.2,13,23,57,26,11,11.2,21,36.6,15.3,2.1,160.0,"2025-11-24 09:00",121.449239,25.1645,10,
林口,新北市,54,細懸浮微粒,普通,1.5,1,0.35,0.2,19,24,28,25,16,13.5,20,42.2,21.5,1.4,100.0,"2025-11-24 09:00",121.36548982,25.07798949,9,
菜寮,新北市,50,,良好,0.5,0,0.65,0.3,12,16,21,20,11,9.2,21,35.4,14.2,1.2,172.0,"2025-11-24 09:00",121.481028,25.06895,8,
新莊,新北市,52,二氧化氮,普通,0.9,0,0.69,0.3,12,14,31,29,17,11.7,24,41.5,17.1,1.1,231.0,"2025-11-24 09:00",121.4325,25.037972,7,
板橋,新北市,54,二氧化氮,普通,1.7,1,0.81,0.3,6,14,22,18,16,13,26,55.9,29.2,0.8,113.0,"2025-11-24 09:00",121.458667,25.012972,6,
土城,新北市,52,二氧化氮,普通,0.9,0,0.59,0.2,5,12,38,23,19,12,23,59,35.1,0.9,309.0,"2025-11-24 09:00",121.451861,24.982528,5,
新店,新北市,38,,良好,0.7,0,0.41,0.2,14,17,15,17,9,9.5,14,23.8,9.7,0.9,133.0,"2025-11-24 09:00",121.537778,24.977222,4,
汐止,新北市,56,細懸浮微粒,普通,1.8,1,0.52,0.2,8,5,27,23,18,14.4,24,46.6,22.4,1.4,72.0,"2025-11-24 09:00",121.64081,25.06624,2,
基隆,基隆市,52,二氧化氮,普通,1.3,1,0.9,0.4,4,4,24,20,16,11.1,23,56.7,33.5,0.4,11.0,"2025-11-24 09:00",121.760056,25.129167,1,
屏東(枋山),屏東縣,68,細懸浮微粒,普通,0,1,0.21,0.2,29,42,27,29,16,18.6,6,7.7,1.5,1.1,98.0,"2025-11-24 08:00",120.651472,22.260899,313,
臺南（南化）,臺南市,62,細懸浮微粒,普通,0.3,0,0.21,0.1,5,4,12,19,11,16.7,1,4.2,2.5,0.0,137.0,"2025-11-24 08:00",120.44583156,23.04562013,312,
新北(樹林),新北市,40,,良好,0.7,0,0.38,0.2,7,14,10,10,10,9.2,17,36.1,18.8,0.0,173.0,"2025-11-24 08:00",121.38352778,24.94902778,311,
台中市（和平區）,臺中市,21,,良好,0.2,0,0.28,0.1,13,17,6,6,2,2.9,9,17.3,8.1,0.0,281.0,"2025-11-24 08:00",120.883858,24.174592,310,
屏東（琉球）,屏東縣,95,細懸浮微粒,普通,2.5,2,0.51,0.4,26,19,54,61,30,28.6,14,16.6,1.7,1.5,335.0,"2025-11-24 08:00",120.37722,22.35222,204,
南投（鹿谷）,南投縣,47,,良好,1.5,1,0.13,0.1,42,48,12,18,7,11.7,2,3.2,1,0.6,335.0,"2025-11-24 08:00",120.7944772,23.71867609,203,
高雄（湖內）,高雄市,90,細懸浮微粒,普通,1.3,1,0.48,0.3,4,10,51,58,30,26.8,21,35.1,13.6,0.5,59.0,"2025-11-24 08:00",120.24535,22.87985556,202,
宜蘭（三星）,宜蘭縣,24,,良好,1,1,0.08,0,15,14,6,8,5,5.9,0,0.6,0,3.5,264.0,"2025-11-24 08:00",121.6565272,24.6757916,201,
員林,彰化縣,99,細懸浮微粒,普通,1,1,0.43,0.3,22,15,41,43,30,30.2,8,11.1,2.3,1.1,69.0,"2025-11-24 08:00",120.5631893,23.9615945,139,
大城,彰化縣,122,細懸浮微粒,對敏感族群不健康,1.7,1,0.34,0.3,10,10,97,79,50,39.2,8,12.4,3.6,0.6,2.0,"2025-11-24 08:00",120.26964167,23.85493056,85,
富貴角,新北市,52,懸浮微粒,普通,2,0,0.11,0,28,37,42,32,9,10.7,3,4.3,0.8,0.9,117.0,"2025-11-24 08:00",121.53656894,25.29681695,84,
麥寮,雲林縣,103,細懸浮微粒,對敏感族群不健康,1.3,1,0.41,0.3,6,9,86,67,38,31.5,10,18.1,7.6,0.8,39.0,"2025-11-24 08:00",120.251825,23.753506,83,
關山,臺東縣,40,,良好,0.4,0,0.16,0.1,8,14,30,19,11,10,4,7.7,3.3,0.4,353.0,"2025-11-24 08:00",121.161933,23.045083,80,
馬公,澎湖縣,65,細懸浮微粒,普通,0.1,0,0.18,0.1,48,48,35,39,18,17.7,2,3.2,0.6,3.1,12.0,"2025-11-24 08:00",119.566158,23.569031,78,
金門,金門縣,105,細懸浮微粒,對敏感族群不健康,1.3,1,0.4,0.3,9,19,64,52,41,32.2,28,35,7,1.9,328.0,"2025-11-24 08:00",118.312256,24.432133,77,
馬祖,連江縣,70,細懸浮微粒,普通,2,1,0.41,0.3,37,46,39,36,22,19.3,8,9.8,1.1,2.0,349.0,"2025-11-24 08:00",119.952724,26.153736,75,
埔里,南投縣,57,細懸浮微粒,普通,1.2,0,0.39,0.2,5,9,22,17,12,14.7,7,14.1,6.7,1.2,144.0,"2025-11-24 08:00",120.967903,23.968842,72,
復興,高雄市,103,細懸浮微粒,對敏感族群不健康,1.4,2,0.72,0.4,18,18,62,61,26,31.5,22,27.3,4.8,0.8,251.0,"2025-11-24 08:00",120.312017,22.608711,71,
永和,新北市,52,二氧化氮,普通,0.9,0,1.6,0.4,1,17,27,21,13,11.3,23,76.8,53,1.0,89.0,"2025-11-24 08:00",121.516306,25.017,70,
竹山,南投縣,80,細懸浮微粒,普通,1.2,1,0.32,0.2,8,14,24,33,27,23.1,8,12.5,3.8,0.8,145.0,"2025-11-24 08:00",120.677306,23.756389,69,
中壢,桃園市,64,細懸浮微粒,普通,1.3,1,1.75,0.6,3,12,35,31,17,17.2,25,78.4,52.4,0.4,213.0,"2025-11-24 08:00",121.221667,24.953278,68,
三重,新北市,55,細懸浮微粒,普通,0.9,0,1.33,0.6,2,7,25,23,13,14,28,114.5,85.8,-,-,"2025-11-24 08:00",121.493806,25.072611,67,
冬山,宜蘭縣,38,,良好,1.2,0,0.46,0.2,5,9,40,23,11,8.5,12,31.2,18.5,0.6,209.0,"2025-11-24 08:00",121.792928,24.632203,66,
宜蘭,宜蘭縣,33,,良好,0.8,1,0.23,0.1,16,18,14,14,7,8.3,2,4.2,1.4,0.6,205.0,"2025-11-24 08:00",121.746394,24.747917,65,
陽明,臺北市,35,,良好,1.4,1,0.14,0.1,34,38,13,17,7,7.5,0,1.6,0.9,1.5,180.0,"2025-11-24 08:00",121.529583,25.182722,64,
花蓮,花蓮縣,30,,良好,0.9,0,0.2,0.1,14,15,16,18,4,6,4,5.2,0.9,2.0,233.0,"2025-11-24 08:00",121.599769,23.971306,63,
臺東,臺東縣,33,,良好,1.2,1,0.18,0.1,18,26,16,18,6,8.1,2,4.4,1.6,1.5,328.0,"2025-11-24 08:00",121.15045,22.755358,62,
恆春,屏東縣,36,,良好,0.5,0,0.11,0.1,35,38,15,15,8,8.9,0,1.9,1.1,4.4,340.0,"2025-11-24 08:00",120.788928,21.958069,61,
潮州,屏東縣,111,細懸浮微粒,對敏感族群不健康,1,2,0.43,0.4,13,13,51,50,28,34.4,6,8.6,2.4,0.3,55.0,"2025-11-24 08:00",120.561175,22.523108,60,
屏東,屏東縣,86,細懸浮微粒,普通,0.8,1,0.42,0.2,14,19,42,45,24,25.2,12,14.1,2.1,1.2,335.0,"2025-11-24 08:00",120.488033,22.673081,59,
小港,高雄市,107,細懸浮微粒,對敏感族群不健康,1.7,2,0.7,0.4,5,9,66,68,40,33.1,36,65.1,28.8,1.0,20.0,"2025-11-24 08:00",120.337736,22.565833,58,
前鎮,高雄市,98,細懸浮微粒,普通,1.8,2,0.64,0.4,17,17,68,66,32,29.7,20,26.3,6,0.8,340.0,"2025-11-24 08:00",120.30833356,22.6044507,57,
前金,高雄市,87,懸浮微粒,普通,1.3,1,0.42,0.3,24,19,56,63,,,15,16.7,1.3,1.2,348.0,"2025-11-24 08:00",120.28676111,22.63390278,56,
左營,高雄市,95,細懸浮微粒,普通,1.5,1,0.46,0.3,14,15,52,54,34,28.6,16,19.3,3.2,0.3,329.0,"2025-11-24 08:00",120.292917,22.674861,54,
楠梓,高雄市,92,細懸浮微粒,普通,1.2,1,0.48,0.3,9,13,48,55,26,27.4,18,24.2,6,0.5,61.0,"2025-11-24 08:00",120.328289,22.733667,53,
林園,高雄市,107,細懸浮微粒,對敏感族群不健康,1.1,2,0.35,0.3,17,17,52,65,33,33.1,8,9,0.4,1.1,30.0,"2025-11-24 08:00",120.41175,22.4795,52,
大寮,高雄市,102,細懸浮微粒,對敏感族群不健康,1.3,3,0.46,0.3,5,11,55,54,34,31.1,21,34.2,12.6,0.3,4.0,"2025-11-24 08:00",120.425311,22.56413611,51,
鳳山,高雄市,101,細懸浮微粒,對敏感族群不健康,1.5,2,0.7,0.3,13,15,52,54,32,30.5,20,24.1,3.9,0.7,98.0,"2025-11-24 08:00",120.357422,22.628126,50,
仁武,高雄市,91,細懸浮微粒,普通,1.9,1,0.59,0.3,2,11,68,55,35,27.2,34,61.4,27.4,0.8,330.0,"2025-11-24 08:00",120.332631,22.689056,49,
橋頭,高雄市,91,細懸浮微粒,普通,1.2,1,0.5,0.3,8,14,47,47,31,27.2,17,24.5,7,0.4,305.0,"2025-11-24 08:00",120.305689,22.757506,48,
美濃,高雄市,75,細懸浮微粒,普通,1.1,1,0.39,0.3,14,13,41,34,21,21.1,8,11.1,2.2,0.6,264.0,"2025-11-24 08:00",120.530542,22.883583,47,
臺南,臺南市,78,細懸浮微粒,普通,1.6,1,0.47,0.2,15,22,55,53,22,22.5,16,20.6,4.3,1.1,27.0,"2025-11-24 08:00",120.21947897,22.98928311,46,
安南,臺南市,99,細懸浮微粒,普通,0.9,0,0.7,0.3,6,13,59,54,34,30.1,25,43.6,18.4,0.5,5.0,"2025-11-24 08:00",120.2175,23.048197,45,
善化,臺南市,75,細懸浮微粒,普通,1.2,2,0.36,0.3,2,3,35,39,20,21.1,9,17.9,8.5,0.4,130.0,"2025-11-24 08:00",120.29740529,23.11337642,44,
新營,臺南市,84,細懸浮微粒,普通,1.2,1,0.43,0.3,2,9,52,46,31,24.5,12,18.1,5.5,1.1,50.0,"2025-11-24 08:00",120.31725,23.305633,43,
嘉義,嘉義市,95,細懸浮微粒,普通,1.2,1,0.41,0.3,16,18,60,51,35,28.7,11,13.2,1.9,2.5,8.0,"2025-11-24 08:00",120.44125148,23.46477865,42,
臺西,雲林縣,91,細懸浮微粒,普通,0.6,1,0.41,0.3,8,13,77,62,35,27.2,12,19.6,7.6,0.4,54.0,"2025-11-24 08:00",120.19933333,23.702175,41,
朴子,嘉義縣,92,細懸浮微粒,普通,0.5,0,0.39,0.2,7,11,93,60,38,27.4,9,12.2,2.4,1.0,43.0,"2025-11-24 08:00",120.2478,23.46538,40,
新港,嘉義縣,102,細懸浮微粒,對敏感族群不健康,1.8,2,0.31,0.3,22,13,65,60,38,30.8,6,7.1,0.8,2.0,11.0,"2025-11-24 08:00",120.345531,23.554839,39,
崙背,雲林縣,107,細懸浮微粒,對敏感族群不健康,0.7,1,0.45,0.3,6,7,94,71,39,32.8,13,20.1,7.1,1.2,58.0,"2025-11-24 08:00",120.348742,23.757547,38,
斗六,雲林縣,95,細懸浮微粒,普通,0.9,1,0.25,0.2,13,20,30,49,16,28.6,11,14.7,3.2,1.7,19.0,"2025-11-24 08:00",120.544994,23.711853,37,
南投,南投縣,57,細懸浮微粒,普通,0.5,,0.29,0.2,4,7,21,24,11,14.7,7,14.1,6.5,1.2,189.0,"2025-11-24 08:00",120.685306,23.913,36,
二林,彰化縣,86,細懸浮微粒,普通,1,1,0.4,0.3,6,8,73,58,34,25.3,10,15.2,4.5,1.1,63.0,"2025-11-24 08:00",120.409653,23.925175,35,
線西,彰化縣,78,細懸浮微粒,普通,0.8,1,0.41,0.3,6,8,48,45,23,22.3,11,17.2,5.3,1.1,94.0,"2025-11-24 08:00",120.469061,24.131672,34,
彰化,彰化縣,86,細懸浮微粒,普通,0.2,0,0.44,0.3,19,13,48,41,30,25.4,8,10.8,2.1,0.6,153.0,"2025-11-24 08:00",120.541519,24.066,33,
西屯,臺中市,89,細懸浮微粒,普通,1.2,1,0.47,0.3,1,3,54,47,29,26.3,19,38.5,18.8,0.7,180.0,"2025-11-24 08:00",120.616917,24.162197,32,
忠明,臺中市,84,細懸浮微粒,普通,1.1,1,0.49,0.4,9,11,40,37,26,24.4,12,17.4,4.7,0.8,205.0,"2025-11-24 08:00",120.641092,24.151958,31,
大里,臺中市,77,細懸浮微粒,普通,1,0,0.52,0.3,10,6,45,40,22,22.1,14,19.5,4.9,1.4,125.0,"2025-11-24 08:00",120.67844444,24.09961111,30,
沙鹿,臺中市,105,細懸浮微粒,對敏感族群不健康,1,1,0.65,0.4,5,10,64,50,39,32.2,26,42.7,16.5,0.2,30.0,"2025-11-24 08:00",120.568794,24.225628,29,
豐原,臺中市,53,細懸浮微粒,普通,0.7,1,0.42,0.2,6,8,21,22,15,13.4,15,26.2,10.5,0.4,44.0,"2025-11-24 08:00",120.74252414,24.25699731,28,
三義,苗栗縣,51,細懸浮微粒,普通,0.9,1,0.21,0.2,17,17,17,21,10,12.5,4,5.7,1.1,0.2,330.0,"2025-11-24 08:00",120.75956754,24.38248443,27,
苗栗,苗栗縣,64,細懸浮微粒,普通,1.2,1,0.38,0.2,7,9,26,22,21,17.4,10,16,5.2,1.1,189.0,"2025-11-24 08:00",120.82011468,24.56499183,26,
頭份,苗栗縣,44,,良好,1.1,1,0.34,0.2,7,7,29,21,14,10.8,12,21.4,8.5,1.6,123.0,"2025-11-24 08:00",120.89869286,24.69690679,25,
新竹,新竹市,40,,良好,1.7,1,0.43,0.2,2,5,14,16,7,8.7,17,33.8,15.8,0.8,84.0,"2025-11-24 08:00",120.97236752,24.8056356,24,
竹東,新竹縣,22,,良好,2.2,1,0.22,0.1,13,13,9,8,4,5.5,8,11.3,2.9,1.6,149.0,"2025-11-24 08:00",121.08895493,24.74091408,23,
湖口,新竹縣,59,細懸浮微粒,普通,1.4,1,0.42,0.2,10,11,52,28,24,15.4,18,24.7,6.5,1.3,159.0,"2025-11-24 08:00",121.03886894,24.90009696,22,
龍潭,桃園市,53,細懸浮微粒,普通,0.9,1,0.33,0.2,8,18,15,23,7,13.2,15,23.9,8.3,1.5,138.0,"2025-11-24 08:00",121.21645772,24.86400048,21,
平鎮,桃園市,58,細懸浮微粒,普通,0.4,0,0.57,0.2,9,15,40,30,20,15.2,25,34.4,9,0.5,204.0,"2025-11-24 08:00",121.203986,24.952786,20,
觀音,桃園市,65,細懸浮微粒,普通,1.6,1,0.43,0.2,8,14,52,28,27,17.5,18,25.5,7.3,0.2,93.0,"2025-11-24 08:00",121.08283092,25.03556747,19,
大園,桃園市,56,細懸浮微粒,普通,0.7,1,0.38,0.2,4,12,31,26,17,14.2,22,41.5,19.1,1.2,130.0,"2025-11-24 08:00",121.20251473,25.06100357,18,
桃園,桃園市,54,二氧化氮,普通,1.6,0,0.69,0.2,1,18,21,21,14,12.7,26,50.2,23.9,0.5,194.0,"2025-11-24 08:00",121.30500531,24.9947107,17,
大同,臺北市,54,二氧化氮,普通,2.1,1,1.97,0.5,0,16,22,18,12,12,26,110.4,83.5,-,-,"2025-11-24 08:00",121.51342074,25.06331455,16,
松山,臺北市,57,細懸浮微粒,普通,1.3,1,0.54,0.2,1,13,20,22,15,14.7,26,62.5,36,0.5,98.0,"2025-11-24 08:00",121.578611,25.05,15,
古亭,臺北市,37,,良好,1.2,1,0.35,0.1,9,20,17,16,8,9.1,14,20.1,5.3,0.7,226.0,"2025-11-24 08:00",121.529556,25.020608,14,
萬華,臺北市,40,,良好,0.9,1,0.38,0.2,8,20,11,17,10,9.8,17,23.7,6.5,0.8,146.0,"2025-11-24 08:00",121.507972,25.046503,13,
中山,臺北市,50,,良好,0.7,0,0.32,0.2,12,22,14,20,14,12.3,13,17.9,4.5,0.8,147.0,"2025-11-24 08:00",121.526528,25.062361,12,
士林,臺北市,51,二氧化氮,普通,1.3,1,0.36,0.1,7,26,25,18,12,11.2,22,37.3,15.3,0.8,208.0,"2025-11-24 08:00",121.51666356,25.10334003,11,
淡水,新北市,45,,良好,1.2,1,0.45,0.2,6,26,27,19,9,11.1,19,29.2,9.6,1.1,140.0,"2025-11-24 08:00",121.449239,25.1645,10,
林口,新北市,55,二氧化氮,普通,1.4,1,0.65,0.2,7,26,47,23,20,12.7,28,75.5,47.5,0.8,135.0,"2025-11-24 08:00",121.36548982,25.07798949,9,
菜寮,新北市,52,二氧化氮,普通,0.4,0,0.67,0.3,5,18,20,20,9,9.2,23,39.6,15.7,1.6,191.0,"2025-11-24 08:00",121.481028,25.06895,8,
新莊,新北市,47,,良好,0.5,0,0.57,0.2,5,16,47,28,11,11,18,30.1,11.7,0.6,210.0,"2025-11-24 08:00",121.4325,25.037972,7,
板橋,新北市,52,二氧化氮,普通,1.3,1,0.72,0.3,1,16,20,17,13,12.5,23,59.1,35.6,0.9,137.0,"2025-11-24 08:00",121.458667,25.012972,6,
土城,新北市,45,,良好,0.6,0,0.59,0.2,1,15,24,19,11,10.5,19,55.8,36.2,0.9,231.0,"2025-11-24 08:00",121.451861,24.982528,5,
新店,新北市,40,,良好,0.8,0,0.44,0.2,9,19,22,17,10,9.8,17,30.1,12.8,1.6,191.0,"2025-11-24 08:00",121.537778,24.977222,4,
汐止,新北市,56,細懸浮微粒,普通,1.8,1,0.45,0.2,1,5,24,22,15,14.5,24,66.8,42.5,0.5,63.0,"2025-11-24 08:00",121.64081,25.06624,2,
基隆,基隆市,42,,良好,1.1,1,0.9,0.3,1,4,21,19,11,10.3,17,58.9,41.1,0.4,281.0,"2025-11-24 08:00",121.760056,25.129167,1,
屏東(枋山),屏東縣,70,細懸浮微粒,普通,0.2,1,0.22,0.2,31,44,29,31,18,19.4,6,6.7,0.6,2.0,75.0,"2025-11-24 07:00",120.651472,22.260899,313,
臺南（南化）,臺南市,66,細懸浮微粒,普通,0.2,0,0.19,0.1,4,4,15,21,20,17.8,1,3.3,1.6,,256.0,"2025-11-24 07:00",120.44583156,23.04562013,312,
新北(樹林),新北市,38,,良好,0.7,0,0.32,0.1,5,16,11,11,10,9.2,16,34,17.6,0.0,22.0,"2025-11-24 07:00",121.38352778,24.94902778,311,
台中市（和平區）,臺中市,24,,良好,0.3,0,0.23,0.1,13,18,8,7,3,3.7,10,26.1,15.7,0.0,281.0,"2025-11-24 07:00",120.883858,24.174592,310,
屏東（琉球）,屏東縣,93,細懸浮微粒,普通,3.2,2,0.4,0.4,21,21,51,64,31,28,15,16.1,0.8,1.2,341.0,"2025-11-24 07:00",120.37722,22.35222,204,
南投（鹿谷）,南投縣,51,細懸浮微粒,普通,1.4,1,0.14,0.1,44,49,16,19,11,12.6,2,3.2,0.9,0.3,192.0,"2025-11-24 07:00",120.7944772,23.71867609,203,
高雄（湖內）,高雄市,89,細懸浮微粒,普通,1,1,0.37,0.3,5,11,55,59,27,26.4,17,22.7,5.6,0.6,75.0,"2025-11-24 07:00",120.24535,22.87985556,202,
宜蘭（三星）,宜蘭縣,24,,良好,1.1,1,0.08,0,15,14,10,9,2,6,0,0.4,0,3.0,265.0,"2025-11-24 07:00",121.6565272,24.6757916,201,
員林,彰化縣,99,細懸浮微粒,普通,1.1,1,0.3,0.3,19,14,34,44,28,30.1,5,7.2,1.3,1.0,59.0,"2025-11-24 07:00",120.5631893,23.9615945,139,
大城,彰化縣,116,細懸浮微粒,對敏感族群不健康,1.5,1,0.32,0.2,5,12,102,74,51,36.4,9,11.6,2,1.1,344.0,"2025-11-24 07:00",120.26964167,23.85493056,85,
富貴角,新北市,52,懸浮微粒,普通,2.5,0,0.09,0,33,38,41,32,12,11.6,2,2.9,0,0.1,94.0,"2025-11-24 07:00",121.53656894,25.29681695,84,
麥寮,雲林縣,98,細懸浮微粒,普通,1.2,1,0.38,0.3,4,13,75,62,40,29.7,9,12.5,2.6,0.5,37.0,"2025-11-24 07:00",120.251825,23.753506,83,
關山,臺東縣,39,,良好,0.4,0,0.13,0.1,7,17,11,17,5,9.6,2,4.2,1.2,0.7,297.0,"2025-11-24 07:00",121.161933,23.045083,80,
馬公,澎湖縣,64,細懸浮微粒,普通,0,0,0.16,0.1,49,48,36,39,17,17.4,2,2.5,0.4,3.0,358.0,"2025-11-24 07:00",119.566158,23.569031,78,
金門,金門縣,99,細懸浮微粒,普通,1.1,1,0.35,0.3,9,23,56,53,37,30.2,24,26.6,1.8,1.1,330.0,"2025-11-24 07:00",118.312256,24.432133,77,
馬祖,連江縣,69,細懸浮微粒,普通,2.2,0,0.42,0.3,37,49,39,36,18,19.1,7,8.7,0.9,2.4,336.0,"2025-11-24 07:00",119.952724,26.153736,75,
埔里,南投縣,60,細懸浮微粒,普通,1.3,0,0.31,0.2,3,10,15,17,13,15.8,6,8.4,2.3,0.4,239.0,"2025-11-24 07:00",120.967903,23.968842,72,
復興,高雄市,108,細懸浮微粒,對敏感族群不健康,1.2,2,0.48,0.3,16,17,49,63,26,33.3,19,23,3.1,0.4,133.0,"2025-11-24 07:00",120.312017,22.608711,71,
永和,新北市,46,,良好,0.6,0,0.64,0.3,7,19,12,21,7,11.4,15,30.8,15.6,0.7,100.0,"2025-11-24 07:00",121.516306,25.017,70,
竹山,南投縣,81,細懸浮微粒,普通,1.1,1,0.23,0.2,8,15,37,36,24,23.4,6,7.5,0.7,1.0,116.0,"2025-11-24 07:00",120.677306,23.756389,69,
中壢,桃園市,61,細懸浮微粒,普通,0.9,1,1.05,0.4,8,14,54,29,27,16.3,24,66.6,41.7,0.4,185.0,"2025-11-24 07:00",121.221667,24.953278,68,
三重,新北市,56,細懸浮微粒,普通,0.7,0,1.11,0.5,1,7,21,23,11,14.2,28,116.7,87.7,-,-,"2025-11-24 07:00",121.493806,25.072611,67,
冬山,宜蘭縣,35,,良好,1,0,0.23,0.1,6,10,14,21,7,8.5,7,9.9,2.6,0.3,319.0,"2025-11-24 07:00",121.792928,24.632203,66,
宜蘭,宜蘭縣,37,,良好,1,1,0.17,0.1,17,19,14,14,7,9.2,1,2.1,0.6,0.7,276.0,"2025-11-24 07:00",121.746394,24.747917,65,
陽明,臺北市,35,,良好,1.5,1,0.15,0.1,35,38,19,18,6,7.6,0,1.8,1.1,2.0,190.0,"2025-11-24 07:00",121.529583,25.182722,64,
花蓮,花蓮縣,30,,良好,0.7,0,0.22,0.1,11,15,17,18,5,7.3,6,7,0.4,1.2,211.0,"2025-11-24 07:00",121.599769,23.971306,63,
臺東,臺東縣,34,,良好,1.2,1,0.13,0.1,21,28,15,20,6,8.5,1,2.8,1,1.6,318.0,"2025-11-24 07:00",121.15045,22.755358,62,
恆春,屏東縣,37,,良好,0.6,0,0.11,0.1,36,38,15,15,7,9.2,0,1.8,1,3.7,331.0,"2025-11-24 07:00",120.788928,21.958069,61,
潮州,屏東縣,114,細懸浮微粒,對敏感族群不健康,0.8,2,0.41,0.4,9,15,39,51,35,35.9,7,8.6,1.6,0.8,44.0,"2025-11-24 07:00",120.561175,22.523108,60,
屏東,屏東縣,85,細懸浮微粒,普通,0.5,1,0.29,0.2,16,21,42,46,26,25.1,9,9.3,0,1.1,359.0,"2025-11-24 07:00",120.488033,22.673081,59,
小港,高雄市,104,細懸浮微粒,對敏感族群不健康,1.9,2,0.43,0.4,4,11,58,68,32,31.7,29,35,5.5,0.7,26.0,"2025-11-24 07:00",120.337736,22.565833,58,
前鎮,高雄市,99,細懸浮微粒,普通,1.4,2,0.58,0.4,12,16,58,68,26,29.9,21,24.8,3.6,0.3,255.0,"2025-11-24 07:00",120.30833356,22.6044507,57,
前金,高雄市,89,懸浮微粒,普通,0.9,1,0.31,0.3,19,18,59,65,25,,13,14.5,0.6,0.5,195.0,"2025-11-24 07:00",120.28676111,22.63390278,56,
左營,高雄市,94,細懸浮微粒,普通,1.4,1,0.34,0.3,14,16,45,57,26,28.2,18,19.9,1.1,0.3,332.0,"2025-11-24 07:00",120.292917,22.674861,54,
楠梓,高雄市,92,細懸浮微粒,普通,1.1,1,0.46,0.3,2,14,59,57,31,27.3,22,29.5,6.5,0.7,292.0,"2025-11-24 07:00",120.328289,22.733667,53,
林園,高雄市,108,細懸浮微粒,對敏感族群不健康,1.2,2,0.32,0.3,11,18,65,68,31,33.2,11,11.1,0,1.0,40.0,"2025-11-24 07:00",120.41175,22.4795,52,
大寮,高雄市,101,細懸浮微粒,對敏感族群不健康,0.8,3,0.37,0.3,5,12,49,55,35,30.5,15,19.4,3.8,0.2,191.0,"2025-11-24 07:00",120.425311,22.56413611,51,
鳳山,高雄市,101,細懸浮微粒,對敏感族群不健康,1.6,2,0.41,0.3,19,16,51,56,28,30.7,10,10.9,0.6,0.4,97.0,"2025-11-24 07:00",120.357422,22.628126,50,
仁武,高雄市,87,細懸浮微粒,普通,1,1,0.37,0.3,6,13,51,53,22,25.5,19,27.8,8.3,0.3,178.0,"2025-11-24 07:00",120.332631,22.689056,49,
橋頭,高雄市,89,細懸浮微粒,普通,1.1,1,0.31,0.2,7,16,39,47,25,26.5,13,15.4,1.7,0.7,352.0,"2025-11-24 07:00",120.305689,22.757506,48,
美濃,高雄市,74,細懸浮微粒,普通,0.9,1,0.31,0.2,9,14,31,33,21,21,7,8.7,0.8,0.5,71.0,"2025-11-24 07:00",120.530542,22.883583,47,
臺南,臺南市,76,懸浮微粒,普通,1.6,1,0.38,0.2,13,24,47,53,25,21.4,14,16,2,0.3,71.0,"2025-11-24 07:00",120.21947897,22.98928311,46,
安南,臺南市,97,細懸浮微粒,普通,0.5,0,0.52,0.3,0,16,57,53,28,29.2,22,32.7,9.9,0.7,140.0,"2025-11-24 07:00",120.2175,23.048197,45,
善化,臺南市,77,細懸浮微粒,普通,1.2,2,0.29,0.3,0,5,35,40,22,22.1,9,13.8,4.7,0.2,147.0,"2025-11-24 07:00",120.29740529,23.11337642,44,
新營,臺南市,81,細懸浮微粒,普通,0.8,1,0.38,0.3,3,13,49,44,25,23.5,11,12.9,1.7,0.7,112.0,"2025-11-24 07:00",120.31725,23.305633,43,
嘉義,嘉義市,93,細懸浮微粒,普通,0.9,1,0.35,0.3,16,18,44,52,30,28,7,8.5,0.8,1.4,13.0,"2025-11-24 07:00",120.44125148,23.46477865,42,
臺西,雲林縣,85,細懸浮微粒,普通,0.7,1,0.41,0.3,2,17,76,58,36,25.1,13,17.6,4.1,0.4,46.0,"2025-11-24 07:00",120.19933333,23.702175,41,
朴子,嘉義縣,84,細懸浮微粒,普通,0.5,0,0.43,0.2,6,14,60,51,30,24.5,10,12.1,1.7,0.8,350.0,"2025-11-24 07:00",120.2478,23.46538,40,
新港,嘉義縣,97,細懸浮微粒,普通,2,2,0.3,0.2,19,13,65,59,34,29.2,7,8.1,0.5,1.2,348.0,"2025-11-24 07:00",120.345531,23.554839,39,
崙背,雲林縣,102,細懸浮微粒,對敏感族群不健康,0.8,1,0.39,0.3,3,7,78,65,39,31.1,12,15.9,3.7,1.0,60.0,"2025-11-24 07:00",120.348742,23.757547,38,
斗六,雲林縣,104,細懸浮微粒,對敏感族群不健康,0.8,1,0.26,0.2,10,20,42,55,30,31.6,10,12.1,1.5,1.1,33.0,"2025-11-24 07:00",120.544994,23.711853,37,
南投,南投縣,62,細懸浮微粒,普通,0.5,,0.24,0.2,5,8,18,25,14,16.5,7,10.4,2.9,1.1,162.0,"2025-11-24 07:00",120.685306,23.913,36,
二林,彰化縣,82,細懸浮微粒,普通,0.7,1,0.34,0.3,9,9,60,56,28,24,7,8.7,1,1.0,42.0,"2025-11-24 07:00",120.409653,23.925175,35,
線西,彰化縣,76,細懸浮微粒,普通,0.8,1,0.31,0.3,6,10,38,43,22,21.7,11,12.3,0.9,0.3,92.0,"2025-11-24 07:00",120.469061,24.131672,34,
彰化,彰化縣,84,細懸浮微粒,普通,0.3,0,0.34,0.3,21,12,45,40,29,24.7,6,7.1,0.8,0.3,16.0,"2025-11-24 07:00",120.541519,24.066,33,
西屯,臺中市,87,細懸浮微粒,普通,0.9,1,0.35,0.3,8,4,48,46,29,25.7,15,17.8,2.2,1.2,175.0,"2025-11-24 07:00",120.616917,24.162197,32,
忠明,臺中市,82,細懸浮微粒,普通,1.1,1,0.37,0.4,11,10,34,37,24,23.9,10,12,1.6,1.0,193.0,"2025-11-24 07:00",120.641092,24.151958,31,
大里,臺中市,76,細懸浮微粒,普通,0.9,0,0.39,0.3,11,6,45,39,23,21.5,8,9.6,1.3,1.0,110.0,"2025-11-24 07:00",120.67844444,24.09961111,30,
沙鹿,臺中市,101,細懸浮微粒,對敏感族群不健康,0.7,1,0.43,0.3,7,11,51,47,35,30.5,23,26.9,3.8,0.3,325.0,"2025-11-24 07:00",120.568794,24.225628,29,
豐原,臺中市,52,細懸浮微粒,普通,0.4,1,0.26,0.2,11,9,26,21,10,12.9,10,10.9,0.9,0.6,56.0,"2025-11-24 07:00",120.74252414,24.25699731,28,
三義,苗栗縣,56,細懸浮微粒,普通,1,1,0.25,0.2,13,17,21,24,12,14.2,5,5.8,0.8,0.2,121.0,"2025-11-24 07:00",120.75956754,24.38248443,27,
苗栗,苗栗縣,61,細懸浮微粒,普通,1.1,1,0.25,0.2,5,9,24,21,25,16.2,9,12,2.2,1.0,159.0,"2025-11-24 07:00",120.82011468,24.56499183,26,
頭份,苗栗縣,42,,良好,1.1,1,0.22,0.1,6,8,19,20,6,10.5,10,13.1,3,1.0,115.0,"2025-11-24 07:00",120.89869286,24.69690679,25,
新竹,新竹市,39,,良好,1,1,0.26,0.2,0,6,13,17,9,9.6,15,20.5,5.1,0.5,87.0,"2025-11-24 07:00",120.97236752,24.8056356,24,
竹東,新竹縣,24,,良好,2.5,1,0.19,0.1,11,14,7,9,8,5.9,8,9.7,1.6,2.0,146.0,"2025-11-24 07:00",121.08895493,24.74091408,23,
湖口,新竹縣,52,細懸浮微粒,普通,1.3,1,0.29,0.2,8,12,28,22,15,13,15,17.6,2.5,0.5,175.0,"2025-11-24 07:00",121.03886894,24.90009696,22,
龍潭,桃園市,53,細懸浮微粒,普通,0.8,1,0.24,0.1,12,20,30,23,15,13.2,14,17.4,2.4,1.4,160.0,"2025-11-24 07:00",121.21645772,24.86400048,21,
平鎮,桃園市,55,細懸浮微粒,普通,0.2,0,0.34,0.2,15,17,43,26,26,14,15,16.8,1.5,0.5,200.0,"2025-11-24 07:00",121.203986,24.952786,20,
觀音,桃園市,59,細懸浮微粒,普通,0.9,1,0.34,0.2,4,16,24,22,20,15.4,14,17.2,2.3,0.2,205.0,"2025-11-24 07:00",121.08283092,25.03556747,19,
大園,桃園市,54,細懸浮微粒,普通,0.8,1,0.32,0.2,0,13,26,25,10,13.5,26,46.5,19.7,0.2,294.0,"2025-11-24 07:00",121.20251473,25.06100357,18,
桃園,桃園市,52,二氧化氮,普通,1.3,0,0.42,0.2,3,21,33,21,16,12,24,32.5,7.6,0.4,145.0,"2025-11-24 07:00",121.30500531,24.9947107,17,
大同,臺北市,52,二氧化氮,普通,1.7,1,0.65,0.3,1,17,14,17,12,12,24,47.2,23,-,-,"2025-11-24 07:00",121.51342074,25.06331455,16,
松山,臺北市,58,細懸浮微粒,普通,0.8,1,0.38,0.2,5,13,21,22,13,14.9,24,40.5,16.4,0.8,89.0,"2025-11-24 07:00",121.578611,25.05,15,
古亭,臺北市,38,,良好,1.3,1,0.2,0.1,12,22,16,16,7,9.5,10,11.4,1.3,0.6,115.0,"2025-11-24 07:00",121.529556,25.020608,14,
萬華,臺北市,42,,良好,0.8,1,0.27,0.2,9,21,16,19,9,10.3,13,16.6,2.7,0.7,140.0,"2025-11-24 07:00",121.507972,25.046503,13,
中山,臺北市,50,,良好,0.6,1,0.24,0.2,15,23,15,22,10,12.3,10,10.8,0.8,1.1,144.0,"2025-11-24 07:00",121.526528,25.062361,12,
士林,臺北市,44,,良好,1.2,1,0.25,0.1,15,29,20,16,10,10.8,14,16.2,1.4,0.6,68.0,"2025-11-24 07:00",121.51666356,25.10334003,11,
淡水,新北市,45,,良好,1.1,1,0.28,0.1,9,30,21,17,13,11.1,14,15.5,1.2,2.9,140.0,"2025-11-24 07:00",121.449239,25.1645,10,
林口,新北市,54,二氧化氮,普通,1.3,1,0.41,0.1,6,29,33,18,13,11.7,27,46.6,18.9,0.2,199.0,"2025-11-24 07:00",121.36548982,25.07798949,9,
菜寮,新北市,48,,良好,0.5,0,0.43,0.2,4,19,17,21,7,9.2,20,28.1,7.3,0.3,213.0,"2025-11-24 07:00",121.481028,25.06895,8,
新莊,新北市,46,,良好,0.3,0,0.31,0.2,2,18,26,24,9,11.3,17,22.4,5.1,0.9,189.0,"2025-11-24 07:00",121.4325,25.037972,7,
板橋,新北市,49,,良好,1.2,1,0.4,0.2,2,18,12,18,11,12.2,20,29.8,9,0.4,179.0,"2025-11-24 07:00",121.458667,25.012972,6,
土城,新北市,45,,良好,0.5,0,0.33,0.2,0,17,21,18,10,10.1,19,41.4,21.8,0.2,125.0,"2025-11-24 07:00",121.451861,24.982528,5,
新店,新北市,38,,良好,0.6,0,0.26,0.1,10,21,14,16,10,9.4,13,15.3,2.3,0.4,109.0,"2025-11-24 07:00",121.537778,24.977222,4,
汐止,新北市,56,細懸浮微粒,普通,1.5,1,0.35,0.2,0,5,20,22,10,14.3,22,51.9,29.3,0.5,74.0,"2025-11-24 07:00",121.64081,25.06624,2,
基隆,基隆市,44,,良好,0.9,1,0.49,0.3,0,4,18,18,9,10.9,15,39.8,24.2,0.2,318.0,"2025-11-24 07:00",121.760056,25.129167,1,
屏東(枋山),屏東縣,71,細懸浮微粒,普通,0.3,1,0.21,0.2,32,47,26,32,18,19.9,5,5.6,0.4,1.3,88.0,"2025-11-24 06:00",120.651472,22.260899,313,
臺南（南化）,臺南市,65,細懸浮微粒,普通,0.1,0,0.17,0.1,4,4,15,23,16,17.6,1,2.2,0.5,0.1,159.0,"2025-11-24 06:00",120.44583156,23.04562013,312,
新北(樹林),新北市,37,,良好,0.6,0,0.2,0.1,9,19,8,10,5,9.2,11,23.1,11.1,0.0,325.0,"2025-11-24 06:00",121.38352778,24.94902778,311,
台中市（和平區）,臺中市,18,,良好,0.1,0,0.16,0.1,18,19,4,7,0,3.8,2,4.6,1.7,0.0,246.0,"2025-11-24 06:00",120.883858,24.174592,310,
屏東（琉球）,屏東縣,91,細懸浮微粒,普通,4.3,2,0.66,0.4,3,24,78,64,30,27.1,29,30.9,1.2,1.3,317.0,"2025-11-24 06:00",120.37722,22.35222,204,
南投（鹿谷）,南投縣,54,細懸浮微粒,普通,1.6,1,0.16,0.1,49,50,18,21,10,13.7,2,3.4,0.9,0.5,202.0,"2025-11-24 06:00",120.7944772,23.71867609,203,
高雄（湖內）,高雄市,89,細懸浮微粒,普通,1.3,1,0.32,0.3,6,13,60,61,24,26.2,13,15.2,1.7,0.7,75.0,"2025-11-24 06:00",120.24535,22.87985556,202,
宜蘭（三星）,宜蘭縣,25,,良好,1.1,1,0.08,0,14,14,5,9,6,6.3,0,0.3,0,3.1,262.0,"2025-11-24 06:00",121.6565272,24.6757916,201,
員林,彰化縣,100,細懸浮微粒,普通,1.2,1,0.29,0.3,16,14,39,46,33,30.3,6,7.2,1.2,1.6,61.0,"2025-11-24 06:00",120.5631893,23.9615945,139,
大城,彰化縣,106,細懸浮微粒,對敏感族群不健康,1.5,1,0.32,0.2,5,16,90,65,48,32.7,7,9.6,1.6,1.2,74.0,"2025-11-24 06:00",120.26964167,23.85493056,85,
富貴角,新北市,48,,良好,1.5,0,0.09,0,36,39,34,29,11,11.3,1,2,0,2.0,115.0,"2025-11-24 06:00",121.53656894,25.29681695,84,
麥寮,雲林縣,90,細懸浮微粒,普通,1.3,1,0.37,0.2,3,17,75,58,37,26.7,10,11.9,1,0.6,34.0,"2025-11-24 06:00",120.251825,23.753506,83,
關山,臺東縣,43,,良好,0.4,0,0.1,0.1,9,19,13,19,9,10.7,1,2.5,0.7,0.3,66.0,"2025-11-24 06:00",121.161933,23.045083,80,
馬公,澎湖縣,66,細懸浮微粒,普通,0,0,0.16,0.1,49,49,45,39,18,17.8,2,2.5,0.3,2.8,9.0,"2025-11-24 06:00",119.566158,23.569031,78,
金門,金門縣,93,細懸浮微粒,普通,1.2,1,0.32,0.3,11,27,54,51,34,27.9,21,22.4,1.2,1.4,334.0,"2025-11-24 06:00",118.312256,24.432133,77,
馬祖,連江縣,69,細懸浮微粒,普通,2.5,0,0.47,0.2,40,52,40,33,22,19.1,6,7.9,0.9,2.6,340.0,"2025-11-24 06:00",119.952724,26.153736,75,
埔里,南投縣,62,細懸浮微粒,普通,1.2,0,0.21,0.2,8,12,11,18,13,16.5,4,5.7,1.6,0.4,326.0,"2025-11-24 06:00",120.967903,23.968842,72,
復興,高雄市,111,細懸浮微粒,對敏感族群不健康,1.4,2,0.3,0.4,22,17,57,65,32,34.7,14,16.3,1.5,0.6,122.0,"2025-11-24 06:00",120.312017,22.608711,71,
永和,新北市,50,,良好,0.5,0,0.35,0.2,12,21,13,22,8,12.4,9,13,3.1,0.5,77.0,"2025-11-24 06:00",121.516306,25.017,70,
竹山,南投縣,83,細懸浮微粒,普通,1.2,1,0.22,0.2,12,14,31,38,22,24.2,5,5.9,0.5,0.8,276.0,"2025-11-24 06:00",120.677306,23.756389,69,
中壢,桃園市,57,細懸浮微粒,普通,0.8,1,0.48,0.4,7,15,34,24,17,14.8,16,28.4,11.7,0.6,179.0,"2025-11-24 06:00",121.221667,24.953278,68,
三重,新北市,57,細懸浮微粒,普通,0.3,0,0.54,0.5,6,7,21,24,16,14.7,22,51,28.6,-,-,"2025-11-24 06:00",121.493806,25.072611,67,
冬山,宜蘭縣,38,,良好,1.1,0,0.19,0.1,8,12,16,23,7,8.9,6,8.5,2.3,0.6,333.0,"2025-11-24 06:00",121.792928,24.632203,66,
宜蘭,宜蘭縣,41,,良好,1.3,1,0.14,0.1,18,19,14,15,8,10.2,1,1.7,0.7,0.6,198.0,"2025-11-24 06:00",121.746394,24.747917,65,
陽明,臺北市,36,,良好,1.4,1,0.12,0.1,37,39,18,18,7,8,0,1.6,1.1,1.7,180.0,"2025-11-24 06:00",121.529583,25.182722,64,
花蓮,花蓮縣,29,,良好,0.9,0,0.17,0.1,10,15,18,17,3,7.2,3,3.3,0.1,0.4,282.0,"2025-11-24 06:00",121.599769,23.971306,63,
臺東,臺東縣,37,,良好,1.2,1,0.11,0.1,25,30,21,21,10,9.2,1,1.8,0.5,2.0,322.0,"2025-11-24 06:00",121.15045,22.755358,62,
恆春,屏東縣,38,,良好,0.7,0,0.11,0.1,38,39,16,16,9,9.3,0,2.3,1.5,5.3,351.0,"2025-11-24 06:00",120.788928,21.958069,61,
潮州,屏東縣,116,細懸浮微粒,對敏感族群不健康,0.8,2,0.4,0.4,5,18,50,55,34,36.5,7,8.4,1.3,0.3,131.0,"2025-11-24 06:00",120.561175,22.523108,60,
屏東,屏東縣,86,細懸浮微粒,普通,0.4,1,0.25,0.2,22,23,37,46,23,25.2,5,5.4,0,1.2,332.0,"2025-11-24 06:00",120.488033,22.673081,59,
小港,高雄市,104,細懸浮微粒,對敏感族群不健康,0.9,2,0.36,0.4,10,12,65,71,34,31.8,21,22.6,1,0.6,32.0,"2025-11-24 06:00",120.337736,22.565833,58,
前鎮,高雄市,100,細懸浮微粒,普通,1.7,2,0.32,0.4,19,16,60,70,29,30.4,13,13.9,0.7,0.7,333.0,"2025-11-24 06:00",120.30833356,22.6044507,57,
前金,高雄市,91,懸浮微粒,普通,1,1,0.3,0.3,21,19,62,67,,,13,14.2,0.6,1.2,347.0,"2025-11-24 06:00",120.28676111,22.63390278,56,
左營,高雄市,94,細懸浮微粒,普通,1.2,1,0.3,0.3,10,16,50,59,24,28.1,18,19.7,1,0.3,359.0,"2025-11-24 06:00",120.292917,22.674861,54,
楠梓,高雄市,87,細懸浮微粒,普通,0.9,1,0.3,0.2,12,17,52,58,29,25.8,13,14.1,0.6,0.8,48.0,"2025-11-24 06:00",120.328289,22.733667,53,
林園,高雄市,106,細懸浮微粒,對敏感族群不健康,0.9,2,0.32,0.3,20,20,63,68,32,32.5,11,11.6,0,1.0,33.0,"2025-11-24 06:00",120.41175,22.4795,52,
大寮,高雄市,98,細懸浮微粒,普通,1.1,3,0.29,0.3,13,14,48,56,30,29.7,9,10,0.9,0.4,319.0,"2025-11-24 06:00",120.425311,22.56413611,51,
鳳山,高雄市,104,細懸浮微粒,對敏感族群不健康,1.7,2,0.28,0.3,23,17,48,57,30,31.6,9,10.5,0.7,0.5,121.0,"2025-11-24 06:00",120.357422,22.628126,50,
仁武,高雄市,89,細懸浮微粒,普通,1.5,1,0.29,0.3,12,14,48,54,27,26.5,14,16.2,1.4,0.3,71.0,"2025-11-24 06:00",120.332631,22.689056,49,
橋頭,高雄市,89,細懸浮微粒,普通,1.4,1,0.26,0.2,12,17,37,51,28,26.3,9,10.7,1,0.8,11.0,"2025-11-24 06:00",120.305689,22.757506,48,
美濃,高雄市,74,細懸浮微粒,普通,1.1,1,0.29,0.2,11,17,31,34,21,21,6,7.3,0.7,0.2,51.0,"2025-11-24 06:00",120.530542,22.883583,47,
臺南,臺南市,76,懸浮微粒,普通,1.8,1,0.31,0.2,15,27,56,53,26,20,14,16.3,1.9,0.4,103.0,"2025-11-24 06:00",120.21947897,22.98928311,46,
安南,臺南市,93,細懸浮微粒,普通,0.4,0,0.39,0.2,3,20,60,51,36,27.7,16,18.2,1.7,0.5,106.0,"2025-11-24 06:00",120.2175,23.048197,45,
善化,臺南市,77,細懸浮微粒,普通,1.3,2,0.24,0.3,1,7,33,42,19,22,7,9.9,2,0.2,146.0,"2025-11-24 06:00",120.29740529,23.11337642,44,
新營,臺南市,80,細懸浮微粒,普通,0.8,1,0.31,0.2,10,16,41,45,25,23.2,8,8.7,0.4,0.7,162.0,"2025-11-24 06:00",120.31725,23.305633,43,
嘉義,嘉義市,93,細懸浮微粒,普通,1,1,0.26,0.3,18,19,42,56,27,28,4,4.9,0.7,1.0,94.0,"2025-11-24 06:00",120.44125148,23.46477865,42,
臺西,雲林縣,79,細懸浮微粒,普通,0.6,1,0.38,0.2,2,22,67,53,27,22.6,11,13.3,2.1,0.4,45.0,"2025-11-24 06:00",120.19933333,23.702175,41,
朴子,嘉義縣,78,細懸浮微粒,普通,0.4,0,0.4,0.2,10,18,74,47,35,22.3,9,10.6,1,0.5,133.0,"2025-11-24 06:00",120.2478,23.46538,40,
新港,嘉義縣,91,細懸浮微粒,普通,3.9,2,0.3,0.2,13,13,65,58,38,27,8,8.7,0.5,1.2,18.0,"2025-11-24 06:00",120.345531,23.554839,39,
崙背,雲林縣,95,細懸浮微粒,普通,0.8,1,0.37,0.3,4,9,74,61,35,28.6,11,13.4,2.2,0.3,71.0,"2025-11-24 06:00",120.348742,23.757547,38,
斗六,雲林縣,105,細懸浮微粒,對敏感族群不健康,0.9,1,0.24,0.3,17,21,44,58,30,32.3,6,6.9,0.8,1.0,32.0,"2025-11-24 06:00",120.544994,23.711853,37,
南投,南投縣,64,細懸浮微粒,普通,0.5,,0.16,0.2,8,9,21,27,10,17.2,4,5,0.1,1.0,178.0,"2025-11-24 06:00",120.685306,23.913,36,
二林,彰化縣,81,細懸浮微粒,普通,0.8,1,0.32,0.2,10,10,64,56,24,23.5,6,7.6,0.9,0.8,54.0,"2025-11-24 06:00",120.409653,23.925175,35,
線西,彰化縣,75,細懸浮微粒,普通,0.7,2,0.32,0.2,6,12,51,43,26,21.2,11,11.3,0,1.3,81.0,"2025-11-24 06:00",120.469061,24.131672,34,
彰化,彰化縣,85,細懸浮微粒,普通,0.3,0,0.27,0.3,17,11,37,42,22,24.8,5,6.5,0.7,0.4,360.0,"2025-11-24 06:00",120.541519,24.066,33,
西屯,臺中市,85,細懸浮微粒,普通,1,1,0.35,0.3,0,6,47,45,25,24.9,16,19.6,3,0.7,189.0,"2025-11-24 06:00",120.616917,24.162197,32,
忠明,臺中市,83,細懸浮微粒,普通,1.3,1,0.39,0.4,3,11,35,37,25,24.2,13,15.2,2,1.3,190.0,"2025-11-24 06:00",120.641092,24.151958,31,
大里,臺中市,75,細懸浮微粒,普通,0.9,0,0.33,0.3,10,7,39,39,25,21.1,7,8.4,1.3,0.8,109.0,"2025-11-24 06:00",120.67844444,24.09961111,30,
沙鹿,臺中市,97,細懸浮微粒,普通,0.8,1,0.38,0.3,9,12,53,46,32,29.3,18,18.1,0,0.2,109.0,"2025-11-24 06:00",120.568794,24.225628,29,
豐原,臺中市,56,細懸浮微粒,普通,0.5,2,0.22,0.2,8,8,20,21,12,14.2,7,8.2,0.5,0.8,82.0,"2025-11-24 06:00",120.74252414,24.25699731,28,
三義,苗栗縣,57,細懸浮微粒,普通,0.8,1,0.2,0.2,12,17,22,26,13,14.8,4,4.7,0.7,0.2,233.0,"2025-11-24 06:00",120.75956754,24.38248443,27,
苗栗,苗栗縣,56,細懸浮微粒,普通,1,1,0.18,0.2,7,9,18,21,15,14.3,6,7.9,1,0.6,232.0,"2025-11-24 06:00",120.82011468,24.56499183,26,
頭份,苗栗縣,48,,良好,0.9,1,0.17,0.2,8,8,17,21,7,11.9,7,9.6,2,1.2,109.0,"2025-11-24 06:00",120.89869286,24.69690679,25,
新竹,新竹市,40,,良好,1.1,1,0.17,0.2,3,7,14,18,4,9.9,11,12.2,0.6,0.9,102.0,"2025-11-24 06:00",120.97236752,24.8056356,24,
竹東,新竹縣,23,,良好,3.6,1,0.11,0.1,16,15,6,10,7,5.7,3,4.3,0.7,1.3,165.0,"2025-11-24 06:00",121.08895493,24.74091408,23,
湖口,新竹縣,53,細懸浮微粒,普通,1.2,1,0.2,0.2,8,14,21,21,12,13.1,9,10.7,0.9,0.9,117.0,"2025-11-24 06:00",121.03886894,24.90009696,22,
龍潭,桃園市,50,,良好,1,1,0.21,0.1,26,21,29,21,21,12.3,6,7.2,0.5,1.6,184.0,"2025-11-24 06:00",121.21645772,24.86400048,21,
平鎮,桃園市,48,,良好,0.2,0,0.27,0.2,12,18,36,23,13,12,12,14.1,1.1,1.1,197.0,"2025-11-24 06:00",121.203986,24.952786,20,
觀音,桃園市,58,細懸浮微粒,普通,0.7,1,0.29,0.1,5,19,20,24,13,15,12,14.1,1.4,0.4,216.0,"2025-11-24 06:00",121.08283092,25.03556747,19,
大園,桃園市,53,細懸浮微粒,普通,0.8,1,0.27,0.2,5,15,26,23,16,13.4,15,20.5,5.4,1.5,150.0,"2025-11-24 06:00",121.20251473,25.06100357,18,
桃園,桃園市,44,,良好,0.9,0,0.26,0.2,15,23,29,18,16,11,11,12.2,1,0.7,182.0,"2025-11-24 06:00",121.30500531,24.9947107,17,
大同,臺北市,47,,良好,1.6,1,0.49,0.3,10,18,17,18,9,11.7,17,22.7,5.3,-,-,"2025-11-24 06:00",121.51342074,25.06331455,16,
松山,臺北市,58,細懸浮微粒,普通,0.6,1,0.17,0.2,17,14,20,23,13,15,11,18.1,6.9,0.7,189.0,"2025-11-24 06:00",121.578611,25.05,15,
古亭,臺北市,39,,良好,1.2,1,0.15,0.1,19,23,10,16,9,9.7,6,6.7,0.5,0.6,113.0,"2025-11-24 06:00",121.529556,25.020608,14,
萬華,臺北市,46,,良好,1,1,0.23,0.2,17,22,14,20,5,11.4,8,9.1,0.9,0.7,155.0,"2025-11-24 06:00",121.507972,25.046503,13,
中山,臺北市,52,細懸浮微粒,普通,0.7,1,0.18,0.2,22,22,23,23,11,12.9,8,8.5,0.4,1.3,169.0,"2025-11-24 06:00",121.526528,25.062361,12,
士林,臺北市,42,,良好,1.2,1,0.19,0.1,17,31,15,16,13,10.5,13,14.3,0.9,1.0,131.0,"2025-11-24 06:00",121.51666356,25.10334003,11,
淡水,新北市,42,,良好,1,1,0.22,0.1,17,32,16,16,14,10.4,9,10.7,0.7,3.2,150.0,"2025-11-24 06:00",121.449239,25.1645,10,
林口,新北市,44,,良好,0.9,1,0.18,0.1,22,32,13,16,8,11,10,11.8,1.5,0.3,151.0,"2025-11-24 06:00",121.36548982,25.07798949,9,
菜寮,新北市,40,,良好,0.5,0,0.3,0.2,12,20,21,22,7,9.9,12,13.3,0.8,1.3,191.0,"2025-11-24 06:00",121.481028,25.06895,8,
新莊,新北市,46,,良好,0.3,0,0.2,0.2,3,21,24,24,9,11.4,12,14,1.1,0.5,135.0,"2025-11-24 06:00",121.4325,25.037972,7,
板橋,新北市,52,細懸浮微粒,普通,1,1,0.19,0.2,11,19,12,20,10,12.9,9,9.7,0.5,0.4,77.0,"2025-11-24 06:00",121.458667,25.012972,6,
土城,新北市,42,,良好,0.3,0,0.21,0.2,2,20,18,18,9,10.4,15,18.1,2.5,0.4,151.0,"2025-11-24 06:00",121.451861,24.982528,5,
新店,新北市,37,,良好,0.8,0,0.17,0.1,15,22,15,17,6,9.2,6,7.2,0.9,0.8,225.0,"2025-11-24 06:00",121.537778,24.977222,4,
汐止,新北市,58,細懸浮微粒,普通,1.4,1,0.22,0.2,2,5,21,22,12,15,20,25.2,5,0.4,99.0,"2025-11-24 06:00",121.64081,25.06624,2,
基隆,基隆市,46,,良好,0.7,1,0.26,0.3,3,4,18,19,9,11.5,10,15.3,4.8,0.2,43.0,"2025-11-24 06:00",121.760056,25.129167,1,
屏東(枋山),屏東縣,74,細懸浮微粒,普通,0.3,1,0.22,0.2,38,51,27,35,19,20.9,4,5.1,0.2,1.1,80.0,"2025-11-24 05:00",120.651472,22.260899,313,
臺南（南化）,臺南市,66,細懸浮微粒,普通,0.2,0,0.17,0.2,4,5,21,26,16,17.9,1,2,0.3,,246.0,"2025-11-24 05:00",120.44583156,23.04562013,312,
新北(樹林),新北市,41,,良好,0.4,0,0.15,0.1,16,22,7,12,8,10.1,6,8,1.1,0.1,107.0,"2025-11-24 05:00",121.38352778,24.94902778,311,
台中市（和平區）,臺中市,19,,良好,0.1,0,0.13,0.1,18,20,4,8,1,4.2,2,2.4,0.3,,197.0,"2025-11-24 05:00",120.883858,24.174592,310,
屏東（琉球）,屏東縣,90,細懸浮微粒,普通,2.4,2,0.56,0.3,8,29,84,61,34,26.6,24,25.4,0.8,1.3,322.0,"2025-11-24 05:00",120.37722,22.35222,204,
南投（鹿谷）,南投縣,58,細懸浮微粒,普通,1.5,1,0.17,0.1,49,49,19,23,17,15.1,2,3.5,0.9,0.3,191.0,"2025-11-24 05:00",120.7944772,23.71867609,203,
高雄（湖內）,高雄市,90,細懸浮微粒,普通,1.6,1,0.31,0.3,12,15,65,61,27,26.7,13,15,1.2,0.5,302.0,"2025-11-24 05:00",120.24535,22.87985556,202,
宜蘭（三星）,宜蘭縣,25,,良好,1.1,1,0.08,0,13,14,7,11,9,6.2,0,0.2,0,1.4,253.0,"2025-11-24 05:00",121.6565272,24.6757916,201,
員林,彰化縣,97,細懸浮微粒,普通,1.4,1,0.32,0.3,10,14,47,48,33,29.4,7,8.3,1.3,0.5,45.0,"2025-11-24 05:00",120.5631893,23.9615945,139,
大城,彰化縣,97,細懸浮微粒,普通,1.4,1,0.3,0.2,7,21,84,58,39,29.3,8,10,1.9,1.2,50.0,"2025-11-24 05:00",120.26964167,23.85493056,85,
富貴角,新北市,47,,良好,1.3,0,0.09,0,37,39,18,28,10,11.3,2,2.1,0,2.7,92.0,"2025-11-24 05:00",121.53656894,25.29681695,84,
麥寮,雲林縣,84,細懸浮微粒,普通,1.3,1,0.39,0.2,1,22,69,54,34,24.5,13,14.8,0.9,0.8,27.0,"2025-11-24 05:00",120.251825,23.753506,83,
關山,臺東縣,44,,良好,0.6,0,0.11,0.1,10,21,26,21,14,11,3,4.2,0.7,0.8,289.0,"2025-11-24 05:00",121.161933,23.045083,80,
馬公,澎湖縣,65,細懸浮微粒,普通,0.1,0,0.15,0.1,45,50,43,38,20,17.6,2,2.7,0.3,2.8,5.0,"2025-11-24 05:00",119.566158,23.569031,78,
金門,金門縣,89,細懸浮微粒,普通,1.9,1,0.3,0.3,19,31,56,48,34,26.2,19,20.7,0.8,0.2,315.0,"2025-11-24 05:00",118.312256,24.432133,77,
馬祖,連江縣,68,細懸浮微粒,普通,2.2,0,0.48,0.2,45,55,36,32,16,18.7,5,6.6,0.8,2.5,339.0,"2025-11-24 05:00",119.952724,26.153736,75,
埔里,南投縣,64,細懸浮微粒,普通,1.1,0,0.21,0.2,8,13,12,19,7,17.1,3,5.1,1.5,0.4,143.0,"2025-11-24 05:00",120.967903,23.968842,72,
復興,高雄市,111,細懸浮微粒,對敏感族群不健康,1.5,2,0.29,0.4,20,16,69,66,37,34.7,14,15.7,1.1,0.8,122.0,"2025-11-24 05:00",120.312017,22.608711,71,
永和,新北市,53,細懸浮微粒,普通,0.5,0,0.23,0.2,20,22,35,23,14,13.4,7,9.7,1.7,0.7,191.0,"2025-11-24 05:00",121.516306,25.017,70,
竹山,南投縣,84,細懸浮微粒,普通,1.2,1,0.19,0.2,15,15,24,40,17,24.5,5,5.2,0.2,0.5,51.0,"2025-11-24 05:00",120.677306,23.756389,69,
中壢,桃園市,58,細懸浮微粒,普通,0.7,1,0.35,0.4,10,15,18,23,11,14.9,12,17.4,4.8,0.2,193.0,"2025-11-24 05:00",121.221667,24.953278,68,
三重,新北市,56,細懸浮微粒,普通,0.3,0,0.42,0.5,6,7,21,25,12,14.3,24,39.8,15.3,-,-,"2025-11-24 05:00",121.493806,25.072611,67,
冬山,宜蘭縣,40,,良好,1,0,0.16,0.1,10,13,21,24,7,9.3,4,5.9,1.3,0.9,301.0,"2025-11-24 05:00",121.792928,24.632203,66,
宜蘭,宜蘭縣,42,,良好,1.2,1,0.14,0.1,17,19,14,15,7,10.3,1,1.8,0.7,0.7,213.0,"2025-11-24 05:00",121.746394,24.747917,65,
陽明,臺北市,36,,良好,1.7,1,0.12,0.1,38,39,14,19,7,8.1,0,1.3,0.9,1.9,190.0,"2025-11-24 05:00",121.529583,25.182722,64,
花蓮,花蓮縣,30,,良好,0.8,0,0.12,0.1,16,16,22,18,7,7.5,0,1,0.1,0.5,267.0,"2025-11-24 05:00",121.599769,23.971306,63,
臺東,臺東縣,37,,良好,1.2,1,0.11,0.1,26,30,21,21,10,9.2,1,2.1,0.9,1.4,321.0,"2025-11-24 05:00",121.15045,22.755358,62,
恆春,屏東縣,38,,良好,0.7,0,0.12,0.1,38,39,14,17,10,9.4,0,2.1,1.3,4.0,338.0,"2025-11-24 05:00",120.788928,21.958069,61,
潮州,屏東縣,115,細懸浮微粒,對敏感族群不健康,0.9,2,0.42,0.4,9,22,52,55,39,36.3,7,8.7,1.5,1.5,43.0,"2025-11-24 05:00",120.561175,22.523108,60,
屏東,屏東縣,88,細懸浮微粒,普通,0.3,1,0.25,0.2,19,24,38,48,26,26,5,5.4,0,1.6,10.0,"2025-11-24 05:00",120.488033,22.673081,59,
小港,高雄市,102,細懸浮微粒,對敏感族群不健康,0.9,2,0.35,0.4,15,14,76,72,32,31,17,18.1,0.7,0.8,319.0,"2025-11-24 05:00",120.337736,22.565833,58,
前鎮,高雄市,101,細懸浮微粒,對敏感族群不健康,1.6,3,0.29,0.4,22,16,69,72,31,30.5,12,13.5,0.9,0.9,2.0,"2025-11-24 05:00",120.30833356,22.6044507,57,
前金,高雄市,91,懸浮微粒,普通,1,1,0.29,0.3,20,19,64,67,,,15,15.8,0.7,1.4,343.0,"2025-11-24 05:00",120.28676111,22.63390278,56,
左營,高雄市,95,細懸浮微粒,普通,1.6,1,0.32,0.3,17,18,58,60,32,28.6,14,15.4,0.8,0.3,20.0,"2025-11-24 05:00",120.292917,22.674861,54,
楠梓,高雄市,86,細懸浮微粒,普通,0.9,1,0.26,0.2,18,19,55,58,28,25.3,9,9.7,0.5,1.3,51.0,"2025-11-24 05:00",120.328289,22.733667,53,
林園,高雄市,106,細懸浮微粒,對敏感族群不健康,1.2,2,0.38,0.3,17,22,65,70,35,32.4,14,14.3,0,1.4,13.0,"2025-11-24 05:00",120.41175,22.4795,52,
大寮,高雄市,99,細懸浮微粒,普通,1.4,3,0.28,0.3,13,17,56,58,27,30.1,11,12.3,0.8,0.4,13.0,"2025-11-24 05:00",120.425311,22.56413611,51,
鳳山,高雄市,105,細懸浮微粒,對敏感族群不健康,2.4,2,0.32,0.3,15,17,55,59,28,32.2,13,14.7,1,0.4,221.0,"2025-11-24 05:00",120.357422,22.628126,50,
仁武,高雄市,88,細懸浮微粒,普通,1.9,1,0.28,0.3,12,16,52,55,28,26,13,14.7,1.5,0.3,6.0,"2025-11-24 05:00",120.332631,22.689056,49,
橋頭,高雄市,87,細懸浮微粒,普通,1.3,1,0.25,0.2,14,19,42,55,30,25.8,7,8.6,0.9,0.9,72.0,"2025-11-24 05:00",120.305689,22.757506,48,
美濃,高雄市,75,細懸浮微粒,普通,1,1,0.29,0.2,11,19,35,36,20,21.1,6,6.7,0.6,0.2,164.0,"2025-11-24 05:00",120.530542,22.883583,47,
臺南,臺南市,76,懸浮微粒,普通,1.2,2,0.31,0.2,12,29,63,53,29,18,18,19.8,1.7,0.3,81.0,"2025-11-24 05:00",120.21947897,22.98928311,46,
安南,臺南市,84,細懸浮微粒,普通,0.4,0,0.36,0.2,7,24,52,49,30,24.7,17,17.7,0.6,0.7,66.0,"2025-11-24 05:00",120.2175,23.048197,45,
善化,臺南市,79,細懸浮微粒,普通,1.6,2,0.33,0.3,0,10,39,46,20,22.8,11,16.2,4.4,0.2,134.0,"2025-11-24 05:00",120.29740529,23.11337642,44,
新營,臺南市,80,細懸浮微粒,普通,0.7,1,0.3,0.2,12,18,42,47,23,23,8,8.7,0.3,0.3,187.0,"2025-11-24 05:00",120.31725,23.305633,43,
嘉義,嘉義市,93,細懸浮微粒,普通,1.2,1,0.27,0.3,21,20,46,58,27,28,4,4.5,0.4,0.8,99.0,"2025-11-24 05:00",120.44125148,23.46477865,42,
臺西,雲林縣,75,細懸浮微粒,普通,0.7,1,0.35,0.2,7,28,63,49,30,21.2,8,10.2,1.8,0.4,26.0,"2025-11-24 05:00",120.19933333,23.702175,41,
朴子,嘉義縣,70,細懸浮微粒,普通,0.5,0,0.3,0.1,9,21,62,41,31,19.3,9,11.3,1.3,1.2,135.0,"2025-11-24 05:00",120.2478,23.46538,40,
新港,嘉義縣,83,細懸浮微粒,普通,2,2,0.31,0.2,12,14,64,54,31,24.2,8,8.7,0.4,0.6,35.0,"2025-11-24 05:00",120.345531,23.554839,39,
崙背,雲林縣,90,細懸浮微粒,普通,1,1,0.39,0.4,5,12,72,58,37,26.8,11,13.3,1.9,1.2,73.0,"2025-11-24 05:00",120.348742,23.757547,38,
斗六,雲林縣,109,細懸浮微粒,對敏感族群不健康,1,1,0.24,0.3,30,22,52,65,32,33.7,4,5.3,0.8,0.8,13.0,"2025-11-24 05:00",120.544994,23.711853,37,
南投,南投縣,69,細懸浮微粒,普通,0.5,,0.17,0.2,9,9,18,30,12,19,4,4.3,0,0.9,206.0,"2025-11-24 05:00",120.685306,23.913,36,
二林,彰化縣,79,細懸浮微粒,普通,0.8,1,0.32,0.2,7,12,60,53,26,22.9,8,9.3,0.9,1.1,53.0,"2025-11-24 05:00",120.409653,23.925175,35,
線西,彰化縣,71,細懸浮微粒,普通,0.8,2,0.34,0.2,6,16,55,42,26,19.9,13,13.8,0.2,0.4,72.0,"2025-11-24 05:00",120.469061,24.131672,34,
彰化,彰化縣,85,細懸浮微粒,普通,0.3,0,0.29,0.3,12,12,37,42,26,24.8,6,7.3,0.7,0.6,20.0,"2025-11-24 05:00",120.541519,24.066,33,
西屯,臺中市,82,細懸浮微粒,普通,1.1,1,0.36,0.3,4,10,50,44,31,23.8,20,23.7,3.4,1.4,190.0,"2025-11-24 05:00",120.616917,24.162197,32,
忠明,臺中市,81,細懸浮微粒,普通,1.1,1,0.35,0.4,24,13,42,37,31,23.3,8,9.5,1.2,1.0,196.0,"2025-11-24 05:00",120.641092,24.151958,31,
大里,臺中市,74,細懸浮微粒,普通,1,0,0.31,0.3,3,6,29,41,19,21,7,9.4,1.6,1.5,114.0,"2025-11-24 05:00",120.67844444,24.09961111,30,
沙鹿,臺中市,94,細懸浮微粒,普通,0.8,1,0.34,0.3,18,14,48,44,40,28.2,,,,0.2,115.0,"2025-11-24 05:00",120.568794,24.225628,29,
豐原,臺中市,56,細懸浮微粒,普通,0.5,2,0.22,0.2,8,9,21,23,16,14.3,5,6.1,0.3,0.3,354.0,"2025-11-24 05:00",120.74252414,24.25699731,28,
三義,苗栗縣,58,細懸浮微粒,普通,0.7,1,0.22,0.2,18,18,25,27,11,15.1,3,4,0.7,0.2,161.0,"2025-11-24 05:00",120.75956754,24.38248443,27,
苗栗,苗栗縣,56,細懸浮微粒,普通,1.2,1,0.17,0.2,6,10,19,21,12,14.3,7,8.7,1.1,0.5,143.0,"2025-11-24 05:00",120.82011468,24.56499183,26,
頭份,苗栗縣,52,細懸浮微粒,普通,1,1,0.15,0.2,8,9,14,23,9,12.9,5,7.2,1.9,1.7,122.0,"2025-11-24 05:00",120.89869286,24.69690679,25,
新竹,新竹市,45,,良好,0.8,1,0.19,0.2,2,8,12,20,6,11.2,13,14.9,1,0.6,61.0,"2025-11-24 05:00",120.97236752,24.8056356,24,
竹東,新竹縣,23,,良好,3.3,1,0.09,0.1,16,15,7,11,2,5.6,3,4,0.7,2.0,142.0,"2025-11-24 05:00",121.08895493,24.74091408,23,
湖口,新竹縣,53,細懸浮微粒,普通,1.2,1,0.18,0.2,15,15,21,22,12,13.4,6,7.3,0.7,0.5,115.0,"2025-11-24 05:00",121.03886894,24.90009696,22,
龍潭,桃園市,43,,良好,0.9,1,0.16,0.1,22,21,26,20,16,10.7,6,7.1,0.4,2.3,173.0,"2025-11-24 05:00",121.21645772,24.86400048,21,
平鎮,桃園市,48,,良好,0.4,0,0.24,0.2,7,19,23,21,9,12,15,17.2,1.3,0.3,199.0,"2025-11-24 05:00",121.203986,24.952786,20,
觀音,桃園市,60,細懸浮微粒,普通,0.7,1,0.21,0.1,10,23,13,27,13,15.8,11,12.7,1.1,0.2,243.0,"2025-11-24 05:00",121.08283092,25.03556747,19,
大園,桃園市,52,細懸浮微粒,普通,1.3,1,0.25,0.1,14,17,28,23,17,12.7,9,11.1,1.3,1.4,249.0,"2025-11-24 05:00",121.20251473,25.06100357,18,
桃園,桃園市,40,,良好,0.9,0,0.21,0.2,15,24,9,16,6,10,8,9.1,0.8,0.8,189.0,"2025-11-24 05:00",121.30500531,24.9947107,17,
大同,臺北市,52,細懸浮微粒,普通,1.6,1,0.34,0.4,21,17,14,18,10,12.9,12,14.4,2,-,-,"2025-11-24 05:00",121.51342074,25.06331455,16,
松山,臺北市,57,細懸浮微粒,普通,0.8,1,0.15,0.2,18,12,22,24,16,14.8,9,10.7,1.3,1.0,77.0,"2025-11-24 05:00",121.578611,25.05,15,
古亭,臺北市,40,,良好,1.2,1,0.16,0.2,23,24,15,17,9,10,6,6.8,0,1.1,210.0,"2025-11-24 05:00",121.529556,25.020608,14,
萬華,臺北市,50,,良好,0.9,1,0.21,0.2,23,22,17,21,8,12.4,8,9.6,0.8,1.2,172.0,"2025-11-24 05:00",121.507972,25.046503,13,
中山,臺北市,54,細懸浮微粒,普通,0.7,1,0.16,0.2,25,21,20,23,10,13.5,7,7.8,0.2,0.8,142.0,"2025-11-24 05:00",121.526528,25.062361,12,
士林,臺北市,40,,良好,1,1,0.17,0.1,24,33,12,17,11,10,9,9.8,0.7,0.8,151.0,"2025-11-24 05:00",121.51666356,25.10334003,11,
淡水,新北市,40,,良好,1.1,1,0.18,0.1,28,32,18,17,9,9.8,4,5.4,0.5,2.4,160.0,"2025-11-24 05:00",121.449239,25.1645,10,
林口,新北市,45,,良好,1,1,0.16,0.1,28,33,14,16,11,11.2,6,7.8,0.8,0.7,153.0,"2025-11-24 05:00",121.36548982,25.07798949,9,
菜寮,新北市,41,,良好,0.5,0,0.29,0.2,19,21,19,21,10,10.2,11,12.6,0.7,1.6,198.0,"2025-11-24 05:00",121.481028,25.06895,8,
新莊,新北市,47,,良好,0.4,0,0.22,0.2,18,23,20,24,13,11.7,10,11.4,0.7,1.5,165.0,"2025-11-24 05:00",121.4325,25.037972,7,
板橋,新北市,54,細懸浮微粒,普通,1.2,1,0.19,0.2,17,20,14,22,10,13.5,8,8.9,0.3,0.8,124.0,"2025-11-24 05:00",121.458667,25.012972,6,
土城,新北市,44,,良好,0.3,0,0.16,0.2,13,22,15,18,9,10.9,9,10.1,1,1.0,153.0,"2025-11-24 05:00",121.451861,24.982528,5,
新店,新北市,44,,良好,0.7,0,0.15,0.1,22,23,15,18,9,10.8,5,5.6,0.3,1.5,191.0,"2025-11-24 05:00",121.537778,24.977222,4,
汐止,新北市,60,細懸浮微粒,普通,1.4,1,0.17,0.3,8,4,24,22,17,15.7,16,18.2,2,1.0,71.0,"2025-11-24 05:00",121.64081,25.06624,2,
基隆,基隆市,48,,良好,0.8,1,0.26,0.3,6,4,17,19,10,12,7,7.8,0.4,0.4,280.0,"2025-11-24 05:00",121.760056,25.129167,1,
屏東(枋山),屏東縣,77,細懸浮微粒,普通,0.3,1,0.23,0.2,42,55,28,38,18,22.1,5,5.5,0.2,1.1,102.0,"2025-11-24 04:00",120.651472,22.260899,313,
臺南（南化）,臺南市,67,細懸浮微粒,普通,0.2,0,0.17,0.2,5,6,20,26,17,18.5,2,2.4,0.2,,140.0,"2025-11-24 04:00",120.44583156,23.04562013,312,
新北(樹林),新北市,42,,良好,0.4,0,0.14,0.2,18,23,6,14,9,10.5,4,5.4,0.6,0.0,22.0,"2025-11-24 04:00",121.38352778,24.94902778,311,
台中市（和平區）,臺中市,19,,良好,0.1,0,0.12,0.1,19,20,2,9,2,4.5,1,2,0.2,0.2,282.0,"2025-11-24 04:00",120.883858,24.174592,310,
屏東（琉球）,屏東縣,88,細懸浮微粒,普通,1.7,2,0.4,0.3,20,34,76,56,30,25.9,14,15.3,0.7,1.8,331.0,"2025-11-24 04:00",120.37722,22.35222,204,
南投（鹿谷）,南投縣,56,細懸浮微粒,普通,1.6,1,0.18,0.1,50,48,20,24,12,14.5,3,4,0.9,0.4,224.0,"2025-11-24 04:00",120.7944772,23.71867609,203,
高雄（湖內）,高雄市,91,細懸浮微粒,普通,1.2,1,0.3,0.3,12,18,63,61,29,27,15,16.5,1.3,1.0,74.0,"2025-11-24 04:00",120.24535,22.87985556,202,
宜蘭（三星）,宜蘭縣,24,,良好,1.1,1,0.08,0.1,13,14,7,11,4,5.9,0,0.3,0,2.9,263.0,"2025-11-24 04:00",121.6565272,24.6757916,201,
員林,彰化縣,95,細懸浮微粒,普通,1.5,1,0.31,0.3,16,17,49,49,31,28.4,7,8.3,1.3,1.2,34.0,"2025-11-24 04:00",120.5631893,23.9615945,139,
大城,彰化縣,89,細懸浮微粒,普通,1.6,1,0.28,0.2,7,26,75,52,39,26.5,9,11,1.5,1.5,56.0,"2025-11-24 04:00",120.26964167,23.85493056,85,
富貴角,新北市,48,,良好,0.9,0,0.09,0,38,40,44,29,13,11.2,1,1.8,0,4.1,93.0,"2025-11-24 04:00",121.53656894,25.29681695,84,
麥寮,雲林縣,77,細懸浮微粒,普通,1.3,1,0.34,0.2,6,28,64,51,31,22.1,8,9.9,1.3,0.6,72.0,"2025-11-24 04:00",120.251825,23.753506,83,
關山,臺東縣,43,,良好,0.5,0,0.1,0.1,15,23,18,20,8,10.7,1,2.6,0.7,0.3,44.0,"2025-11-24 04:00",121.161933,23.045083,80,
馬公,澎湖縣,64,細懸浮微粒,普通,0.1,0,0.14,0.1,45,52,33,38,15,17.4,1,2.1,0.3,2.2,17.0,"2025-11-24 04:00",119.566158,23.569031,78,
金門,金門縣,82,細懸浮微粒,普通,3.1,1,0.32,0.3,17,35,74,46,33,23.9,22,23.1,1,0.5,342.0,"2025-11-24 04:00",118.312256,24.432133,77,
馬祖,連江縣,68,細懸浮微粒,普通,1.7,0,0.44,0.2,47,58,33,31,20,18.7,5,6.9,1,2.4,340.0,"2025-11-24 04:00",119.952724,26.153736,75,
埔里,南投縣,69,細懸浮微粒,普通,1.1,0,0.22,0.3,11,15,15,21,16,19,3,5,1.4,0.3,19.0,"2025-11-24 04:00",120.967903,23.968842,72,
復興,高雄市,109,細懸浮微粒,對敏感族群不健康,1.6,2,0.34,0.4,18,17,75,64,42,33.7,13,14.8,1.1,0.9,102.0,"2025-11-24 04:00",120.312017,22.608711,71,
永和,新北市,53,細懸浮微粒,普通,0.4,0,0.21,0.2,21,23,19,21,13,13.1,8,8.9,0.6,0.8,115.0,"2025-11-24 04:00",121.516306,25.017,70,
竹山,南投縣,85,細懸浮微粒,普通,1.1,1,0.2,0.2,20,15,38,43,24,24.8,4,4.4,0.4,0.3,33.0,"2025-11-24 04:00",120.677306,23.756389,69,
中壢,桃園市,59,細懸浮微粒,普通,0.9,1,0.29,0.4,16,16,22,24,10,15.3,10,13.4,2.7,0.2,220.0,"2025-11-24 04:00",121.221667,24.953278,68,
三重,新北市,58,細懸浮微粒,普通,0.3,0,0.3,0.6,10,6,20,25,12,15.2,23,41.4,18.4,-,-,"2025-11-24 04:00",121.493806,25.072611,67,
冬山,宜蘭縣,40,,良好,1.1,0,0.16,0.1,9,15,21,24,9,9.8,3,5.5,1.7,1.2,322.0,"2025-11-24 04:00",121.792928,24.632203,66,
宜蘭,宜蘭縣,44,,良好,0.7,1,0.15,0.1,18,19,12,15,11,11,1,1.7,0.5,0.4,311.0,"2025-11-24 04:00",121.746394,24.747917,65,
陽明,臺北市,36,,良好,1.6,1,0.12,0.1,39,39,19,20,7,8.4,0,1.4,0.9,2.3,180.0,"2025-11-24 04:00",121.529583,25.182722,64,
花蓮,花蓮縣,31,,良好,0.9,0,0.12,0.1,16,17,18,17,13,7.7,0,0.6,0,1.3,235.0,"2025-11-24 04:00",121.599769,23.971306,63,
臺東,臺東縣,35,,良好,1.3,1,0.11,0.1,27,31,28,21,8,8.7,1,2.2,0.9,2.2,316.0,"2025-11-24 04:00",121.15045,22.755358,62,
恆春,屏東縣,38,,良好,0.7,0,0.12,0.1,38,39,14,17,10,9.5,0,2.2,1.5,4.4,339.0,"2025-11-24 04:00",120.788928,21.958069,61,
潮州,屏東縣,114,細懸浮微粒,對敏感族群不健康,0.8,2,0.45,0.4,12,25,56,56,36,35.6,6,8.4,1.4,0.9,30.0,"2025-11-24 04:00",120.561175,22.523108,60,
屏東,屏東縣,88,細懸浮微粒,普通,0.5,1,0.25,0.3,16,26,44,50,24,26,6,6.4,0,1.3,350.0,"2025-11-24 04:00",120.488033,22.673081,59,
小港,高雄市,102,細懸浮微粒,對敏感族群不健康,0.7,2,0.34,0.4,14,16,71,71,37,30.8,17,17.8,0.7,0.9,315.0,"2025-11-24 04:00",120.337736,22.565833,58,
前鎮,高雄市,101,細懸浮微粒,對敏感族群不健康,1.7,3,0.36,0.4,18,16,82,72,37,30.7,12,13.1,0.7,1.6,12.0,"2025-11-24 04:00",120.30833356,22.6044507,57,
前金,高雄市,92,懸浮微粒,普通,1.3,1,0.36,0.3,16,21,68,68,,,16,17.3,0.7,2.2,348.0,"2025-11-24 04:00",120.28676111,22.63390278,56,
左營,高雄市,92,細懸浮微粒,普通,1.6,1,0.34,0.3,13,19,68,60,35,27.5,17,17.8,0.8,0.8,350.0,"2025-11-24 04:00",120.292917,22.674861,54,
楠梓,高雄市,84,細懸浮微粒,普通,1,1,0.27,0.2,15,20,57,59,26,24.4,9,10.3,0.6,1.2,38.0,"2025-11-24 04:00",120.328289,22.733667,53,
林園,高雄市,107,細懸浮微粒,對敏感族群不健康,1.7,2,0.38,0.3,21,25,69,70,36,33,,,,1.8,350.0,"2025-11-24 04:00",120.41175,22.4795,52,
大寮,高雄市,102,細懸浮微粒,對敏感族群不健康,1,3,0.3,0.3,12,18,59,58,32,30.8,10,11.8,0.9,1.2,326.0,"2025-11-24 04:00",120.425311,22.56413611,51,
鳳山,高雄市,106,細懸浮微粒,對敏感族群不健康,2,2,0.39,0.4,19,18,61,58,35,32.5,11,12.3,0.8,0.8,270.0,"2025-11-24 04:00",120.357422,22.628126,50,
仁武,高雄市,86,細懸浮微粒,普通,2.2,1,0.28,0.3,17,18,56,55,24,25.3,10,11.9,1.2,0.4,342.0,"2025-11-24 04:00",120.332631,22.689056,49,
橋頭,高雄市,83,細懸浮微粒,普通,1.6,1,0.27,0.2,16,21,49,58,26,24.3,9,10.5,0.9,1.1,75.0,"2025-11-24 04:00",120.305689,22.757506,48,
美濃,高雄市,76,細懸浮微粒,普通,0.9,1,0.28,0.2,9,22,32,36,20,21.6,7,7.7,0.7,0.6,76.0,"2025-11-24 04:00",120.530542,22.883583,47,
臺南,臺南市,74,懸浮微粒,普通,1.2,2,0.23,0.2,25,32,48,52,15,15.7,9,10.4,1.3,0.6,31.0,"2025-11-24 04:00",120.21947897,22.98928311,46,
安南,臺南市,81,細懸浮微粒,普通,0.2,0,0.32,0.2,13,28,54,48,29,23.5,13,14.4,0.8,1.0,42.0,"2025-11-24 04:00",120.2175,23.048197,45,
善化,臺南市,82,細懸浮微粒,普通,1.2,2,0.3,0.2,0,14,40,47,27,23.7,11,13.9,2.7,0.2,57.0,"2025-11-24 04:00",120.29740529,23.11337642,44,
新營,臺南市,79,細懸浮微粒,普通,0.8,1,0.31,0.2,12,20,39,49,28,22.7,8,9.3,0.5,0.5,153.0,"2025-11-24 04:00",120.31725,23.305633,43,
嘉義,嘉義市,91,細懸浮微粒,普通,1.7,1,0.31,0.3,22,20,63,61,33,27,4,4.8,0.5,0.9,115.0,"2025-11-24 04:00",120.44125148,23.46477865,42,
臺西,雲林縣,69,細懸浮微粒,普通,0.6,1,0.29,0.2,12,33,59,45,26,19.2,6,8.7,1.8,0.4,45.0,"2025-11-24 04:00",120.19933333,23.702175,41,
朴子,嘉義縣,63,細懸浮微粒,普通,0.4,0,0.2,0.1,13,24,42,38,22,16.8,8,8.9,0.7,0.6,143.0,"2025-11-24 04:00",120.2478,23.46538,40,
新港,嘉義縣,79,細懸浮微粒,普通,1.7,2,0.34,0.2,10,16,62,54,30,22.7,10,11.2,0.6,1.4,123.0,"2025-11-24 04:00",120.345531,23.554839,39,
崙背,雲林縣,84,細懸浮微粒,普通,0.8,1,0.41,0.4,3,15,66,53,32,24.5,12,14.8,2.3,0.8,61.0,"2025-11-24 04:00",120.348742,23.757547,38,
斗六,雲林縣,106,細懸浮微粒,對敏感族群不健康,1,1,0.26,0.3,28,22,63,66,34,32.5,4,5.7,0.9,1.5,100.0,"2025-11-24 04:00",120.544994,23.711853,37,
南投,南投縣,73,細懸浮微粒,普通,0.4,,0.18,0.2,12,9,24,32,21,20.4,4,4.8,0,0.7,208.0,"2025-11-24 04:00",120.685306,23.913,36,
二林,彰化縣,76,細懸浮微粒,普通,1,1,0.33,0.2,7,16,65,50,30,21.7,10,11.8,1.1,0.8,62.0,"2025-11-24 04:00",120.409653,23.925175,35,
線西,彰化縣,67,細懸浮微粒,普通,0.7,2,0.35,0.2,3,19,36,40,22,18.3,16,16.1,0,1.2,88.0,"2025-11-24 04:00",120.469061,24.131672,34,
彰化,彰化縣,81,細懸浮微粒,普通,0.9,0,0.31,0.3,11,14,47,42,29,23.3,8,9.4,0.8,0.5,29.0,"2025-11-24 04:00",120.541519,24.066,33,
西屯,臺中市,77,細懸浮微粒,普通,1.1,1,0.37,0.3,3,13,53,41,26,22.1,17,17.3,0,0.2,106.0,"2025-11-24 04:00",120.616917,24.162197,32,
忠明,臺中市,75,細懸浮微粒,普通,1,1,0.38,0.4,10,14,39,37,25,21.2,13,14.2,1,0.4,118.0,"2025-11-24 04:00",120.641092,24.151958,31,
大里,臺中市,75,細懸浮微粒,普通,1,0,0.34,0.4,5,8,34,43,16,21.3,7,9,1.3,0.9,126.0,"2025-11-24 04:00",120.67844444,24.09961111,30,
沙鹿,臺中市,85,細懸浮微粒,普通,1,1,0.35,0.3,14,16,48,42,31,25,13,12.7,0,0.7,123.0,"2025-11-24 04:00",120.568794,24.225628,29,
豐原,臺中市,56,細懸浮微粒,普通,0.5,2,0.22,0.2,6,10,12,23,9,14.2,6,6.7,0.2,0.3,39.0,"2025-11-24 04:00",120.74252414,24.25699731,28,
三義,苗栗縣,58,細懸浮微粒,普通,0.8,1,0.24,0.2,30,20,36,26,21,15.2,3,4.2,0.4,1.3,194.0,"2025-11-24 04:00",120.75956754,24.38248443,27,
苗栗,苗栗縣,58,細懸浮微粒,普通,1.2,1,0.18,0.2,10,12,15,22,13,15.2,5,6.3,0.9,0.8,135.0,"2025-11-24 04:00",120.82011468,24.56499183,26,
頭份,苗栗縣,53,細懸浮微粒,普通,1,1,0.15,0.2,9,10,18,24,11,13.3,4,6.4,1.7,1.5,117.0,"2025-11-24 04:00",120.89869286,24.69690679,25,
新竹,新竹市,50,,良好,0.9,1,0.21,0.3,4,11,16,22,10,12.4,16,17.2,1,0.3,127.0,"2025-11-24 04:00",120.97236752,24.8056356,24,
竹東,新竹縣,27,,良好,3,1,0.1,0.1,14,15,10,13,3,6.7,3,4.2,0.7,1.7,150.0,"2025-11-24 04:00",121.08895493,24.74091408,23,
湖口,新竹縣,56,細懸浮微粒,普通,1.3,1,0.18,0.2,12,17,18,22,9,14.4,8,9.7,0.7,0.9,122.0,"2025-11-24 04:00",121.03886894,24.90009696,22,
龍潭,桃園市,40,,良好,0.8,1,0.13,0.2,14,21,16,19,6,10,8,8.6,0.6,1.3,214.0,"2025-11-24 04:00",121.21645772,24.86400048,21,
平鎮,桃園市,49,,良好,0.4,0,0.22,0.2,15,21,15,21,12,12.1,12,13.5,1,0.5,199.0,"2025-11-24 04:00",121.203986,24.952786,20,
觀音,桃園市,61,細懸浮微粒,普通,1.2,1,0.19,0.1,10,26,19,30,15,16,12,13.8,1,1.0,245.0,"2025-11-24 04:00",121.08283092,25.03556747,19,
大園,桃園市,48,,良好,1.7,1,0.18,0.1,18,19,21,25,13,12,12,13.8,1.5,2.9,214.0,"2025-11-24 04:00",121.20251473,25.06100357,18,
桃園,桃園市,45,,良好,1,0,0.2,0.2,20,25,16,18,8,11.1,7,8.3,0.8,0.7,195.0,"2025-11-24 04:00",121.30500531,24.9947107,17,
大同,臺北市,54,細懸浮微粒,普通,1.6,1,0.25,0.4,23,15,19,20,9,13.7,9,10.4,1.2,-,-,"2025-11-24 04:00",121.51342074,25.06331455,16,
松山,臺北市,57,細懸浮微粒,普通,1,1,0.17,0.2,17,11,20,25,15,14.6,10,11.8,1.2,1.0,62.0,"2025-11-24 04:00",121.578611,25.05,15,
古亭,臺北市,42,,良好,1.4,1,0.17,0.2,24,23,16,18,9,10.5,7,8.2,0.3,0.5,118.0,"2025-11-24 04:00",121.529556,25.020608,14,
萬華,臺北市,52,細懸浮微粒,普通,1.1,1,0.2,0.2,26,21,21,22,11,13,8,9.6,1,1.3,110.0,"2025-11-24 04:00",121.507972,25.046503,13,
中山,臺北市,56,細懸浮微粒,普通,0.7,1,0.18,0.2,25,20,21,25,13,14.2,8,8.4,0.2,1.7,135.0,"2025-11-24 04:00",121.526528,25.062361,12,
士林,臺北市,43,,良好,1.2,1,0.13,0.1,33,34,12,18,8,10.6,3,4.2,0.8,0.8,229.0,"2025-11-24 04:00",121.51666356,25.10334003,11,
淡水,新北市,40,,良好,1.2,1,0.15,0.1,34,31,12,17,7,9.9,1,1.9,0.3,0.9,340.0,"2025-11-24 04:00",121.449239,25.1645,10,
林口,新北市,45,,良好,0.9,1,0.12,0.1,37,34,12,17,15,11.2,1,2.3,0.7,1.8,105.0,"2025-11-24 04:00",121.36548982,25.07798949,9,
菜寮,新北市,42,,良好,0.4,0,0.24,0.3,24,20,19,22,7,10.4,10,11.1,0.7,0.4,93.0,"2025-11-24 04:00",121.481028,25.06895,8,
新莊,新北市,45,,良好,0.3,0,0.21,0.2,22,25,23,25,11,11.2,11,11.9,0.8,0.5,97.0,"2025-11-24 04:00",121.4325,25.037972,7,
板橋,新北市,54,細懸浮微粒,普通,1.2,1,0.23,0.3,24,21,18,23,9,13.6,9,10.4,0.4,0.8,105.0,"2025-11-24 04:00",121.458667,25.012972,6,
土城,新北市,47,,良好,0.3,0,0.16,0.2,23,23,18,20,7,11.7,5,5.8,0.8,1.0,201.0,"2025-11-24 04:00",121.451861,24.982528,5,
新店,新北市,45,,良好,0.7,0,0.18,0.2,21,23,17,18,6,11.2,7,7.6,0.3,0.5,137.0,"2025-11-24 04:00",121.537778,24.977222,4,
汐止,新北市,61,細懸浮微粒,普通,1.3,1,0.18,0.3,9,3,17,23,12,16,14,16.4,1.6,1.2,62.0,"2025-11-24 04:00",121.64081,25.06624,2,
基隆,基隆市,49,,良好,0.9,1,0.25,0.3,9,3,16,20,13,12.1,6,6.8,0.2,0.2,0.0,"2025-11-24 04:00",121.760056,25.129167,1,
屏東(枋山),屏東縣,81,細懸浮微粒,普通,0.4,1,0.23,0.2,49,59,32,41,17,23.5,5,5.3,0.2,0.8,68.0,"2025-11-24 03:00",120.651472,22.260899,313,
臺南（南化）,臺南市,67,細懸浮微粒,普通,0.4,0,0.19,0.2,5,9,23,27,18,18.4,2,2.9,0.5,,303.0,"2025-11-24 03:00",120.44583156,23.04562013,312,
新北(樹林),新北市,43,,良好,0.4,0,0.16,0.2,17,25,7,16,8,10.7,6,6.8,0.6,0.6,120.0,"2025-11-24 03:00",121.38352778,24.94902778,311,
台中市（和平區）,臺中市,21,,良好,0.1,0,0.12,0.1,19,20,4,11,0,5.2,1,1.8,0,,111.0,"2025-11-24 03:00",120.883858,24.174592,310,
屏東（琉球）,屏東縣,85,細懸浮微粒,普通,1.4,2,0.4,0.3,22,38,62,51,28,25,13,14.6,0.6,1.2,347.0,"2025-11-24 03:00",120.37722,22.35222,204,
南投（鹿谷）,南投縣,57,細懸浮微粒,普通,1.6,1,0.2,0.1,52,48,28,25,17,14.6,3,4.5,1.1,0.6,194.0,"2025-11-24 03:00",120.7944772,23.71867609,203,
高雄（湖內）,高雄市,89,細懸浮微粒,普通,0.8,1,0.31,0.3,13,21,66,60,28,26.4,14,15.1,0.8,0.3,39.0,"2025-11-24 03:00",120.24535,22.87985556,202,
宜蘭（三星）,宜蘭縣,27,,良好,1,1,0.08,0.1,13,14,8,13,1,6.8,0,0.4,0,1.4,255.0,"2025-11-24 03:00",121.6565272,24.6757916,201,
員林,彰化縣,93,細懸浮微粒,普通,1.5,1,0.31,0.3,15,19,50,49,32,28,8,9.6,1.4,0.6,263.0,"2025-11-24 03:00",120.5631893,23.9615945,139,
大城,彰化縣,79,細懸浮微粒,普通,1.9,1,0.27,0.2,11,32,54,48,32,22.6,8,9.1,1,1.3,55.0,"2025-11-24 03:00",120.26964167,23.85493056,85,
富貴角,新北市,45,,良好,1.8,0,0.08,0,40,40,26,27,10,10.9,2,2,0,3.5,97.0,"2025-11-24 03:00",121.53656894,25.29681695,84,
麥寮,雲林縣,72,懸浮微粒,普通,1.4,1,0.26,0.1,14,33,53,50,25,19.5,7,7.5,0.3,0.8,31.0,"2025-11-24 03:00",120.251825,23.753506,83,
關山,臺東縣,44,,良好,0.5,0,0.11,0.1,18,25,20,19,12,10.9,2,3.3,0.6,0.6,351.0,"2025-11-24 03:00",121.161933,23.045083,80,
馬公,澎湖縣,67,細懸浮微粒,普通,0,0,0.14,0.1,47,54,36,39,19,18.2,1,2,0.6,2.7,15.0,"2025-11-24 03:00",119.566158,23.569031,78,
金門,金門縣,77,細懸浮微粒,普通,1.9,1,0.32,0.3,23,38,49,39,24,22,17,17.8,0.4,1.0,14.0,"2025-11-24 03:00",118.312256,24.432133,77,
馬祖,連江縣,71,臭氧八小時,普通,1,0,0.23,0.1,53,61,19,31,17,18.2,3,4.4,0.8,2.2,339.0,"2025-11-24 03:00",119.952724,26.153736,75,
埔里,南投縣,68,細懸浮微粒,普通,1,0,0.23,0.3,11,17,17,23,16,18.7,3,5.4,1.4,1.1,154.0,"2025-11-24 03:00",120.967903,23.968842,72,
復興,高雄市,105,細懸浮微粒,對敏感族群不健康,1.3,2,0.32,0.4,19,19,67,62,38,32.1,12,13.9,1,1.0,285.0,"2025-11-24 03:00",120.312017,22.608711,71,
永和,新北市,52,細懸浮微粒,普通,0.5,0,0.28,0.3,21,24,20,21,12,12.7,10,11.1,1.1,0.5,113.0,"2025-11-24 03:00",121.516306,25.017,70,
竹山,南投縣,86,細懸浮微粒,普通,1,1,0.23,0.2,23,16,48,43,29,25.2,4,5.1,0.4,1.3,109.0,"2025-11-24 03:00",120.677306,23.756389,69,
中壢,桃園市,62,細懸浮微粒,普通,0.9,1,0.43,0.5,16,16,22,25,17,16.4,12,14.4,2.2,0.2,241.0,"2025-11-24 03:00",121.221667,24.953278,68,
三重,新北市,61,細懸浮微粒,普通,0.3,0,0.38,0.7,7,5,27,26,13,16,28,50.2,21.3,-,-,"2025-11-24 03:00",121.493806,25.072611,67,
冬山,宜蘭縣,40,,良好,0.9,0,0.15,0.1,11,16,24,24,8,10,2,3.4,1,0.5,277.0,"2025-11-24 03:00",121.792928,24.632203,66,
宜蘭,宜蘭縣,44,,良好,0.7,1,0.14,0.2,19,18,15,17,11,10.8,1,1.5,0.4,0.2,209.0,"2025-11-24 03:00",121.746394,24.747917,65,
陽明,臺北市,36,,良好,1.6,1,0.12,0.1,38,39,17,19,8,8.7,0,1.4,1,2.3,160.0,"2025-11-24 03:00",121.529583,25.182722,64,
花蓮,花蓮縣,30,,良好,0.8,0,0.13,0.2,17,18,13,18,4,7.2,0,0.6,0,2.2,226.0,"2025-11-24 03:00",121.599769,23.971306,63,
臺東,臺東縣,35,,良好,1.3,1,0.11,0.1,30,32,18,19,10,8.8,1,2.1,0.7,2.0,314.0,"2025-11-24 03:00",121.15045,22.755358,62,
恆春,屏東縣,39,,良好,0.6,0,0.12,0.1,39,40,20,18,7,9.6,0,2.4,1.6,4.9,347.0,"2025-11-24 03:00",120.788928,21.958069,61,
潮州,屏東縣,114,細懸浮微粒,對敏感族群不健康,0.8,2,0.46,0.4,12,29,61,56,39,35.6,7,8.4,1.3,0.7,90.0,"2025-11-24 03:00",120.561175,22.523108,60,
屏東,屏東縣,90,細懸浮微粒,普通,0.6,1,0.26,0.3,23,29,38,55,28,26.9,6,6.9,0,1.4,342.0,"2025-11-24 03:00",120.488033,22.673081,59,
小港,高雄市,99,細懸浮微粒,普通,0.7,2,0.4,0.4,9,20,82,71,35,29.9,22,24,1.1,1.0,334.0,"2025-11-24 03:00",120.337736,22.565833,58,
前鎮,高雄市,97,細懸浮微粒,普通,1.5,3,0.34,0.5,20,19,72,69,31,29.2,11,12.4,0.9,1.5,13.0,"2025-11-24 03:00",120.30833356,22.6044507,57,
前金,高雄市,91,懸浮微粒,普通,1.1,1,0.4,0.3,14,23,72,67,,,16,16.6,0.4,2.2,349.0,"2025-11-24 03:00",120.28676111,22.63390278,56,
左營,高雄市,88,細懸浮微粒,普通,1.4,1,0.39,0.3,17,21,59,59,27,26.1,11,12.4,0.6,0.9,355.0,"2025-11-24 03:00",120.292917,22.674861,54,
楠梓,高雄市,83,細懸浮微粒,普通,1.1,1,0.29,0.3,14,22,59,59,22,24.2,11,12,0.5,0.3,10.0,"2025-11-24 03:00",120.328289,22.733667,53,
林園,高雄市,108,細懸浮微粒,對敏感族群不健康,1.3,2,0.34,0.3,17,29,75,71,30,33.2,13,13.2,0,1.4,15.0,"2025-11-24 03:00",120.41175,22.4795,52,
大寮,高雄市,102,細懸浮微粒,對敏感族群不健康,1,3,0.39,0.3,13,22,61,58,33,31,10,11.8,0.9,1.2,331.0,"2025-11-24 03:00",120.425311,22.56413611,51,
鳳山,高雄市,104,細懸浮微粒,對敏感族群不健康,2.6,2,0.33,0.4,10,20,64,58,36,31.9,19,20,1,0.7,277.0,"2025-11-24 03:00",120.357422,22.628126,50,
仁武,高雄市,86,細懸浮微粒,普通,2,1,0.29,0.3,17,19,55,55,29,25.2,11,12.3,1.1,1.3,330.0,"2025-11-24 03:00",120.332631,22.689056,49,
橋頭,高雄市,83,細懸浮微粒,普通,1.9,1,0.29,0.3,19,22,59,59,25,24.3,10,11.6,0.8,1.7,16.0,"2025-11-24 03:00",120.305689,22.757506,48,
美濃,高雄市,78,細懸浮微粒,普通,0.9,1,0.3,0.2,14,26,29,37,19,22.3,5,6.2,0.7,0.3,230.0,"2025-11-24 03:00",120.530542,22.883583,47,
臺南,臺南市,74,懸浮微粒,普通,0.9,2,0.18,0.2,32,34,49,52,15,16,6,7.9,1.5,0.4,20.0,"2025-11-24 03:00",120.21947897,22.98928311,46,
安南,臺南市,76,細懸浮微粒,普通,0.3,0,0.24,0.2,25,32,40,46,18,21.7,9,9.9,0.2,0.3,34.0,"2025-11-24 03:00",120.2175,23.048197,45,
善化,臺南市,78,細懸浮微粒,普通,1.1,2,0.33,0.2,2,18,41,48,23,22.3,13,15.3,1.9,0.2,88.0,"2025-11-24 03:00",120.29740529,23.11337642,44,
新營,臺南市,73,細懸浮微粒,普通,0.8,1,0.32,0.2,9,23,51,50,25,20.7,9,10.4,0.4,0.7,101.0,"2025-11-24 03:00",120.31725,23.305633,43,
嘉義,嘉義市,85,細懸浮微粒,普通,1.8,1,0.28,0.3,24,21,75,59,33,25,5,6.5,0.6,1.0,124.0,"2025-11-24 03:00",120.44125148,23.46477865,42,
臺西,雲林縣,63,細懸浮微粒,普通,1,1,0.27,0.2,17,38,53,42,23,17,8,9.9,1.8,0.4,40.0,"2025-11-24 03:00",120.19933333,23.702175,41,
朴子,嘉義縣,59,細懸浮微粒,普通,0.3,0,0.17,0.1,17,27,33,38,16,15.3,6,6.8,0.7,0.7,143.0,"2025-11-24 03:00",120.2478,23.46538,40,
新港,嘉義縣,74,細懸浮微粒,普通,1.4,2,0.33,0.2,6,19,57,52,22,21,13,14.2,0.6,1.3,153.0,"2025-11-24 03:00",120.345531,23.554839,39,
崙背,雲林縣,78,細懸浮微粒,普通,0.6,1,0.39,0.3,6,18,55,50,25,22.3,9,11.1,1.4,0.9,84.0,"2025-11-24 03:00",120.348742,23.757547,38,
斗六,雲林縣,104,細懸浮微粒,對敏感族群不健康,1.1,1,0.31,0.3,23,23,62,66,38,31.6,6,7.4,0.7,1.1,149.0,"2025-11-24 03:00",120.544994,23.711853,37,
南投,南投縣,72,細懸浮微粒,普通,0.4,,0.22,0.2,8,12,29,34,18,20.2,6,6.3,0,0.6,142.0,"2025-11-24 03:00",120.685306,23.913,36,
二林,彰化縣,71,細懸浮微粒,普通,0.8,1,0.34,0.2,5,20,61,46,28,19.8,9,10,0.7,1.1,94.0,"2025-11-24 03:00",120.409653,23.925175,35,
線西,彰化縣,66,細懸浮微粒,普通,0.8,2,0.32,0.2,9,25,40,40,22,17.9,13,13.4,0.3,0.3,278.0,"2025-11-24 03:00",120.469061,24.131672,34,
